time,LWup,Qh,Qle,Qtau,case
2005-01-02 00:30:00,363.25967,32.669,15.301,0.11212146,obs
2005-01-02 01:00:00,361.86835,28.988,14.888,0.14039738,obs
2005-01-02 01:30:00,361.679,25.011,4.985,0.13577403,obs
2005-01-02 02:00:00,361.89932,24.748,8.458,0.14317793,obs
2005-01-02 02:30:00,361.63968,22.849,7.833,0.13005319,obs
2005-01-02 03:00:00,361.24133,13.028,4.383,0.089006364,obs
2005-01-02 03:30:00,362.23532,11.59,5.499,0.16945006,obs
2005-01-02 04:00:00,362.93332,11.939,0.311,0.17919326,obs
2005-01-02 04:30:00,362.34134,16.522,1.129,0.11463738,obs
2005-01-02 05:00:00,361.80066,12.969,2.83,0.14881535,obs
2005-01-02 05:30:00,362.03134,12.544,4.775,0.15374821,obs
2005-01-02 06:00:00,363.08368,4.909,-4.86,0.18699834,obs
2005-01-02 06:30:00,362.87668,12.532,2.434,0.34719238,obs
2005-01-02 07:00:00,363.449,22.158,-11.643,0.2206897,obs
2005-01-02 07:30:00,364.75867,5.54,-3.743,0.12532428,obs
2005-01-02 08:00:00,365.502,10.897,4.321,0.13566484,obs
2005-01-02 08:30:00,367.30167,20.02,-0.883,0.20211458,obs
2005-01-02 09:00:00,368.70932,25.933,16.393,0.21513036,obs
2005-01-02 09:30:00,370.92267,33.372,4.707,0.21765237,obs
2005-01-02 10:00:00,374.76767,34.58,6.385,0.20468326,obs
2005-01-02 10:30:00,378.489,64.65,13.413,0.32036814,obs
2005-01-02 11:00:00,384.415,70.143,28.117,0.26393813,obs
2005-01-02 11:30:00,388.99466,72.663,23.316,0.27642018,obs
2005-01-02 12:00:00,385.542,54.043,28.325,0.2975289,obs
2005-01-02 12:30:00,378.55,37.991,,0.3104664,obs
2005-01-02 13:00:00,378.528,52.11,,0.17811915,obs
2005-01-02 13:30:00,379.30832,52.722,,0.22909069,obs
2005-01-02 14:00:00,379.04166,37.351,23.513,0.15733954,obs
2005-01-02 14:30:00,377.483,41.59,36.921,0.28738952,obs
2005-01-02 15:00:00,375.67065,25.161,26.319,0.25038132,obs
2005-01-02 15:30:00,372.56,44.401,35.393,0.42581102,obs
2005-01-02 16:00:00,367.22968,39.479,,0.2499331,obs
2005-01-02 16:30:00,362.46634,26.788,-0.448,0.2569532,obs
2005-01-02 17:00:00,362.97833,33.774,-5.57,0.3663487,obs
2005-01-02 17:30:00,359.84534,48.483,,0.33987585,obs
2005-01-02 18:00:00,359.29767,13.86,,0.1605898,obs
2005-01-02 18:30:00,358.12134,12.16,,0.17220736,obs
2005-01-02 19:00:00,356.36066,23.735,16.413,0.14194243,obs
2005-01-02 19:30:00,356.99966,27.238,22.098,0.16265854,obs
2005-01-02 20:00:00,357.43066,33.321,16.352,0.18407398,obs
2005-01-02 20:30:00,357.642,51.575,,0.22160983,obs
2005-01-02 21:00:00,357.123,19.7,17.052,0.16472852,obs
2005-01-02 21:30:00,356.46167,24.785,14.452,0.1404073,obs
2005-01-02 22:00:00,356.56732,32.098,6.877,0.13441877,obs
2005-01-02 22:30:00,355.62668,21.537,7.512,0.14700429,obs
2005-01-02 23:00:00,351.089,18.554,3.991,0.15375894,obs
2005-01-02 23:30:00,348.678,24.343,4.984,0.14468016,obs
2005-01-03 00:00:00,347.05667,23.9,7.213,0.14458546,obs
2005-01-03 00:30:00,345.23468,14.188,3.895,0.15618084,obs
2005-01-03 01:00:00,344.88165,28.641,6.249,0.24427311,obs
2005-01-03 01:30:00,346.31067,8.502,5.773,0.10099539,obs
2005-01-03 02:00:00,342.97134,25.855,1.552,0.100360885,obs
2005-01-03 02:30:00,340.94034,23.231,2.055,0.09583223,obs
2005-01-03 03:00:00,339.596,32.943,0.766,0.08928978,obs
2005-01-03 03:30:00,338.47433,19.456,-1.505,0.064752035,obs
2005-01-03 04:00:00,337.526,42.908,-1.422,0.107320234,obs
2005-01-03 04:30:00,336.243,43.532,,0.045230966,obs
2005-01-03 05:00:00,336.77,32.383,,0.031777207,obs
2005-01-03 05:30:00,338.92065,45.183,-21.304,0.049765814,obs
2005-01-03 06:00:00,340.311,40.367,-18.99,0.018426526,obs
2005-01-03 06:30:00,340.113,59.915,-18.071,0.018896336,obs
2005-01-03 07:00:00,339.165,70.853,-23.521,0.030114127,obs
2005-01-03 07:30:00,339.67233,41.619,-4.652,0.0056017665,obs
2005-01-03 08:00:00,341.27432,140.219,-24.856,0.050031357,obs
2005-01-03 08:30:00,342.45334,80.324,-28.145,0.0020154763,obs
2005-01-03 09:00:00,343.83267,132.259,,0.024810528,obs
2005-01-03 09:30:00,346.527,125.97,,0.015394297,obs
2005-01-03 10:00:00,349.20868,150.644,0.964,0.05194994,obs
2005-01-03 10:30:00,352.46768,151.538,5.238,0.060745843,obs
2005-01-03 11:00:00,354.01334,85.589,7.99,0.033843532,obs
2005-01-03 11:30:00,361.14734,130.927,14.76,0.035863888,obs
2005-01-03 12:00:00,364.17166,114.765,17.203,0.0320334,obs
2005-01-03 12:30:00,370.619,164.059,20.434,0.012390704,obs
2005-01-03 13:00:00,372.934,186.993,37.576,0.03857199,obs
2005-01-03 13:30:00,377.26666,140.571,46.409,0.008818248,obs
2005-01-03 14:00:00,376.901,119.45,70.952,0.02693425,obs
2005-01-03 14:30:00,371.39966,168.475,35.626,0.12520148,obs
2005-01-03 15:00:00,367.84668,104.137,29.146,0.047589064,obs
2005-01-03 15:30:00,363.55334,63.205,27.57,0.04017303,obs
2005-01-03 16:00:00,357.404,77.012,29.917,0.09086629,obs
2005-01-03 16:30:00,352.555,45.421,22.304,0.060705878,obs
2005-01-03 17:00:00,348.33368,11.513,9.178,0.031384885,obs
2005-01-03 17:30:00,346.2,21.187,10.879,0.057592995,obs
2005-01-03 18:00:00,344.69766,31.341,13.002,0.067731276,obs
2005-01-03 18:30:00,343.003,35.71,9.143,0.031949066,obs
2005-01-03 19:00:00,341.86865,22.184,19.703,0.006480143,obs
2005-01-03 19:30:00,340.642,20.634,16.472,0.012222399,obs
2005-01-03 20:00:00,339.43,31.737,36.88,0.013822751,obs
2005-01-03 20:30:00,338.507,19.395,23.222,0.011440379,obs
2005-01-03 21:00:00,335.15332,-9.831,1.934,0.010474773,obs
2005-01-03 21:30:00,333.36932,4.505,3.717,0.011194745,obs
2005-01-03 22:00:00,332.93967,16.547,5.102,0.0056215273,obs
2005-01-03 22:30:00,331.99567,10.748,6.124,0.003491551,obs
2005-01-03 23:00:00,332.03534,22.466,3.385,0.009421155,obs
2005-01-03 23:30:00,332.103,86.382,1.883,0.016159683,obs
2005-01-04 00:00:00,330.01468,38.165,0.244,0.005486738,obs
2005-01-04 00:30:00,327.482,11.685,1.2,0.010076929,obs
2005-01-04 01:00:00,325.45166,2.568,0.091,0.010059711,obs
2005-01-04 01:30:00,323.95468,20.331,0.083,0.023952747,obs
2005-01-04 02:00:00,322.30966,28.388,0.286,0.024187101,obs
2005-01-04 02:30:00,321.38834,21.821,1.754,0.023913397,obs
2005-01-04 03:00:00,319.106,13.94,6.919,0.015759658,obs
2005-01-04 03:30:00,318.549,47.277,,0.008356963,obs
2005-01-04 04:00:00,319.25766,14.332,,0.008695367,obs
2005-01-04 04:30:00,319.17465,119.928,9.99,0.020303983,obs
2005-01-04 05:00:00,316.59668,62.891,-40.857,0.009680408,obs
2005-01-04 05:30:00,316.12234,33.322,-1.143,0.013662715,obs
2005-01-04 06:00:00,316.65732,43.288,4.215,0.019542936,obs
2005-01-04 06:30:00,316.39465,7.501,-6.293,0.0010575264,obs
2005-01-04 07:00:00,315.078,11.188,,0.0014261848,obs
2005-01-04 07:30:00,314.62534,70.962,,0.00740833,obs
2005-01-04 08:00:00,316.00665,79.542,,0.03179163,obs
2005-01-04 08:30:00,318.049,73.534,5.166,0.026946975,obs
2005-01-04 09:00:00,323.38333,135.146,4.671,0.019293295,obs
2005-01-04 09:30:00,328.198,147.97,21.65,0.015372151,obs
2005-01-04 10:00:00,331.94766,73.331,10.973,0.008192963,obs
2005-01-04 10:30:00,337.458,189.551,21.514,0.010065659,obs
2005-01-04 11:00:00,344.034,135.756,20.117,0.035890706,obs
2005-01-04 11:30:00,352.792,120.833,40.601,0.069808125,obs
2005-01-04 12:00:00,360.00967,67.711,20.418,0.05632951,obs
2005-01-04 12:30:00,365.19766,106.819,35.92,0.116033524,obs
2005-01-04 13:00:00,370.751,93.448,35.736,0.08602257,obs
2005-01-04 13:30:00,373.40668,76.941,24.373,0.14446393,obs
2005-01-04 14:00:00,375.62,116.011,43.402,0.11657451,obs
2005-01-04 14:30:00,377.036,164.528,26.81,0.07955923,obs
2005-01-04 15:00:00,371.724,119.263,28.107,0.016268747,obs
2005-01-04 15:30:00,365.838,60.094,17.058,0.06765766,obs
2005-01-04 16:00:00,359.063,46.492,16.153,0.05605486,obs
2005-01-04 16:30:00,353.718,41.488,9.702,0.049044494,obs
2005-01-04 17:00:00,349.871,28.38,23.168,0.033533867,obs
2005-01-04 17:30:00,347.994,41.893,10.309,0.019474782,obs
2005-01-04 18:00:00,346.607,18.509,12.654,0.004681176,obs
2005-01-04 18:30:00,345.609,55.328,30.407,0.013745955,obs
2005-01-04 19:00:00,343.92767,1.359,0.862,0.00038113544,obs
2005-01-04 19:30:00,341.61566,-10.794,3.747,0.011688372,obs
2005-01-04 20:00:00,340.237,-14.994,1.835,0.012447714,obs
2005-01-04 20:30:00,338.76532,-7.204,0.128,0.0120386435,obs
2005-01-04 21:00:00,338.31,-12.677,3.086,0.034209322,obs
2005-01-04 21:30:00,336.90833,-16.273,1.33,0.02882272,obs
2005-01-04 22:00:00,336.37134,-17.845,3.74,0.028815739,obs
2005-01-04 22:30:00,337.04767,-4.466,6.705,0.02529771,obs
2005-01-04 23:00:00,334.83734,-7.187,9.403,0.045297574,obs
2005-01-04 23:30:00,332.37366,-14.964,9.505,0.035312407,obs
2005-01-05 00:00:00,331.84732,-2.545,11.866,0.04937964,obs
2005-01-05 00:30:00,332.485,-0.031,10.106,0.04932576,obs
2005-01-05 01:00:00,329.39267,-16.113,4.133,0.04357514,obs
2005-01-05 01:30:00,328.67334,-31.205,6.35,0.050450325,obs
2005-01-05 02:00:00,327.813,-17.751,6.584,0.050027005,obs
2005-01-05 02:30:00,326.81866,-2.938,2.456,0.03749095,obs
2005-01-05 03:00:00,325.86133,-8.451,2.928,0.05477121,obs
2005-01-05 03:30:00,327.441,-8.118,0.6,0.023721023,obs
2005-01-05 04:00:00,329.457,-18.69,4.935,0.038609706,obs
2005-01-05 04:30:00,327.63568,-8.387,6.126,0.03999942,obs
2005-01-05 05:00:00,326.30066,-7.12,1.365,0.014327711,obs
2005-01-05 05:30:00,326.41135,1.532,0.373,0.010075564,obs
2005-01-05 06:00:00,326.52866,27.796,3.65,0.011357647,obs
2005-01-05 06:30:00,326.54733,3.633,-0.534,0.006144068,obs
2005-01-05 07:00:00,328.18533,36.663,7.718,0.017476955,obs
2005-01-05 07:30:00,328.96533,26.169,4.331,0.0074629323,obs
2005-01-05 08:00:00,329.89835,108.274,16.313,0.0058858246,obs
2005-01-05 08:30:00,330.738,2.839,-0.202,0.005096784,obs
2005-01-05 09:00:00,330.602,16.98,5.253,0.008066707,obs
2005-01-05 09:30:00,331.77567,12.847,8.456,0.043150097,obs
2005-01-05 10:00:00,336.316,19.825,5.416,0.04104297,obs
2005-01-05 10:30:00,345.71567,18.688,4.838,0.023038387,obs
2005-01-05 11:00:00,353.45468,37.903,10.38,0.0144614,obs
2005-01-05 11:30:00,357.38,59.14,18.485,0.015586434,obs
2005-01-05 12:00:00,367.31265,66.462,19.906,0.0032236888,obs
2005-01-05 12:30:00,373.15433,67.901,8.651,0.0040925806,obs
2005-01-05 13:00:00,376.757,92.39,-0.863,0.020766182,obs
2005-01-05 13:30:00,379.86633,159.5,12.195,0.042336762,obs
2005-01-05 14:00:00,380.12833,94.357,2.478,0.014484446,obs
2005-01-05 14:30:00,379.32935,180.626,33.181,0.046990838,obs
2005-01-05 15:00:00,376.02066,54.741,3.557,0.031206368,obs
2005-01-05 15:30:00,372.944,124.589,18.578,0.059356373,obs
2005-01-05 16:00:00,367.634,65.683,11.49,0.031209014,obs
2005-01-05 16:30:00,362.15366,28.128,14.661,0.01144878,obs
2005-01-05 17:00:00,357.96768,6.658,2.885,0.0019856275,obs
2005-01-05 17:30:00,355.575,21.914,7.773,0.008749331,obs
2005-01-05 18:00:00,353.93533,36.177,10.682,0.012395389,obs
2005-01-05 18:30:00,351.72266,-1.785,2.229,0.0020590394,obs
2005-01-05 19:00:00,349.581,-4.286,1.144,0.0018975534,obs
2005-01-05 19:30:00,349.20633,55.494,12.692,0.013149004,obs
2005-01-05 20:00:00,348.324,115.968,-2.131,0.019969257,obs
2005-01-05 20:30:00,345.79333,-2.092,-0.061,0.0012592752,obs
2005-01-05 21:00:00,344.178,1.36,0.694,0.0015900244,obs
2005-01-05 21:30:00,343.59,-5.572,-2.744,0.020310014,obs
2005-01-05 22:00:00,340.61667,-7.687,-3.842,0.05278027,obs
2005-01-05 22:30:00,336.35834,-17.308,-0.745,0.09476441,obs
2005-01-05 23:00:00,335.19467,-17.536,3.04,0.12510401,obs
2005-01-05 23:30:00,334.599,-19.002,4.779,0.100284845,obs
2005-01-06 00:00:00,334.096,-5.024,9.938,0.061876915,obs
2005-01-06 00:30:00,333.46335,7.432,11.865,0.062304277,obs
2005-01-06 01:00:00,332.061,13.131,8.408,0.0708758,obs
2005-01-06 01:30:00,330.684,17.432,5.796,0.027430883,obs
2005-01-06 02:00:00,333.05667,11.283,1.746,0.0087234285,obs
2005-01-06 02:30:00,336.879,11.634,7.032,0.04177364,obs
2005-01-06 03:00:00,337.39633,-6.313,4.345,0.027758706,obs
2005-01-06 03:30:00,341.36865,0.349,7.061,0.031772263,obs
2005-01-06 04:00:00,342.013,2.76,12.987,0.04300169,obs
2005-01-06 04:30:00,342.30768,-4.514,-0.397,0.049070094,obs
2005-01-06 05:00:00,344.03433,0.65,16.774,0.038105957,obs
2005-01-06 05:30:00,345.78635,-3.47,13.185,0.028798832,obs
2005-01-06 06:00:00,347.02768,8.224,21.34,0.031591058,obs
2005-01-06 06:30:00,345.45367,17.176,15.047,0.027031548,obs
2005-01-06 07:00:00,347.558,8.948,15.308,0.019505508,obs
2005-01-06 07:30:00,347.10867,5.386,15.625,0.025044512,obs
2005-01-06 08:00:00,349.644,-8.826,20.279,0.053699832,obs
2005-01-06 08:30:00,351.73132,-3.305,10.188,0.030071892,obs
2005-01-06 09:00:00,354.03134,22.708,6.356,0.014067095,obs
2005-01-06 09:30:00,357.677,44.521,11.849,0.014299707,obs
2005-01-06 10:00:00,360.52966,58.99,13.644,0.02295869,obs
2005-01-06 10:30:00,362.75433,37.214,-0.656,0.02719738,obs
2005-01-06 11:00:00,367.47168,46.9,-0.115,0.005555011,obs
2005-01-06 11:30:00,370.63867,36.395,-0.177,0.007266482,obs
2005-01-06 12:00:00,370.51068,15.876,2.708,0.0029352524,obs
2005-01-06 12:30:00,371.04468,25.125,-1.721,0.010090999,obs
2005-01-06 13:00:00,373.56534,38.141,2.28,0.010829307,obs
2005-01-06 13:30:00,376.72433,49.976,4.61,0.018757513,obs
2005-01-06 14:00:00,378.32367,85.72,2.118,0.050672326,obs
2005-01-06 14:30:00,382.03568,84.987,4.069,0.06443881,obs
2005-01-06 15:00:00,379.94934,188.444,0.052,0.0859306,obs
2005-01-06 15:30:00,377.93066,149.671,1.768,0.059260327,obs
2005-01-06 16:00:00,373.79034,41.153,2.22,0.024045337,obs
2005-01-06 16:30:00,367.82068,42.658,-0.412,0.061312087,obs
2005-01-06 17:00:00,369.35434,46.579,4.61,0.05113151,obs
2005-01-06 17:30:00,365.591,68.385,4.046,0.0637234,obs
2005-01-06 18:00:00,357.99966,33.343,-0.237,0.033437356,obs
2005-01-06 18:30:00,354.891,48.062,15.856,0.06213375,obs
2005-01-06 19:00:00,354.11334,37.313,,0.06464529,obs
2005-01-06 19:30:00,354.60968,86.009,,0.036269262,obs
2005-01-06 20:00:00,353.48633,26.663,,0.035229437,obs
2005-01-06 20:30:00,352.71133,25.941,,0.021071566,obs
2005-01-06 21:00:00,353.725,35.759,,0.023719983,obs
2005-01-06 21:30:00,352.61234,19.206,-46.546,0.0120438915,obs
2005-01-06 22:00:00,351.939,22.08,-40.909,0.01223382,obs
2005-01-06 22:30:00,351.15332,13.221,,0.002817685,obs
2005-01-06 23:00:00,350.63068,9.359,,0.012028062,obs
2005-01-06 23:30:00,348.717,26.878,,0.061764155,obs
2005-01-07 00:00:00,345.93866,15.104,,0.040286154,obs
2005-01-07 00:30:00,345.47266,48.003,,0.032218896,obs
2005-01-07 01:00:00,344.627,67.321,,0.0069089513,obs
2005-01-07 01:30:00,345.01868,50.447,,0.018539043,obs
2005-01-07 02:00:00,344.64032,62.133,,0.013408719,obs
2005-01-07 02:30:00,343.354,14.177,,0.009796651,obs
2005-01-07 03:00:00,342.832,47.251,,0.008277063,obs
2005-01-07 03:30:00,343.104,26.594,-7.909,0.018965023,obs
2005-01-07 04:00:00,341.69467,42.316,,0.009252074,obs
2005-01-07 04:30:00,339.418,94.003,29.907,0.038282994,obs
2005-01-07 05:00:00,338.375,,,0.04214186,obs
2005-01-07 05:30:00,336.04834,34.885,,0.015632492,obs
2005-01-07 06:00:00,338.14334,139.148,-53.28,0.02628432,obs
2005-01-07 06:30:00,338.09732,40.204,-26.425,0.0027955635,obs
2005-01-07 07:00:00,337.319,86.748,,0.006149768,obs
2005-01-07 07:30:00,336.51733,79.328,,0.035559565,obs
2005-01-07 08:00:00,337.12134,100.676,,0.02833949,obs
2005-01-07 08:30:00,337.73334,121.716,,0.01938843,obs
2005-01-07 09:00:00,341.71432,56.25,-55.49,0.024072567,obs
2005-01-07 09:30:00,346.62534,183.827,-39.026,0.04866121,obs
2005-01-07 10:00:00,347.6,103.65,14.315,0.035306644,obs
2005-01-07 10:30:00,345.996,154.255,-8.668,0.06986796,obs
2005-01-07 11:00:00,348.48468,163.0,-7.263,0.058705,obs
2005-01-07 11:30:00,351.09433,161.351,47.95,0.103079066,obs
2005-01-07 12:00:00,354.792,117.374,13.962,0.070198774,obs
2005-01-07 12:30:00,356.73566,156.239,35.523,0.091844216,obs
2005-01-07 13:00:00,359.243,171.347,32.532,0.09411262,obs
2005-01-07 13:30:00,362.131,179.539,25.751,0.077226505,obs
2005-01-07 14:00:00,365.62033,171.644,15.584,0.05186683,obs
2005-01-07 14:30:00,367.64633,165.919,12.801,0.08731034,obs
2005-01-07 15:00:00,367.981,265.117,10.031,0.079839855,obs
2005-01-07 15:30:00,364.475,124.121,7.325,0.05095703,obs
2005-01-07 16:00:00,357.642,77.888,0.741,0.038541216,obs
2005-01-07 16:30:00,352.33234,96.215,-0.707,0.020185674,obs
2005-01-07 17:00:00,349.35034,79.644,-1.588,0.032190777,obs
2005-01-07 17:30:00,348.37366,137.658,18.87,0.036849864,obs
2005-01-07 18:00:00,347.00833,20.358,25.558,0.04143402,obs
2005-01-07 18:30:00,349.17834,-35.498,17.584,0.14192873,obs
2005-01-07 19:00:00,349.23666,-24.175,6.232,0.12692286,obs
2005-01-07 19:30:00,348.91733,-29.275,12.471,0.3217813,obs
2005-01-07 20:00:00,348.063,-24.104,12.518,0.29201376,obs
2005-01-07 20:30:00,348.035,-30.208,13.327,0.488546,obs
2005-01-07 21:00:00,347.72632,-20.089,-13.983,0.47469366,obs
2005-01-07 21:30:00,348.27933,-22.314,-9.744,0.5174161,obs
2005-01-07 22:00:00,349.16232,-36.007,-5.537,,obs
2005-01-07 22:30:00,349.578,-21.474,-4.668,0.3281693,obs
2005-01-07 23:00:00,349.92932,-35.83,-3.998,0.45384124,obs
2005-01-07 23:30:00,349.72568,-30.033,-2.869,0.40476987,obs
2005-01-08 00:00:00,349.55,-30.743,0.355,0.3252862,obs
2005-01-08 00:30:00,349.62366,-31.207,-1.815,0.2945748,obs
2005-01-08 01:00:00,349.409,-29.388,-0.096,0.25358585,obs
2005-01-08 01:30:00,349.173,-35.065,-0.616,0.30932376,obs
2005-01-08 02:00:00,348.846,-31.18,0.865,0.28212047,obs
2005-01-08 02:30:00,348.26233,-24.199,1.16,0.16870208,obs
2005-01-08 03:00:00,348.012,-25.347,-0.88,0.14609857,obs
2005-01-08 03:30:00,347.88834,-39.027,-7.921,0.2163499,obs
2005-01-08 04:00:00,348.689,-47.29,-7.675,0.42234075,obs
2005-01-08 04:30:00,348.84467,-43.035,-8.828,0.48861003,obs
2005-01-08 05:00:00,349.54965,-34.582,-7.741,0.5679644,obs
2005-01-08 05:30:00,349.93433,-27.454,-5.77,0.4559867,obs
2005-01-08 06:00:00,349.95966,-22.535,-1.638,0.39328024,obs
2005-01-08 06:30:00,350.09732,-29.684,-0.027,0.45239344,obs
2005-01-08 07:00:00,350.12134,-28.673,-4.349,0.41346556,obs
2005-01-08 07:30:00,349.79468,-23.031,-3.234,0.3054842,obs
2005-01-08 08:00:00,349.809,-19.815,-2.892,0.38043523,obs
2005-01-08 08:30:00,350.54666,-10.087,-3.261,0.37485832,obs
2005-01-08 09:00:00,353.40634,9.383,-0.126,0.33990055,obs
2005-01-08 09:30:00,357.75067,33.153,7.585,0.40325513,obs
2005-01-08 10:00:00,362.63232,54.674,12.36,0.50834346,obs
2005-01-08 10:30:00,368.67166,67.558,23.709,0.36238676,obs
2005-01-08 11:00:00,374.22232,90.317,39.826,0.4494662,obs
2005-01-08 11:30:00,378.083,84.191,45.046,0.47059742,obs
2005-01-08 12:00:00,382.22232,131.37,27.352,0.61467457,obs
2005-01-08 12:30:00,385.689,75.524,26.445,0.32745686,obs
2005-01-08 13:00:00,388.90533,114.252,23.283,0.4219152,obs
2005-01-08 13:30:00,390.59366,85.15,19.507,0.29694873,obs
2005-01-08 14:00:00,390.81033,88.182,17.91,0.16203237,obs
2005-01-08 14:30:00,389.619,96.12,24.007,0.21077336,obs
2005-01-08 15:00:00,386.56366,66.215,22.57,0.12858774,obs
2005-01-08 15:30:00,382.81433,55.423,17.986,0.16926788,obs
2005-01-08 16:00:00,376.794,54.349,20.577,0.2112236,obs
2005-01-08 16:30:00,371.05133,16.491,15.546,0.15939742,obs
2005-01-08 17:00:00,367.074,2.59,8.648,0.10657198,obs
2005-01-08 17:30:00,364.37967,-2.966,10.234,0.13956076,obs
2005-01-08 18:00:00,362.16135,-6.122,15.443,0.14681436,obs
2005-01-08 18:30:00,359.88867,-0.245,8.964,0.060244076,obs
2005-01-08 19:00:00,358.166,-0.631,6.673,0.045840807,obs
2005-01-08 19:30:00,356.61865,6.439,7.585,0.04467372,obs
2005-01-08 20:00:00,354.675,2.388,8.454,0.048459847,obs
2005-01-08 20:30:00,352.368,-9.722,5.524,0.030162366,obs
2005-01-08 21:00:00,350.32233,-5.482,4.213,0.033617493,obs
2005-01-08 21:30:00,348.267,0.038,2.525,0.036903184,obs
2005-01-08 22:00:00,346.446,-7.411,0.95,0.045508303,obs
2005-01-08 22:30:00,345.03766,-3.446,-0.047,0.03094224,obs
2005-01-08 23:00:00,343.09268,-3.464,-1.03,0.030267263,obs
2005-01-08 23:30:00,342.01,0.709,0.156,0.037750114,obs
2005-01-09 00:00:00,340.58633,-1.272,0.288,0.025188124,obs
2005-01-02 00:30:00,363.96597,24.221186,0.6632259,0.09173388,0.05
2005-01-02 01:00:00,362.27884,26.477215,0.1373764,0.11264516,0.05
2005-01-02 01:30:00,362.0634,23.40981,3.2337393e-15,0.08968904,0.05
2005-01-02 02:00:00,361.71716,18.728504,-0.07057311,0.109858334,0.05
2005-01-02 02:30:00,361.24548,15.034119,0.058264982,0.10238306,0.05
2005-01-02 03:00:00,359.71005,9.914663,-0.3134075,0.080189414,0.05
2005-01-02 03:30:00,360.87552,8.171482,0.0,0.09888648,0.05
2005-01-02 04:00:00,361.8419,7.2114367,3.3343467e-15,0.0971084,0.05
2005-01-02 04:30:00,361.98,9.201713,0.0,0.08608979,0.05
2005-01-02 05:00:00,361.72836,10.442954,0.6948506,0.07130144,0.05
2005-01-02 05:30:00,361.90768,9.235499,0.95161825,0.06806501,0.05
2005-01-02 06:00:00,363.14954,7.3039494,1.3774492,0.09228816,0.05
2005-01-02 06:30:00,362.8499,8.690551,2.3113353,0.19019501,0.05
2005-01-02 07:00:00,364.21182,10.136552,1.8329517,0.11200037,0.05
2005-01-02 07:30:00,364.80212,7.1366124,1.6000714,0.10050819,0.05
2005-01-02 08:00:00,368.10394,11.886207,1.6553388,0.07805007,0.05
2005-01-02 08:30:00,369.419,12.657281,2.5254815,0.099562466,0.05
2005-01-02 09:00:00,371.37216,17.310575,2.3538334,0.102158196,0.05
2005-01-02 09:30:00,374.7213,23.34408,2.7120647,0.11372958,0.05
2005-01-02 10:00:00,380.9386,35.744373,3.2446907,0.11995472,0.05
2005-01-02 10:30:00,387.96286,48.262474,3.32493,0.11983074,0.05
2005-01-02 11:00:00,396.54446,61.025528,2.8825736,0.12245494,0.05
2005-01-02 11:30:00,406.35696,84.7347,1.5506142,0.15999646,0.05
2005-01-02 12:00:00,397.54175,64.30805,2.4444287,0.21218929,0.05
2005-01-02 12:30:00,393.64798,78.92815,1.7414522,0.27706718,0.05
2005-01-02 13:00:00,390.60657,76.91921,75.2054,0.16848694,0.05
2005-01-02 13:30:00,389.40552,68.32497,76.376274,0.17405532,0.05
2005-01-02 14:00:00,384.41855,45.001804,57.564106,0.16025014,0.05
2005-01-02 14:30:00,381.17056,34.15053,47.847652,0.15365425,0.05
2005-01-02 15:00:00,377.4582,25.075869,42.96245,0.16949113,0.05
2005-01-02 15:30:00,372.94135,22.45673,37.74589,0.22373365,0.05
2005-01-02 16:00:00,369.01154,31.484621,25.727428,0.17179346,0.05
2005-01-02 16:30:00,362.16037,17.165321,17.60585,0.15517849,0.05
2005-01-02 17:00:00,364.41663,28.783655,17.626097,0.22544082,0.05
2005-01-02 17:30:00,361.51627,33.852726,18.167728,0.15350859,0.05
2005-01-02 18:00:00,360.58884,27.713335,16.878437,0.12318277,0.05
2005-01-02 18:30:00,358.6481,20.752987,23.020403,0.18268342,0.05
2005-01-02 19:00:00,355.75897,10.934315,22.07017,0.10201019,0.05
2005-01-02 19:30:00,356.86777,13.911977,18.815832,0.09588011,0.05
2005-01-02 20:00:00,356.9975,12.791862,16.143305,0.08893514,0.05
2005-01-02 20:30:00,357.11426,11.425405,14.562762,0.068770155,0.05
2005-01-02 21:00:00,356.07233,9.855118,14.815977,0.09522233,0.05
2005-01-02 21:30:00,355.31128,8.32654,13.157318,0.08111009,0.05
2005-01-02 22:00:00,354.95157,8.701893,10.34425,0.07671736,0.05
2005-01-02 22:30:00,353.55374,7.258486,8.400938,0.075450435,0.05
2005-01-02 23:00:00,346.94482,-1.5782238,4.1194186,0.093723275,0.05
2005-01-02 23:30:00,344.2433,-1.5602225,1.1349602,0.08165174,0.05
2005-01-03 00:00:00,342.26135,-2.6783104,-3.0178242,0.078864805,0.05
2005-01-03 00:30:00,340.07324,-4.772252,-4.047412,0.08247211,0.05
2005-01-03 01:00:00,339.21402,-4.953725,-4.54526,0.06459733,0.05
2005-01-03 01:30:00,342.52063,3.5322263,-0.19928168,0.06719343,0.05
2005-01-03 02:00:00,336.9262,-5.3096,-5.3695364,0.04580904,0.05
2005-01-03 02:30:00,335.03952,-5.055492,-7.159058,0.049935415,0.05
2005-01-03 03:00:00,333.04544,-6.3350782,-8.039727,0.034677584,0.05
2005-01-03 03:30:00,332.25388,-4.7989144,-8.460857,0.027210303,0.05
2005-01-03 04:00:00,333.911,1.1859362,-7.071792,0.0313816,0.05
2005-01-03 04:30:00,335.87756,7.3238525,-5.279979,0.025722897,0.05
2005-01-03 05:00:00,338.6658,9.922546,-2.2648613,0.02355445,0.05
2005-01-03 05:30:00,340.95047,19.176743,1.4160792,0.030258238,0.05
2005-01-03 06:00:00,342.8451,23.3246,2.395465,0.022422899,0.05
2005-01-03 06:30:00,341.5847,23.16344,2.4170277,0.022174211,0.05
2005-01-03 07:00:00,342.16684,27.669855,2.7543979,0.024237832,0.05
2005-01-03 07:30:00,342.3247,30.744839,3.8590698,0.022605047,0.05
2005-01-03 08:00:00,345.24695,36.289383,5.0553303,0.024529036,0.05
2005-01-03 08:30:00,345.99228,43.24159,7.2036037,0.027542831,0.05
2005-01-03 09:00:00,347.73502,50.806404,9.699854,0.025725987,0.05
2005-01-03 09:30:00,350.53284,56.78628,11.861091,0.024526767,0.05
2005-01-03 10:00:00,352.6546,60.867264,13.830878,0.028682493,0.05
2005-01-03 10:30:00,356.46143,67.12459,16.540886,0.0283893,0.05
2005-01-03 11:00:00,358.79028,76.92949,20.059439,0.042008612,0.05
2005-01-03 11:30:00,368.23657,98.9978,29.123604,0.03819168,0.05
2005-01-03 12:00:00,372.52612,107.45575,35.319218,0.03621794,0.05
2005-01-03 12:30:00,377.8017,100.37537,38.01131,0.031384896,0.05
2005-01-03 13:00:00,379.28516,94.832695,39.265594,0.045298975,0.05
2005-01-03 13:30:00,380.44937,82.9387,36.72985,0.030902052,0.05
2005-01-03 14:00:00,379.81583,69.2225,31.334867,0.030061368,0.05
2005-01-03 14:30:00,375.23077,67.863815,25.830233,0.044389546,0.05
2005-01-03 15:00:00,370.0286,57.182358,18.063974,0.046934117,0.05
2005-01-03 15:30:00,363.26678,40.714085,12.4337,0.04802272,0.05
2005-01-03 16:00:00,354.43765,23.859068,8.864189,0.054931086,0.05
2005-01-03 16:30:00,348.53302,11.21852,6.0019417,0.045955587,0.05
2005-01-03 17:00:00,343.59427,6.9244156,4.6416173,0.05395184,0.05
2005-01-03 17:30:00,340.17538,1.2783811,3.7122114,0.05018213,0.05
2005-01-03 18:00:00,337.04373,-3.7303433,2.6115887,0.030788682,0.05
2005-01-03 18:30:00,335.07413,-4.696995,2.055995,0.01971879,0.05
2005-01-03 19:00:00,333.2693,-5.539608,1.7459378,0.008121708,0.05
2005-01-03 19:30:00,331.86572,-5.7754903,-0.14429398,0.004875285,0.05
2005-01-03 20:00:00,330.65802,-4.997055,-1.3792192,0.0064065154,0.05
2005-01-03 20:30:00,329.41028,-4.950842,-0.79442847,0.00064443826,0.05
2005-01-03 21:00:00,327.38297,3.0366797,-2.8535533,0.019677283,0.05
2005-01-03 21:30:00,326.226,6.7384224,-4.170281,0.031546976,0.05
2005-01-03 22:00:00,325.47452,0.16406377,-4.680268,0.009509866,0.05
2005-01-03 22:30:00,324.62744,-0.3598395,-5.1027985,0.006600607,0.05
2005-01-03 23:00:00,323.81924,-3.9354923,-1.5639511,0.0004500556,0.05
2005-01-03 23:30:00,322.8233,-4.1484365,-1.5143435,0.00034615886,0.05
2005-01-04 00:00:00,322.3116,-2.082296,-6.2146354,0.0043462105,0.05
2005-01-04 00:30:00,321.34488,7.4599996,-5.413018,0.013014524,0.05
2005-01-04 01:00:00,319.34378,9.564002,-5.787282,0.012964563,0.05
2005-01-04 01:30:00,320.64682,15.783772,-5.1434135,0.021221273,0.05
2005-01-04 02:00:00,321.25897,23.315216,-2.8815458,0.02502249,0.05
2005-01-04 02:30:00,321.99847,24.301813,-1.2386403,0.022505956,0.05
2005-01-04 03:00:00,320.70792,29.52882,3.8552485,0.028697437,0.05
2005-01-04 03:30:00,322.2965,19.32074,2.011005,0.007327301,0.05
2005-01-04 04:00:00,322.4126,13.016521,2.345093,0.017061925,0.05
2005-01-04 04:30:00,322.972,16.02558,1.2796206,0.012690557,0.05
2005-01-04 05:00:00,321.40305,24.586746,2.3373783,0.010518818,0.05
2005-01-04 05:30:00,321.43683,19.915472,4.5739403,0.013639602,0.05
2005-01-04 06:00:00,322.10672,17.484514,4.374992,0.010342225,0.05
2005-01-04 06:30:00,321.28296,19.003359,3.6139343,0.014643738,0.05
2005-01-04 07:00:00,321.47556,26.549109,5.028997,0.013229462,0.05
2005-01-04 07:30:00,321.16364,24.298851,3.5674448,0.009514834,0.05
2005-01-04 08:00:00,324.47076,31.106676,5.8219366,0.01817351,0.05
2005-01-04 08:30:00,328.76978,49.629845,7.2607746,0.015723895,0.05
2005-01-04 09:00:00,335.6227,55.146217,28.56117,0.01292911,0.05
2005-01-04 09:30:00,338.38498,61.257164,34.81504,0.013222393,0.05
2005-01-04 10:00:00,340.76025,76.1095,41.014675,0.023406666,0.05
2005-01-04 10:30:00,348.73734,80.77751,48.069885,0.01585314,0.05
2005-01-04 11:00:00,354.91348,85.76506,55.228104,0.017967356,0.05
2005-01-04 11:30:00,361.3415,78.59969,65.47837,0.02748529,0.05
2005-01-04 12:00:00,365.87943,72.0934,79.14155,0.06490901,0.05
2005-01-04 12:30:00,369.83438,67.56162,78.67899,0.060146064,0.05
2005-01-04 13:00:00,372.75156,55.291103,73.636185,0.04603889,0.05
2005-01-04 13:30:00,373.78726,47.251003,70.58744,0.0660683,0.05
2005-01-04 14:00:00,375.19672,32.621998,58.632072,0.037849117,0.05
2005-01-04 14:30:00,374.1282,17.559101,45.957275,0.013258867,0.05
2005-01-04 15:00:00,367.7595,13.194514,37.03848,0.042710613,0.05
2005-01-04 15:30:00,360.54218,10.643578,25.761787,0.03699007,0.05
2005-01-04 16:00:00,352.5384,0.31896657,17.436192,0.041795034,0.05
2005-01-04 16:30:00,345.8098,-8.437913,10.838105,0.017366918,0.05
2005-01-04 17:00:00,342.56213,-9.80663,8.563416,0.016397916,0.05
2005-01-04 17:30:00,339.75812,-8.942201,1.4870902,0.00060404965,0.05
2005-01-04 18:00:00,336.6542,-9.7318945,-0.5035471,0.00044929676,0.05
2005-01-04 18:30:00,335.09357,-7.8847175,-0.5080719,0.00037034057,0.05
2005-01-04 19:00:00,333.60013,-6.762407,-0.64919955,0.00069831335,0.05
2005-01-04 19:30:00,332.31393,-6.497898,-0.21079795,0.0034698087,0.05
2005-01-04 20:00:00,331.68692,-7.4713745,0.8791154,0.034832478,0.05
2005-01-04 20:30:00,330.8207,-5.685235,-0.031870287,0.054998815,0.05
2005-01-04 21:00:00,330.53375,-7.4002542,0.31607968,0.045109615,0.05
2005-01-04 21:30:00,329.49847,-4.8360868,0.895856,0.07816383,0.05
2005-01-04 22:00:00,329.04523,-5.9176893,0.26613432,0.05693184,0.05
2005-01-04 22:30:00,331.66226,1.8430914,2.2314856,0.03469275,0.05
2005-01-04 23:00:00,327.8136,-2.100072,1.2740177,0.046030853,0.05
2005-01-04 23:30:00,326.0086,2.7088563,1.0768174,0.056439366,0.05
2005-01-05 00:00:00,326.4794,5.332256,-0.095361486,0.036053177,0.05
2005-01-05 00:30:00,327.28006,10.284106,1.3485745,0.058464415,0.05
2005-01-05 01:00:00,322.58807,4.875031,0.23501322,0.071175046,0.05
2005-01-05 01:30:00,322.66275,3.5335643,-1.8613567,0.05321706,0.05
2005-01-05 02:00:00,321.63318,2.644615,-2.5089204,0.041512627,0.05
2005-01-05 02:30:00,320.5879,4.387106,-2.5400858,0.045580927,0.05
2005-01-05 03:00:00,319.7754,5.3310437,-1.8360611,0.05214257,0.05
2005-01-05 03:30:00,321.97604,4.1078916,-2.102742,0.029358892,0.05
2005-01-05 04:00:00,322.17108,-1.3551337,-0.8957185,0.011365737,0.05
2005-01-05 04:30:00,320.45178,-4.3882995,-1.6920245,0.021076096,0.05
2005-01-05 05:00:00,320.1899,2.9261417,-1.6134142,0.04283378,0.05
2005-01-05 05:30:00,320.62027,0.5060581,-2.2336848,0.00965544,0.05
2005-01-05 06:00:00,320.72638,0.007927434,-0.45035988,0.0003060734,0.05
2005-01-05 06:30:00,319.32306,-2.958832,-0.9023693,0.00041449472,0.05
2005-01-05 07:00:00,320.799,1.3199158,-0.9741026,0.00051409815,0.05
2005-01-05 07:30:00,321.08475,0.6906789,-0.78352433,0.0004647171,0.05
2005-01-05 08:00:00,323.98865,6.4884267,-0.75080055,0.00035215757,0.05
2005-01-05 08:30:00,324.1639,4.0125275,-0.16863821,0.00052219303,0.05
2005-01-05 09:00:00,326.78876,13.166769,3.8547537,0.017944882,0.05
2005-01-05 09:30:00,333.13983,32.902115,5.832598,0.03696869,0.05
2005-01-05 10:00:00,342.10745,51.047203,10.549991,0.06280302,0.05
2005-01-05 10:30:00,356.811,63.674477,16.563044,0.03638202,0.05
2005-01-05 11:00:00,361.5945,56.098774,18.302464,0.020164661,0.05
2005-01-05 11:30:00,367.72723,56.851025,19.699669,0.023632135,0.05
2005-01-05 12:00:00,379.64102,70.773346,22.672121,0.020417763,0.05
2005-01-05 12:30:00,385.00714,68.30465,20.723612,0.018953413,0.05
2005-01-05 13:00:00,388.92667,67.40276,15.687782,0.023816444,0.05
2005-01-05 13:30:00,391.24384,61.878418,8.196323,0.014195233,0.05
2005-01-05 14:00:00,391.26242,55.704456,3.2340474,0.014775066,0.05
2005-01-05 14:30:00,387.85883,43.31493,3.2123806,0.015349537,0.05
2005-01-05 15:00:00,381.18295,29.806488,2.9557602,0.013665712,0.05
2005-01-05 15:30:00,374.43994,13.03179,2.7533138,0.017644608,0.05
2005-01-05 16:00:00,365.55212,-2.7752323,2.1663888,0.015423592,0.05
2005-01-05 16:30:00,357.89877,-11.5474825,1.9443424,0.013569305,0.05
2005-01-05 17:00:00,353.55582,-13.420094,1.7267847,0.007906515,0.05
2005-01-05 17:30:00,348.7167,-12.151043,0.8080562,0.0009688926,0.05
2005-01-05 18:00:00,344.8052,-12.108633,0.5016781,0.0008312142,0.05
2005-01-05 18:30:00,342.41196,-10.2091,0.53172857,0.0016436079,0.05
2005-01-05 19:00:00,340.1912,-8.836674,0.5122665,0.001183042,0.05
2005-01-05 19:30:00,338.622,-7.375129,-0.9589976,0.00038487226,0.05
2005-01-05 20:00:00,337.37225,-6.736141,-1.2377537,0.00024673916,0.05
2005-01-05 20:30:00,336.1522,-5.6267357,-1.1957123,0.00048555888,0.05
2005-01-05 21:00:00,335.5639,-4.1556993,-1.1000038,0.00048828067,0.05
2005-01-05 21:30:00,337.1041,-0.034567095,-2.4953523,0.018838683,0.05
2005-01-05 22:00:00,335.10913,9.954797,-1.2028661,0.07139152,0.05
2005-01-05 22:30:00,330.87558,18.58647,0.42306322,0.12732457,0.05
2005-01-05 23:00:00,330.33414,15.020316,-2.8542805,0.088792846,0.05
2005-01-05 23:30:00,329.52792,9.463827,-3.1915035,0.064043455,0.05
2005-01-06 00:00:00,328.71234,6.599176,-2.3218884,0.057969026,0.05
2005-01-06 00:30:00,327.87064,5.049838,-1.1408621,0.055615164,0.05
2005-01-06 01:00:00,325.6186,5.5812936,-1.7324586,0.06735774,0.05
2005-01-06 01:30:00,325.1795,7.556502,-2.1867387,0.031839374,0.05
2005-01-06 02:00:00,329.51147,10.986197,0.6070108,0.015333632,0.05
2005-01-06 02:30:00,334.52954,20.538118,1.7812371,0.037471972,0.05
2005-01-06 03:00:00,334.50748,15.166249,2.038271,0.06899247,0.05
2005-01-06 03:30:00,339.85098,13.58442,2.59116,0.04262291,0.05
2005-01-06 04:00:00,340.9165,13.387912,2.7460396,0.0460214,0.05
2005-01-06 04:30:00,342.0705,13.754877,2.7667499,0.043801405,0.05
2005-01-06 05:00:00,343.8294,9.595794,4.046613,0.03515409,0.05
2005-01-06 05:30:00,345.205,5.8658895,3.889506,0.01715017,0.05
2005-01-06 06:00:00,346.57007,5.4184294,3.8845656,0.022267845,0.05
2005-01-06 06:30:00,343.57388,2.7173245,2.3563492,0.012556494,0.05
2005-01-06 07:00:00,347.37057,8.942606,2.5559993,0.0076224697,0.05
2005-01-06 07:30:00,345.3732,4.0358343,2.8024657,0.014531962,0.05
2005-01-06 08:00:00,351.04913,14.077447,4.7837143,0.043283805,0.05
2005-01-06 08:30:00,353.0664,14.390453,5.7333446,0.0444011,0.05
2005-01-06 09:00:00,354.93042,10.993009,4.76405,0.010383312,0.05
2005-01-06 09:30:00,360.33493,16.39742,4.8600264,0.006855935,0.05
2005-01-06 10:00:00,362.3823,15.580693,4.911385,0.010130451,0.05
2005-01-06 10:30:00,366.21356,17.835167,4.661884,0.011541495,0.05
2005-01-06 11:00:00,372.75372,27.578539,4.8871326,0.006581041,0.05
2005-01-06 11:30:00,376.71188,30.677652,4.5660257,0.009644073,0.05
2005-01-06 12:00:00,374.8243,23.818134,3.614687,0.009924355,0.05
2005-01-06 12:30:00,376.11697,19.755875,2.6788733,0.007933728,0.05
2005-01-06 13:00:00,379.58463,25.58745,2.0298252,0.016575392,0.05
2005-01-06 13:30:00,386.37405,46.607887,1.4200473,0.027971555,0.05
2005-01-06 14:00:00,389.54538,55.952393,1.2476344,0.03235846,0.05
2005-01-06 14:30:00,392.63297,53.938206,1.1901914,0.03497247,0.05
2005-01-06 15:00:00,386.8617,36.7552,0.85704434,0.022522766,0.05
2005-01-06 15:30:00,381.20767,18.186983,0.3810919,0.0122636845,0.05
2005-01-06 16:00:00,374.65408,10.077434,-0.005266815,0.026201136,0.05
2005-01-06 16:30:00,366.06244,-0.5281447,2.8547458e-15,0.026701866,0.05
2005-01-06 17:00:00,370.50082,11.100512,-2.951819e-15,0.03607067,0.05
2005-01-06 17:30:00,365.63678,16.401155,0.0,0.03935963,0.05
2005-01-06 18:00:00,354.09354,9.045036,-2.9030712e-15,0.035355076,0.05
2005-01-06 18:30:00,351.9467,10.291563,-2.9440402e-15,0.03904359,0.05
2005-01-06 19:00:00,355.86887,27.901997,-2.9929261e-15,0.04767314,0.05
2005-01-06 19:30:00,357.30634,25.892254,2.8118025e-15,0.02256738,0.05
2005-01-06 20:00:00,357.52014,30.666204,0.0,0.031671897,0.05
2005-01-06 20:30:00,357.41266,31.379557,0.0,0.020820508,0.05
2005-01-06 21:00:00,357.5703,29.82297,0.0,0.0141565725,0.05
2005-01-06 21:30:00,356.84534,29.510998,0.0,0.016335236,0.05
2005-01-06 22:00:00,355.97287,29.650599,2.743835e-15,0.014941752,0.05
2005-01-06 22:30:00,355.9118,31.32377,0.0,0.020813586,0.05
2005-01-06 23:00:00,353.81485,34.39984,0.0,0.05867284,0.05
2005-01-06 23:30:00,351.67645,29.622915,-2.9729253e-15,0.04636421,0.05
2005-01-07 00:00:00,350.46478,31.955011,0.0,0.058742814,0.05
2005-01-07 00:30:00,350.76416,28.920912,0.0,0.023587171,0.05
2005-01-07 01:00:00,348.98932,24.947926,2.7422925e-15,0.00975996,0.05
2005-01-07 01:30:00,350.1345,27.840616,0.0,0.007924329,0.05
2005-01-07 02:00:00,349.93307,30.097507,0.0,0.010638281,0.05
2005-01-07 02:30:00,349.52014,31.48066,0.0,0.011936285,0.05
2005-01-07 03:00:00,348.30716,33.502434,0.0,0.018645024,0.05
2005-01-07 03:30:00,347.29803,36.711525,0.0,0.018185155,0.05
2005-01-07 04:00:00,346.15823,37.651993,0.0,0.019934034,0.05
2005-01-07 04:30:00,343.3048,44.994556,0.20776248,0.029927542,0.05
2005-01-07 05:00:00,341.81284,44.370926,0.28049076,0.018965917,0.05
2005-01-07 05:30:00,341.0427,47.670815,0.44534126,0.020034218,0.05
2005-01-07 06:00:00,341.75677,40.998466,0.2216817,0.010150269,0.05
2005-01-07 06:30:00,341.10605,38.324543,0.10341053,0.0117311515,0.05
2005-01-07 07:00:00,342.32672,41.591072,0.5203494,0.012496316,0.05
2005-01-07 07:30:00,342.0823,40.929577,0.51101464,0.015995763,0.05
2005-01-07 08:00:00,345.4142,46.10519,1.2336267,0.017270686,0.05
2005-01-07 08:30:00,346.18604,51.231068,1.4670609,0.014325703,0.05
2005-01-07 09:00:00,348.40405,52.73481,1.3851559,0.012705948,0.05
2005-01-07 09:30:00,353.28906,53.913227,1.1449058,0.009879891,0.05
2005-01-07 10:00:00,354.9812,61.269093,1.2373557,0.023730174,0.05
2005-01-07 10:30:00,357.2686,84.6222,2.0366328,0.04890743,0.05
2005-01-07 11:00:00,360.77512,93.01958,2.252911,0.035609122,0.05
2005-01-07 11:30:00,365.0621,94.11577,2.0284092,0.032971792,0.05
2005-01-07 12:00:00,368.71753,94.616875,1.7266542,0.048114873,0.05
2005-01-07 12:30:00,370.47833,98.39835,1.8253237,0.04606781,0.05
2005-01-07 13:00:00,371.9765,97.29255,1.5532093,0.035522606,0.05
2005-01-07 13:30:00,374.62433,96.888885,1.2472131,0.031046001,0.05
2005-01-07 14:00:00,378.0833,99.69465,1.0470934,0.03071267,0.05
2005-01-07 14:30:00,376.47043,86.070206,0.5541097,0.036522064,0.05
2005-01-07 15:00:00,373.39294,64.188965,0.0,0.021642774,0.05
2005-01-07 15:30:00,366.04837,48.064106,0.0,0.033707317,0.05
2005-01-07 16:00:00,356.83557,34.233856,0.0,0.03812561,0.05
2005-01-07 16:30:00,349.19846,21.333364,2.927351e-15,0.040832732,0.05
2005-01-07 17:00:00,345.64798,9.964897,0.0,0.018511517,0.05
2005-01-07 17:30:00,344.851,3.9555511,-5.559792,0.0065778233,0.05
2005-01-07 18:00:00,342.16922,-2.9239805,-4.2052526,0.02055596,0.05
2005-01-07 18:30:00,340.4846,-15.841854,0.29485652,0.03408343,0.05
2005-01-07 19:00:00,338.91794,-11.608094,-2.001365,0.012134201,0.05
2005-01-07 19:30:00,338.72018,-15.048167,-3.4902492,0.033135753,0.05
2005-01-07 20:00:00,338.05704,-15.575724,-3.901074,0.037816267,0.05
2005-01-07 20:30:00,338.7569,-24.14132,-4.0513706,0.1212353,0.05
2005-01-07 21:00:00,338.87936,-22.829725,-7.8029113,0.12769942,0.05
2005-01-07 21:30:00,339.88297,-21.956741,-11.934472,0.12785913,0.05
2005-01-07 22:00:00,339.87415,-24.687687,-11.476566,0.09260492,0.05
2005-01-07 22:30:00,340.0027,-23.549593,-10.8682,0.07214899,0.05
2005-01-07 23:00:00,340.6015,-27.6077,-11.848047,0.09837372,0.05
2005-01-07 23:30:00,338.61206,-17.173681,-8.062597,0.02342699,0.05
2005-01-08 00:00:00,337.5329,-13.216387,-6.319433,0.012679543,0.05
2005-01-08 00:30:00,337.0704,-13.457457,-6.845262,0.015894473,0.05
2005-01-08 01:00:00,335.5933,-16.260147,-6.8643003,0.015025478,0.05
2005-01-08 01:30:00,335.5568,-16.04253,-7.491132,0.01966985,0.05
2005-01-08 02:00:00,335.31168,-17.694927,-8.130034,0.024884986,0.05
2005-01-08 02:30:00,334.44302,-16.029818,-7.1654625,0.017363185,0.05
2005-01-08 03:00:00,333.48233,-17.637989,-7.32488,0.01902258,0.05
2005-01-08 03:30:00,333.19778,-16.55606,-7.8792467,0.01759111,0.05
2005-01-08 04:00:00,333.34927,-18.704136,-9.590753,0.025518982,0.05
2005-01-08 04:30:00,334.3582,-24.928572,-12.753017,0.046686593,0.05
2005-01-08 05:00:00,336.09012,-35.22655,-15.804139,0.08778704,0.05
2005-01-08 05:30:00,337.277,-41.992813,-16.64518,0.118307136,0.05
2005-01-08 06:00:00,338.69608,-46.304577,-16.234423,0.16233641,0.05
2005-01-08 06:30:00,337.6811,-40.12499,-13.832269,0.09895437,0.05
2005-01-08 07:00:00,337.29553,-25.93869,-11.7806225,0.047085863,0.05
2005-01-08 07:30:00,335.45016,-16.882471,-8.539114,0.016777385,0.05
2005-01-08 08:00:00,339.30518,-4.554968,-7.6129947,0.021545835,0.05
2005-01-08 08:30:00,343.55838,3.6927218,-3.4660795,0.01818608,0.05
2005-01-08 09:00:00,350.62888,12.515625,2.1775901,0.019104704,0.05
2005-01-08 09:30:00,359.72855,16.476652,12.670949,0.04635953,0.05
2005-01-08 10:00:00,367.85867,19.340406,21.131811,0.1555688,0.05
2005-01-08 10:30:00,376.11206,27.55879,29.846504,0.11869891,0.05
2005-01-08 11:00:00,383.18066,38.39537,41.331623,0.18203324,0.05
2005-01-08 11:30:00,387.62704,48.73359,46.151886,0.21943648,0.05
2005-01-08 12:00:00,393.09152,60.232906,49.36986,0.2299299,0.05
2005-01-08 12:30:00,397.00723,69.69478,44.90457,0.2600227,0.05
2005-01-08 13:00:00,399.73187,68.10703,32.434376,0.18319725,0.05
2005-01-08 13:30:00,401.93115,69.16721,21.036385,0.16354965,0.05
2005-01-08 14:00:00,402.4617,66.53037,7.0744424,0.12867764,0.05
2005-01-08 14:30:00,400.11472,53.901596,2.481162,0.097977445,0.05
2005-01-08 15:00:00,393.8304,44.00954,2.733927,0.11064542,0.05
2005-01-08 15:30:00,387.3568,32.137856,2.3938756,0.12522288,0.05
2005-01-08 16:00:00,376.26874,9.908588,1.8911079,0.09989286,0.05
2005-01-08 16:30:00,368.44275,0.4954531,1.4942865,0.11878086,0.05
2005-01-08 17:00:00,363.5033,-2.3193302,1.2947956,0.10082075,0.05
2005-01-08 17:30:00,360.28424,-2.5375488,1.0752673,0.09734944,0.05
2005-01-08 18:00:00,356.1771,-7.569222,0.73626554,0.069675915,0.05
2005-01-08 18:30:00,353.48935,-8.070548,0.626632,0.04327034,0.05
2005-01-08 19:00:00,351.20898,-8.634968,0.5190852,0.029280439,0.05
2005-01-08 19:30:00,348.89713,-8.890271,0.33196354,0.009100409,0.05
2005-01-08 20:00:00,347.24997,-7.0962105,-1.8853158,0.020394366,0.05
2005-01-08 20:30:00,345.2378,-6.642269,-3.2383063,0.034112178,0.05
2005-01-08 21:00:00,343.41888,-5.331164,-4.307254,0.03409964,0.05
2005-01-08 21:30:00,341.74115,-2.5551896,-5.3761272,0.03454847,0.05
2005-01-08 22:00:00,339.85095,-2.3844705,-6.309898,0.0389331,0.05
2005-01-08 22:30:00,338.82254,-1.6635246,-6.595049,0.021794647,0.05
2005-01-08 23:00:00,337.11218,1.3219593,-7.496793,0.031285215,0.05
2005-01-08 23:30:00,336.1093,2.509228,-8.334134,0.038314145,0.05
2005-01-09 00:00:00,334.8458,3.9003818,-8.619681,0.034797024,0.05
2005-01-02 00:30:00,363.78033,23.707293,0.57212764,0.09173388,0.1
2005-01-02 01:00:00,362.25302,26.229944,0.084765926,0.11248216,0.1
2005-01-02 01:30:00,361.98468,23.068806,3.2336442e-15,0.08956083,0.1
2005-01-02 02:00:00,361.64542,18.382957,-0.13569453,0.109659344,0.1
2005-01-02 02:30:00,361.16678,14.67131,-0.010904311,0.10215903,0.1
2005-01-02 03:00:00,359.64017,9.586223,-3.2179243e-15,0.07996153,0.1
2005-01-02 03:30:00,360.82928,7.919151,0.0,0.09855316,0.1
2005-01-02 04:00:00,361.77957,6.93614,0.0,0.096784376,0.1
2005-01-02 04:30:00,361.92175,8.9380665,3.2667935e-15,0.08583694,0.1
2005-01-02 05:00:00,361.66928,10.183745,0.6874284,0.071103156,0.1
2005-01-02 05:30:00,361.84875,8.983248,0.9429467,0.06785419,0.1
2005-01-02 06:00:00,363.04428,6.9163194,1.3641616,0.09194518,0.1
2005-01-02 06:30:00,362.7686,8.270162,2.2840667,0.18976739,0.1
2005-01-02 07:00:00,364.02518,9.456382,1.8003792,0.11158171,0.1
2005-01-02 07:30:00,364.6408,6.487795,1.576291,0.099758126,0.1
2005-01-02 08:00:00,367.7351,10.693569,1.620396,0.077043824,0.1
2005-01-02 08:30:00,369.11307,11.440697,2.4652398,0.09814887,0.1
2005-01-02 09:00:00,371.08826,16.059544,2.3369083,0.10092566,0.1
2005-01-02 09:30:00,374.40887,21.950583,2.7131698,0.11259436,0.1
2005-01-02 10:00:00,380.66177,34.38973,3.2930536,0.11880778,0.1
2005-01-02 10:30:00,387.65662,46.7859,3.4411547,0.11894396,0.1
2005-01-02 11:00:00,396.24542,59.5456,2.904571,0.12166125,0.1
2005-01-02 11:30:00,406.0803,83.264496,1.2611773,0.1592683,0.1
2005-01-02 12:00:00,397.26883,62.72054,2.1274438,0.21158428,0.1
2005-01-02 12:30:00,393.38507,77.26767,1.429481,0.27644095,0.1
2005-01-02 13:00:00,390.4773,75.7903,74.12853,0.16801725,0.1
2005-01-02 13:30:00,389.2215,67.193214,75.3886,0.17361614,0.1
2005-01-02 14:00:00,384.18707,43.784863,56.635143,0.15982927,0.1
2005-01-02 14:30:00,380.947,32.948566,47.044666,0.15314843,0.1
2005-01-02 15:00:00,377.22766,23.83366,42.26332,0.16887131,0.1
2005-01-02 15:30:00,372.71005,21.112963,37.15844,0.22303195,0.1
2005-01-02 16:00:00,368.8057,30.257187,25.288338,0.17121282,0.1
2005-01-02 16:30:00,361.93613,15.940659,17.212694,0.15457267,0.1
2005-01-02 17:00:00,364.1567,27.346067,17.234947,0.22463812,0.1
2005-01-02 17:30:00,361.27225,32.500084,17.685904,0.15291382,0.1
2005-01-02 18:00:00,360.3733,26.500614,16.476276,0.12257582,0.1
2005-01-02 18:30:00,358.43552,19.492575,22.575666,0.18187743,0.1
2005-01-02 19:00:00,355.5308,9.801213,21.581688,0.101325855,0.1
2005-01-02 19:30:00,356.6348,12.789622,18.373308,0.095109336,0.1
2005-01-02 20:00:00,356.75864,11.670453,15.743523,0.08814732,0.1
2005-01-02 20:30:00,356.86542,10.327159,14.207484,0.06802885,0.1
2005-01-02 21:00:00,355.82886,8.6959715,14.496013,0.09432673,0.1
2005-01-02 21:30:00,355.05753,7.1787434,12.865169,0.08022113,0.1
2005-01-02 22:00:00,354.73828,7.6635385,10.127411,0.07582987,0.1
2005-01-02 22:30:00,353.32217,6.1949234,8.213547,0.074620776,0.1
2005-01-02 23:00:00,346.7197,-2.6676097,3.9522917,0.09283539,0.1
2005-01-02 23:30:00,343.9826,-2.6953328,1.301869,0.08065839,0.1
2005-01-03 00:00:00,342.0055,-3.777194,-2.7925563,0.07756971,0.1
2005-01-03 00:30:00,339.82062,-5.859044,-3.8760014,0.08089,0.1
2005-01-03 01:00:00,339.0054,-5.8287234,-3.9684074,0.0627122,0.1
2005-01-03 01:30:00,342.34726,2.7380893,-0.14263646,0.06557283,0.1
2005-01-03 02:00:00,336.73566,-6.1008997,-5.311046,0.044926416,0.1
2005-01-03 02:30:00,334.8508,-5.7981505,-7.060967,0.04862916,0.1
2005-01-03 03:00:00,332.8896,-6.8897448,-7.8872504,0.033244405,0.1
2005-01-03 03:30:00,332.0634,-5.344075,-8.19537,0.025476608,0.1
2005-01-03 04:00:00,333.7441,0.6132436,-6.927848,0.030249786,0.1
2005-01-03 04:30:00,335.72906,6.72897,-5.1951747,0.025245832,0.1
2005-01-03 05:00:00,338.5257,9.352995,-2.18981,0.023142247,0.1
2005-01-03 05:30:00,340.82587,18.575115,1.4832461,0.03000915,0.1
2005-01-03 06:00:00,342.67096,22.607058,2.5078838,0.022270527,0.1
2005-01-03 06:30:00,341.43304,22.460434,2.5296876,0.022035386,0.1
2005-01-03 07:00:00,341.91513,26.703764,2.8907542,0.024097456,0.1
2005-01-03 07:30:00,342.11853,29.799603,3.8798063,0.02245372,0.1
2005-01-03 08:00:00,344.83353,34.81838,5.0314655,0.024354605,0.1
2005-01-03 08:30:00,345.6442,41.71439,7.192413,0.027325438,0.1
2005-01-03 09:00:00,347.4183,49.267487,9.704373,0.025527123,0.1
2005-01-03 09:30:00,350.1872,55.15158,11.8711815,0.024343109,0.1
2005-01-03 10:00:00,352.35513,59.29457,13.847158,0.028480977,0.1
2005-01-03 10:30:00,356.13617,65.48719,16.57074,0.028201273,0.1
2005-01-03 11:00:00,358.47012,75.27436,20.04335,0.041779943,0.1
2005-01-03 11:30:00,367.9217,97.38913,28.947567,0.03798299,0.1
2005-01-03 12:00:00,372.20084,105.7945,35.16314,0.03605153,0.1
2005-01-03 12:30:00,377.46207,98.71414,37.884243,0.0312386,0.1
2005-01-03 13:00:00,378.98856,93.26842,39.19351,0.04509932,0.1
2005-01-03 13:30:00,380.11783,81.38421,36.697346,0.0307548,0.1
2005-01-03 14:00:00,379.42926,67.57961,31.302567,0.029903896,0.1
2005-01-03 14:30:00,374.8695,66.18072,25.799467,0.04417877,0.1
2005-01-03 15:00:00,369.65927,55.51569,18.005384,0.046698578,0.1
2005-01-03 15:30:00,362.90244,39.072033,12.334428,0.04774241,0.1
2005-01-03 16:00:00,354.1304,22.354515,8.746691,0.05456792,0.1
2005-01-03 16:30:00,348.20755,9.777822,5.8480835,0.04556138,0.1
2005-01-03 17:00:00,343.23178,5.394898,4.4447827,0.053395994,0.1
2005-01-03 17:30:00,339.8265,-0.17064461,3.4990761,0.049416825,0.1
2005-01-03 18:00:00,336.72708,-4.942518,2.4073904,0.029982578,0.1
2005-01-03 18:30:00,334.7276,-5.805175,1.8452433,0.018832898,0.1
2005-01-03 19:00:00,332.89795,-6.435566,1.5244671,0.007260497,0.1
2005-01-03 19:30:00,331.3939,-5.8541923,-0.42304227,0.0015184891,0.1
2005-01-03 20:00:00,330.1133,-5.3593388,-1.042333,0.002004757,0.1
2005-01-03 20:30:00,328.85117,-5.141089,-0.866148,0.00064443826,0.1
2005-01-03 21:00:00,327.02005,1.697173,-3.1879618,0.018940782,0.1
2005-01-03 21:30:00,325.86026,5.2596884,-4.4851813,0.030787338,0.1
2005-01-03 22:00:00,325.1376,-0.9602035,-4.846527,0.008945292,0.1
2005-01-03 22:30:00,324.2741,-1.4497592,-5.216245,0.0061318693,0.1
2005-01-03 23:00:00,323.33984,-4.250038,-1.4326538,0.00036044422,0.1
2005-01-03 23:30:00,322.44904,-4.1162868,-1.5285901,0.00034615886,0.1
2005-01-04 00:00:00,322.0599,-2.5273898,-3.4415436,0.0017047995,0.1
2005-01-04 00:30:00,320.68637,5.215944,-6.1906676,0.012691481,0.1
2005-01-04 01:00:00,318.9167,8.199148,-7.4352913,0.012581158,0.1
2005-01-04 01:30:00,320.34772,14.639439,-5.483532,0.020805009,0.1
2005-01-04 02:00:00,321.01392,22.195139,-3.1611798,0.024730165,0.1
2005-01-04 02:30:00,321.779,23.258038,-1.4743941,0.022270782,0.1
2005-01-04 03:00:00,320.5598,28.634775,3.6318042,0.028491754,0.1
2005-01-04 03:30:00,322.1838,18.655928,1.9178685,0.007250854,0.1
2005-01-04 04:00:00,322.3097,12.397747,2.256926,0.016872162,0.1
2005-01-04 04:30:00,322.7747,15.185284,1.0849342,0.0125640435,0.1
2005-01-04 05:00:00,321.26495,23.909307,2.207714,0.0104387,0.1
2005-01-04 05:30:00,321.30276,19.267721,4.4280186,0.01353703,0.1
2005-01-04 06:00:00,321.93466,16.77538,4.223431,0.0102530215,0.1
2005-01-04 06:30:00,321.166,18.384838,3.519899,0.014527784,0.1
2005-01-04 07:00:00,321.26773,25.65001,4.8864574,0.013149094,0.1
2005-01-04 07:30:00,320.99158,23.420322,3.4289742,0.009440614,0.1
2005-01-04 08:00:00,324.1042,29.729649,5.581844,0.018025145,0.1
2005-01-04 08:30:00,328.32684,47.808453,6.986731,0.015573719,0.1
2005-01-04 09:00:00,335.38098,53.890392,27.61729,0.01278705,0.1
2005-01-04 09:30:00,338.10492,59.848167,33.8641,0.013119631,0.1
2005-01-04 10:00:00,340.52747,74.76134,40.18251,0.023268972,0.1
2005-01-04 10:30:00,348.48837,79.436714,47.25272,0.015760336,0.1
2005-01-04 11:00:00,354.66977,84.42737,54.439278,0.017872036,0.1
2005-01-04 11:30:00,360.988,77.84016,64.93206,0.027677843,0.1
2005-01-04 12:00:00,365.64645,70.747025,78.323074,0.06448497,0.1
2005-01-04 12:30:00,369.56638,66.18257,77.9595,0.059813537,0.1
2005-01-04 13:00:00,372.52338,54.057396,73.07106,0.045725025,0.1
2005-01-04 13:30:00,373.53976,45.96772,70.12211,0.0656829,0.1
2005-01-04 14:00:00,374.88788,31.305311,58.189747,0.037496977,0.1
2005-01-04 14:30:00,373.80646,16.358969,45.621937,0.013128973,0.1
2005-01-04 15:00:00,367.45218,11.810535,36.781525,0.04230024,0.1
2005-01-04 15:30:00,360.2144,9.204162,25.585014,0.036647364,0.1
2005-01-04 16:00:00,352.25128,-1.0256114,17.341549,0.041337293,0.1
2005-01-04 16:30:00,345.4815,-9.661809,10.748077,0.017041361,0.1
2005-01-04 17:00:00,342.1686,-10.957546,8.41911,0.01561805,0.1
2005-01-04 17:30:00,339.40607,-9.05263,0.3927373,0.00060404965,0.1
2005-01-04 18:00:00,336.28528,-9.989881,-0.58918923,0.00044929676,0.1
2005-01-04 18:30:00,334.63467,-8.141312,-0.5950115,0.00037034057,0.1
2005-01-04 19:00:00,333.11893,-6.989979,-0.71735865,0.00069831335,0.1
2005-01-04 19:30:00,331.80225,-6.5028343,-0.41074172,0.002400189,0.1
2005-01-04 20:00:00,331.25372,-8.146172,0.62621146,0.029091334,0.1
2005-01-04 20:30:00,330.4196,-6.929403,-0.1848047,0.049496137,0.1
2005-01-04 21:00:00,330.09247,-8.314396,0.15439895,0.039681096,0.1
2005-01-04 21:30:00,329.13193,-6.270523,0.7722704,0.07330256,0.1
2005-01-04 22:00:00,328.69083,-7.026037,0.15397324,0.051943727,0.1
2005-01-04 22:30:00,331.31277,0.7487473,2.064088,0.030282406,0.1
2005-01-04 23:00:00,327.48343,-3.4809287,1.3014643,0.04447592,0.1
2005-01-04 23:30:00,325.68832,1.2400115,1.0913805,0.05521174,0.1
2005-01-05 00:00:00,326.16266,3.9964116,-0.1817127,0.03503647,0.1
2005-01-05 00:30:00,326.992,8.868599,1.2523941,0.05737396,0.1
2005-01-05 01:00:00,322.40353,3.6893663,0.15380047,0.07023634,0.1
2005-01-05 01:30:00,322.44083,2.4718835,-2.017714,0.052189913,0.1
2005-01-05 02:00:00,321.42114,1.6821493,-2.6751983,0.040637236,0.1
2005-01-05 02:30:00,320.44287,3.5941622,-2.6042407,0.044809394,0.1
2005-01-05 03:00:00,319.6851,4.629054,-1.8933246,0.051464085,0.1
2005-01-05 03:30:00,321.85965,3.5025887,-2.142495,0.028693102,0.1
2005-01-05 04:00:00,321.8061,-1.8489369,-1.0023937,0.009032321,0.1
2005-01-05 04:30:00,320.30856,-4.19469,-1.5582643,0.01686402,0.1
2005-01-05 05:00:00,320.11298,2.3758605,-1.6560582,0.04210617,0.1
2005-01-05 05:30:00,320.49963,0.08710611,-2.1708164,0.008966013,0.1
2005-01-05 06:00:00,320.3917,-0.49328777,-0.5218328,0.0003060734,0.1
2005-01-05 06:30:00,318.96832,-3.1510139,-1.1954879,0.00041449472,0.1
2005-01-05 07:00:00,320.39835,1.0675893,-0.9967472,0.00051409815,0.1
2005-01-05 07:30:00,320.71735,0.5073688,-0.8616095,0.0004647171,0.1
2005-01-05 08:00:00,323.53226,6.1238165,-0.71404034,0.00035215757,0.1
2005-01-05 08:30:00,323.45105,3.042441,-0.33561414,0.00052219303,0.1
2005-01-05 09:00:00,326.35645,11.91099,3.3376763,0.015851354,0.1
2005-01-05 09:30:00,332.71704,31.084631,5.5962896,0.036056858,0.1
2005-01-05 10:00:00,341.73636,49.200226,10.419635,0.061747603,0.1
2005-01-05 10:30:00,356.38968,61.82386,16.558645,0.035624195,0.1
2005-01-05 11:00:00,361.19354,53.995255,18.398937,0.019932998,0.1
2005-01-05 11:30:00,367.26694,55.028732,19.878036,0.023408722,0.1
2005-01-05 12:00:00,378.9853,70.04248,23.076368,0.020763317,0.1
2005-01-05 12:30:00,383.9731,69.986,21.221241,0.019507736,0.1
2005-01-05 13:00:00,388.39853,65.46652,16.145164,0.023639897,0.1
2005-01-05 13:30:00,390.6027,59.258244,9.046428,0.014038095,0.1
2005-01-05 14:00:00,390.67664,53.813965,3.0590022,0.014603142,0.1
2005-01-05 14:30:00,387.36438,41.34172,2.9548054,0.015166377,0.1
2005-01-05 15:00:00,380.73407,27.939848,2.69817,0.013499564,0.1
2005-01-05 15:30:00,374.0012,11.312601,2.4951875,0.017382886,0.1
2005-01-05 16:00:00,365.17206,-4.2440553,1.932649,0.015107562,0.1
2005-01-05 16:30:00,357.49435,-12.880674,1.7149497,0.0131474575,0.1
2005-01-05 17:00:00,353.0325,-14.269833,1.4556892,0.00645775,0.1
2005-01-05 17:30:00,348.13428,-12.514312,0.66804075,0.0009688926,0.1
2005-01-05 18:00:00,344.2675,-12.27775,0.3757326,0.0008312142,0.1
2005-01-05 18:30:00,341.84277,-10.466712,0.3807129,0.0016436079,0.1
2005-01-05 19:00:00,339.60226,-9.078727,0.37277254,0.001183042,0.1
2005-01-05 19:30:00,338.0095,-7.595117,-1.0496495,0.00038487226,0.1
2005-01-05 20:00:00,336.72684,-6.982158,-1.1614368,0.00024673916,0.1
2005-01-05 20:30:00,335.5107,-5.814217,-1.2679404,0.00048555888,0.1
2005-01-05 21:00:00,334.90375,-4.357222,-1.1992275,0.00048828067,0.1
2005-01-05 21:30:00,336.4919,-0.9646451,-2.3401856,0.011131499,0.1
2005-01-05 22:00:00,334.75076,8.1474695,-1.7160472,0.06976664,0.1
2005-01-05 22:30:00,330.5164,16.516464,0.17354427,0.1260959,0.1
2005-01-05 23:00:00,329.99677,13.262599,-3.2319663,0.08765308,0.1
2005-01-05 23:30:00,329.20343,7.89273,-3.5104067,0.06296123,0.1
2005-01-06 00:00:00,328.3994,5.136347,-2.613684,0.05683052,0.1
2005-01-06 00:30:00,327.56604,3.6537006,-1.4216306,0.05444059,0.1
2005-01-06 01:00:00,325.42352,4.406054,-1.9667395,0.06632105,0.1
2005-01-06 01:30:00,324.94382,6.465124,-2.3850632,0.031282805,0.1
2005-01-06 02:00:00,329.27887,10.045049,0.4237157,0.0148561,0.1
2005-01-06 02:30:00,334.31583,19.51474,1.6517737,0.036865972,0.1
2005-01-06 03:00:00,334.3467,14.241107,1.9285135,0.068203144,0.1
2005-01-06 03:30:00,339.66168,12.801037,2.4908888,0.041549403,0.1
2005-01-06 04:00:00,340.74408,12.600924,2.6589284,0.045338877,0.1
2005-01-06 04:30:00,341.9048,13.002764,2.6653566,0.043235783,0.1
2005-01-06 05:00:00,343.6658,8.942332,3.9225597,0.034442917,0.1
2005-01-06 05:30:00,345.0335,5.3539333,3.7639737,0.016378494,0.1
2005-01-06 06:00:00,346.35782,4.8316917,3.7321777,0.020888662,0.1
2005-01-06 06:30:00,343.37512,2.057016,2.3315842,0.012217938,0.1
2005-01-06 07:00:00,347.07025,8.105512,2.5205474,0.0072134607,0.1
2005-01-06 07:30:00,345.12167,3.209553,2.6468847,0.013904079,0.1
2005-01-06 08:00:00,350.6028,12.682287,4.5336714,0.041329373,0.1
2005-01-06 08:30:00,352.67212,12.966257,5.5106587,0.042886224,0.1
2005-01-06 09:00:00,354.5435,9.729687,4.5497947,0.009449143,0.1
2005-01-06 09:30:00,359.9209,15.151261,4.6065445,0.00578367,0.1
2005-01-06 10:00:00,362.04498,14.151705,4.6957254,0.009408207,0.1
2005-01-06 10:30:00,365.83997,16.329536,4.4570007,0.010802112,0.1
2005-01-06 11:00:00,372.39044,25.960136,4.703326,0.006234544,0.1
2005-01-06 11:30:00,376.32376,29.169102,4.403644,0.009529395,0.1
2005-01-06 12:00:00,374.44214,22.263168,3.4421208,0.009769675,0.1
2005-01-06 12:30:00,375.71997,18.26287,2.495556,0.0077604577,0.1
2005-01-06 13:00:00,379.23813,24.19299,1.865948,0.016200822,0.1
2005-01-06 13:30:00,386.01758,45.10571,1.2462128,0.027610475,0.1
2005-01-06 14:00:00,389.15543,54.305702,0.98234874,0.032047804,0.1
2005-01-06 14:30:00,392.26755,52.307503,0.92010754,0.03464627,0.1
2005-01-06 15:00:00,386.49603,35.14222,0.59037083,0.02232657,0.1
2005-01-06 15:30:00,380.8353,16.650421,0.117750734,0.012100839,0.1
2005-01-06 16:00:00,374.33844,8.662115,-0.25094438,0.025884265,0.1
2005-01-06 16:30:00,365.69968,-1.9712254,0.0,0.026326919,0.1
2005-01-06 17:00:00,370.0952,9.569201,0.0,0.035324574,0.1
2005-01-06 17:30:00,365.2602,14.771777,0.0,0.038885247,0.1
2005-01-06 18:00:00,353.76855,7.5128455,0.0,0.03498707,0.1
2005-01-06 18:30:00,351.59995,8.770453,-2.9433154e-15,0.038534775,0.1
2005-01-06 19:00:00,355.53198,26.326616,0.0,0.047140237,0.1
2005-01-06 19:30:00,356.95633,24.399887,2.8110362e-15,0.022278,0.1
2005-01-06 20:00:00,357.18335,29.139042,2.8763282e-15,0.03133859,0.1
2005-01-06 20:30:00,357.0723,29.862753,-2.7897725e-15,0.020596212,0.1
2005-01-06 21:00:00,357.23193,28.314436,0.0,0.013982207,0.1
2005-01-06 21:30:00,356.5095,28.004324,0.0,0.016142022,0.1
2005-01-06 22:00:00,355.6909,28.253794,2.7429883e-15,0.014766243,0.1
2005-01-06 22:30:00,355.6117,29.934591,-2.7892518e-15,0.020605166,0.1
2005-01-06 23:00:00,353.53317,32.948803,0.0,0.058243323,0.1
2005-01-06 23:30:00,351.38666,28.22557,0.0,0.04599215,0.1
2005-01-07 00:00:00,350.18475,30.546505,0.0,0.058309093,0.1
2005-01-07 00:30:00,350.47104,27.61015,0.0,0.023362482,0.1
2005-01-07 01:00:00,348.80487,23.888887,2.7415352e-15,0.009653699,0.1
2005-01-07 01:30:00,349.91507,26.78723,0.0,0.007847232,0.1
2005-01-07 02:00:00,349.72528,29.077854,2.742839e-15,0.010546915,0.1
2005-01-07 02:30:00,349.31882,30.490192,0.0,0.011842611,0.1
2005-01-07 03:00:00,348.16245,32.65654,2.7680916e-15,0.018521369,0.1
2005-01-07 03:30:00,347.1416,35.882294,2.7625133e-15,0.018084055,0.1
2005-01-07 04:00:00,346.00992,36.8692,0.0,0.019835105,0.1
2005-01-07 04:30:00,343.17584,44.2594,0.096181616,0.029819688,0.1
2005-01-07 05:00:00,341.68362,43.65853,0.17759916,0.018891718,0.1
2005-01-07 05:30:00,340.92065,46.99092,0.35044706,0.019962762,0.1
2005-01-07 06:00:00,341.59976,40.271595,-2.7481766e-15,0.010108982,0.1
2005-01-07 06:30:00,340.95538,37.593056,-0.00012297387,0.011678207,0.1
2005-01-07 07:00:00,342.08737,40.63393,0.38344863,0.012438199,0.1
2005-01-07 07:30:00,341.87695,39.966816,0.36889586,0.015905408,0.1
2005-01-07 08:00:00,345.0109,44.65053,1.0108513,0.017165229,0.1
2005-01-07 08:30:00,345.85062,49.715614,1.2298579,0.014214955,0.1
2005-01-07 09:00:00,348.10037,51.23212,1.1482137,0.012601063,0.1
2005-01-07 09:30:00,352.95325,52.35883,0.898014,0.009791803,0.1
2005-01-07 10:00:00,354.6947,59.76302,1.0029056,0.023559092,0.1
2005-01-07 10:30:00,356.96695,83.0233,1.7929528,0.048681978,0.1
2005-01-07 11:00:00,360.4656,91.41076,2.013705,0.035445377,0.1
2005-01-07 11:30:00,364.75113,92.50513,1.7868224,0.03281584,0.1
2005-01-07 12:00:00,368.40796,92.99313,1.4760845,0.047900964,0.1
2005-01-07 12:30:00,370.1657,96.763596,1.5737375,0.045878246,0.1
2005-01-07 13:00:00,371.70966,95.77622,1.3245556,0.035368633,0.1
2005-01-07 13:30:00,374.33804,95.37927,1.0190511,0.030909687,0.1
2005-01-07 14:00:00,377.7494,98.0898,0.7981849,0.030575704,0.1
2005-01-07 14:30:00,376.1565,84.47734,0.29963365,0.03635979,0.1
2005-01-07 15:00:00,373.04724,62.54775,-2.7821778e-15,0.021519227,0.1
2005-01-07 15:30:00,365.71375,46.443287,0.0,0.0335142,0.1
2005-01-07 16:00:00,356.54712,32.724266,0.0,0.037894204,0.1
2005-01-07 16:30:00,348.88718,19.83217,0.0,0.040547438,0.1
2005-01-07 17:00:00,345.2684,8.465732,2.7778736e-15,0.018274777,0.1
2005-01-07 17:30:00,344.4785,2.6358974,-5.6223974,0.006370526,0.1
2005-01-07 18:00:00,341.8187,-4.1531534,-4.007662,0.01966716,0.1
2005-01-07 18:30:00,340.02512,-15.88928,0.0026765151,0.029696865,0.1
2005-01-07 19:00:00,338.368,-11.469859,-2.1252992,0.010266349,0.1
2005-01-07 19:30:00,338.06696,-14.534933,-3.3717282,0.02724013,0.1
2005-01-07 20:00:00,337.39264,-15.01714,-3.831946,0.030725764,0.1
2005-01-07 20:30:00,338.27844,-24.914934,-4.3482184,0.113483526,0.1
2005-01-07 21:00:00,338.42325,-24.000214,-8.0816,0.12164165,0.1
2005-01-07 21:30:00,339.43396,-23.130661,-12.136577,0.12213026,0.1
2005-01-07 22:00:00,339.40997,-25.246809,-11.586165,0.08665486,0.1
2005-01-07 22:30:00,339.46808,-23.71972,-10.8897,0.066024706,0.1
2005-01-07 23:00:00,340.09747,-27.921368,-11.977982,0.09150021,0.1
2005-01-07 23:30:00,337.94604,-16.877165,-7.741681,0.020331698,0.1
2005-01-08 00:00:00,337.0078,-13.5225935,-6.489292,0.012679543,0.1
2005-01-08 00:30:00,336.55276,-13.937381,-7.032534,0.015894473,0.1
2005-01-08 01:00:00,335.1827,-16.476406,-7.039398,0.015025478,0.1
2005-01-08 01:30:00,335.13586,-16.422054,-7.668376,0.01966985,0.1
2005-01-08 02:00:00,334.81204,-17.624918,-8.059999,0.02340999,0.1
2005-01-08 02:30:00,334.03122,-16.321444,-7.3271804,0.017363185,0.1
2005-01-08 03:00:00,333.12756,-17.884077,-7.4865427,0.01902258,0.1
2005-01-08 03:30:00,332.8463,-16.849964,-8.02259,0.01759111,0.1
2005-01-08 04:00:00,332.98947,-18.891294,-9.6621475,0.025103256,0.1
2005-01-08 04:30:00,333.9062,-24.549799,-12.607077,0.043775655,0.1
2005-01-08 05:00:00,335.61227,-34.52968,-15.747514,0.08156295,0.1
2005-01-08 05:30:00,336.85507,-41.62851,-16.756947,0.11165715,0.1
2005-01-08 06:00:00,338.31622,-46.697315,-16.473028,0.15656175,0.1
2005-01-08 06:30:00,337.25836,-40.131424,-13.95447,0.093975596,0.1
2005-01-08 07:00:00,336.67438,-25.594889,-11.611689,0.04290419,0.1
2005-01-08 07:30:00,334.9908,-17.243118,-8.703144,0.016777385,0.1
2005-01-08 08:00:00,338.6559,-5.6334105,-7.8005905,0.021545835,0.1
2005-01-08 08:30:00,342.94763,2.881456,-3.6725948,0.01818608,0.1
2005-01-08 09:00:00,350.0116,12.094307,1.9365994,0.018340027,0.1
2005-01-08 09:30:00,359.12943,16.422651,11.801282,0.041234247,0.1
2005-01-08 10:00:00,367.44107,17.671392,20.8884,0.1473685,0.1
2005-01-08 10:30:00,375.6267,25.680214,29.673546,0.11213077,0.1
2005-01-08 11:00:00,382.72592,36.028965,41.502117,0.17894988,0.1
2005-01-08 11:30:00,387.13962,46.13672,46.57073,0.217512,0.1
2005-01-08 12:00:00,392.6014,57.6494,49.64732,0.22829801,0.1
2005-01-08 12:30:00,396.465,66.96101,45.412636,0.25860354,0.1
2005-01-08 13:00:00,399.17792,65.59635,33.15958,0.18210614,0.1
2005-01-08 13:30:00,401.32114,66.63328,21.93209,0.1626065,0.1
2005-01-08 14:00:00,401.77222,63.558502,8.369648,0.12788136,0.1
2005-01-08 14:30:00,399.59247,51.812904,2.1535652,0.09724414,0.1
2005-01-08 15:00:00,393.38046,41.950138,2.4071925,0.109946296,0.1
2005-01-08 15:30:00,386.9409,30.126242,2.0656726,0.1244314,0.1
2005-01-08 16:00:00,375.91364,8.137322,1.60264,0.09915564,0.1
2005-01-08 16:30:00,368.0915,-1.2468158,1.2083557,0.1178243,0.1
2005-01-08 17:00:00,363.10486,-4.0802875,0.995089,0.09973178,0.1
2005-01-08 17:30:00,359.90674,-4.216783,0.7786824,0.095946305,0.1
2005-01-08 18:00:00,355.83282,-9.007168,0.47193193,0.06817057,0.1
2005-01-08 18:30:00,353.10934,-9.356574,0.37356395,0.041557267,0.1
2005-01-08 19:00:00,350.7971,-9.648009,0.27328607,0.025810465,0.1
2005-01-08 19:30:00,348.37625,-9.12427,0.09999232,0.0057478496,0.1
2005-01-08 20:00:00,346.77878,-7.74878,-2.102026,0.014456374,0.1
2005-01-08 20:30:00,344.8083,-7.747717,-3.5381489,0.030161079,0.1
2005-01-08 21:00:00,343.00772,-6.573284,-4.607246,0.03161221,0.1
2005-01-08 21:30:00,341.35486,-3.9039485,-5.6859207,0.032979257,0.1
2005-01-08 22:00:00,339.52667,-3.646741,-6.5883756,0.037459612,0.1
2005-01-08 22:30:00,338.44717,-2.9110787,-6.566603,0.020716837,0.1
2005-01-08 23:00:00,336.7719,-0.0012539853,-7.4510245,0.030328782,0.1
2005-01-08 23:30:00,335.7706,1.1493708,-8.218417,0.037273273,0.1
2005-01-09 00:00:00,334.5192,2.5536976,-8.5071125,0.03393645,0.1
2005-01-02 00:30:00,363.59473,23.193401,0.48102948,0.09173388,0.15
2005-01-02 01:00:00,362.22714,25.982903,0.032204118,0.112318255,0.15
2005-01-02 01:30:00,361.906,22.72798,3.2335487e-15,0.08943195,0.15
2005-01-02 02:00:00,361.5557,17.98501,0.0,0.109459735,0.15
2005-01-02 02:30:00,361.09558,14.317018,-0.08363393,0.10190896,0.15
2005-01-02 03:00:00,359.59555,9.327797,-3.2177524e-15,0.07972726,0.15
2005-01-02 03:30:00,360.77167,7.6496525,0.0,0.09825375,0.15
2005-01-02 04:00:00,361.72046,6.6728954,0.0,0.09646284,0.15
2005-01-02 04:30:00,361.86328,8.677421,0.0,0.08558902,0.15
2005-01-02 05:00:00,361.6111,9.9292345,0.6800595,0.07090661,0.15
2005-01-02 05:30:00,361.79037,8.734511,0.93429375,0.06764438,0.15
2005-01-02 06:00:00,362.9395,6.532512,1.3508443,0.09161379,0.15
2005-01-02 06:30:00,362.6877,7.8532104,2.2567868,0.1893379,0.15
2005-01-02 07:00:00,363.83905,8.779496,1.7673988,0.11115776,0.15
2005-01-02 07:30:00,364.47974,5.844402,1.5514252,0.09897748,0.15
2005-01-02 08:00:00,367.36667,9.51006,1.5828048,0.075950086,0.15
2005-01-02 08:30:00,368.8068,10.237665,2.4023044,0.09660446,0.15
2005-01-02 09:00:00,370.80435,14.821614,2.31402,0.09963574,0.15
2005-01-02 09:30:00,374.09653,20.56731,2.7079158,0.111406185,0.15
2005-01-02 10:00:00,380.38507,33.045044,3.3332303,0.11760889,0.15
2005-01-02 10:30:00,387.3514,45.28902,3.5740077,0.11802128,0.15
2005-01-02 11:00:00,395.94113,58.08466,2.9359665,0.12085129,0.15
2005-01-02 11:30:00,405.80505,81.79459,0.97535133,0.15852204,0.15
2005-01-02 12:00:00,396.99576,61.131943,1.8132025,0.21097079,0.15
2005-01-02 12:30:00,393.122,75.605705,1.1198516,0.27580735,0.15
2005-01-02 13:00:00,390.34692,74.6598,73.05625,0.16754219,0.15
2005-01-02 13:30:00,389.03732,66.06034,74.40357,0.17317171,0.15
2005-01-02 14:00:00,383.95587,42.56809,55.705357,0.15940313,0.15
2005-01-02 14:30:00,380.724,31.749023,46.23613,0.15263501,0.15
2005-01-02 15:00:00,376.99802,22.596369,41.553516,0.16824111,0.15
2005-01-02 15:30:00,372.48016,19.77648,36.554703,0.22232017,0.15
2005-01-02 16:00:00,368.60123,29.03802,24.831108,0.17062499,0.15
2005-01-02 16:30:00,361.71347,14.725867,16.79959,0.15395866,0.15
2005-01-02 17:00:00,363.899,25.921225,16.816944,0.22382462,0.15
2005-01-02 17:30:00,361.0294,31.157269,17.187368,0.15231298,0.15
2005-01-02 18:00:00,360.1612,25.305008,16.06186,0.12195987,0.15
2005-01-02 18:30:00,358.22293,18.241705,22.117777,0.18106195,0.15
2005-01-02 19:00:00,355.30368,8.679415,21.084517,0.100626655,0.15
2005-01-02 19:30:00,356.40292,11.679538,17.91781,0.09431586,0.15
2005-01-02 20:00:00,356.5214,10.5635395,15.327884,0.08733311,0.15
2005-01-02 20:30:00,356.6181,9.244767,13.833032,0.06725893,0.15
2005-01-02 21:00:00,355.58698,7.553719,14.15403,0.09339786,0.15
2005-01-02 21:30:00,354.8054,6.0493636,12.549187,0.07929435,0.15
2005-01-02 22:00:00,354.5263,6.64386,9.8872385,0.074903,0.15
2005-01-02 22:30:00,353.0923,5.1498857,8.001485,0.073757306,0.15
2005-01-02 23:00:00,346.4963,-3.7382529,3.7598028,0.09191556,0.15
2005-01-02 23:30:00,343.9695,-3.1100407,-0.646804,0.07962609,0.15
2005-01-03 00:00:00,341.8599,-4.788174,-2.7063413,0.07681869,0.15
2005-01-03 00:30:00,339.6165,-6.83142,-3.7943735,0.07951924,0.15
2005-01-03 01:00:00,338.87128,-6.4913545,-3.8822281,0.060856864,0.15
2005-01-03 01:30:00,342.17743,1.9853877,-0.05874948,0.064028874,0.15
2005-01-03 02:00:00,336.56653,-6.816276,-5.243442,0.044066966,0.15
2005-01-03 02:30:00,334.67197,-6.484067,-6.953443,0.04726138,0.15
2005-01-03 03:00:00,332.73685,-7.3884225,-7.697797,0.03153852,0.15
2005-01-03 03:30:00,331.86713,-5.828752,-7.874572,0.022876961,0.15
2005-01-03 04:00:00,333.57526,0.07551854,-6.758959,0.028909093,0.15
2005-01-03 04:30:00,335.58188,6.158551,-5.111918,0.024747001,0.15
2005-01-03 05:00:00,338.3871,8.803696,-2.1146898,0.022716701,0.15
2005-01-03 05:30:00,340.70312,17.990301,1.5525732,0.029759983,0.15
2005-01-03 06:00:00,342.49884,21.904455,2.62415,0.022118824,0.15
2005-01-03 06:30:00,341.28296,21.771387,2.6471097,0.021897063,0.15
2005-01-03 07:00:00,341.6654,25.751253,3.029692,0.023957461,0.15
2005-01-03 07:30:00,341.91293,28.86564,3.9118187,0.022302013,0.15
2005-01-03 08:00:00,344.48566,33.522205,4.315189,0.02417926,0.15
2005-01-03 08:30:00,345.2697,40.18209,7.197152,0.027125139,0.15
2005-01-03 09:00:00,347.10812,47.76497,9.762908,0.02532913,0.15
2005-01-03 09:30:00,349.8384,53.53131,11.931617,0.024160529,0.15
2005-01-03 10:00:00,352.05173,57.72921,13.92988,0.028278338,0.15
2005-01-03 10:30:00,355.8036,63.865753,16.662651,0.02801143,0.15
2005-01-03 11:00:00,358.13672,73.594826,20.1512,0.041547928,0.15
2005-01-03 11:30:00,367.57022,95.64353,29.12773,0.037770532,0.15
2005-01-03 12:00:00,371.85464,104.08925,35.198097,0.035876572,0.15
2005-01-03 12:30:00,377.10553,96.999954,37.867744,0.03108447,0.15
2005-01-03 13:00:00,378.66327,91.63855,39.247723,0.044890575,0.15
2005-01-03 13:30:00,379.7538,79.76145,36.800545,0.030600432,0.15
2005-01-03 14:00:00,379.00787,65.867424,31.406885,0.0297381,0.15
2005-01-03 14:30:00,374.4731,64.42744,25.898514,0.043956783,0.15
2005-01-03 15:00:00,369.2573,53.784573,18.056599,0.046450008,0.15
2005-01-03 15:30:00,362.5097,37.37584,12.318968,0.047446188,0.15
2005-01-03 16:00:00,353.79962,20.806908,8.689002,0.054186184,0.15
2005-01-03 16:30:00,347.86365,8.306855,5.731571,0.0451439,0.15
2005-01-03 17:00:00,342.85507,3.8449283,4.27257,0.05280584,0.15
2005-01-03 17:30:00,339.46588,-1.6272153,3.3019142,0.04859244,0.15
2005-01-03 18:00:00,336.39963,-6.14408,2.2108634,0.02908569,0.15
2005-01-03 18:30:00,334.36942,-6.875951,1.6361042,0.01777868,0.15
2005-01-03 19:00:00,332.5031,-7.1768355,1.2804863,0.005933576,0.15
2005-01-03 19:30:00,330.90405,-6.0291657,-0.52185374,0.00081582484,0.15
2005-01-03 20:00:00,329.55872,-5.501635,-0.80525994,0.0007774242,0.15
2005-01-03 20:30:00,328.3029,-5.3151903,-0.9364791,0.00064443826,0.15
2005-01-03 21:00:00,326.6471,0.36612964,-3.5064185,0.018101307,0.15
2005-01-03 21:30:00,325.4897,3.7819467,-4.792908,0.029948788,0.15
2005-01-03 22:00:00,324.78464,-2.0628636,-4.9660816,0.00824762,0.15
2005-01-03 22:30:00,323.89798,-2.5138397,-5.250774,0.005528789,0.15
2005-01-03 23:00:00,322.874,-4.517379,-1.4977818,0.00036044422,0.15
2005-01-03 23:30:00,322.17,-3.9080446,-1.5047569,0.00034615886,0.15
2005-01-04 00:00:00,321.5335,-3.1438665,-1.4700545,0.0004902014,0.15
2005-01-04 00:30:00,320.12985,3.4591582,-7.9304357,0.012195852,0.15
2005-01-04 01:00:00,318.62204,7.086974,-7.7179265,0.012206213,0.15
2005-01-04 01:30:00,320.07806,13.479989,-5.7696176,0.020422108,0.15
2005-01-04 02:00:00,320.78186,21.088402,-3.4051127,0.024436845,0.15
2005-01-04 02:30:00,321.56595,22.217228,-1.6921424,0.02203207,0.15
2005-01-04 03:00:00,320.41528,27.741415,3.421105,0.028282337,0.15
2005-01-04 03:30:00,322.06973,17.982607,1.8259995,0.007172381,0.15
2005-01-04 04:00:00,322.2053,11.77406,2.1698477,0.016672932,0.15
2005-01-04 04:30:00,322.57364,14.334736,0.8872127,0.01243251,0.15
2005-01-04 05:00:00,321.12488,23.226055,2.0785537,0.010355944,0.15
2005-01-04 05:30:00,321.16678,18.615662,4.282368,0.013432408,0.15
2005-01-04 06:00:00,321.7611,16.061316,4.0722427,0.0101606045,0.15
2005-01-04 06:30:00,321.0481,17.762735,3.4269075,0.014408236,0.15
2005-01-04 07:00:00,321.05923,24.746363,4.7453985,0.013066772,0.15
2005-01-04 07:30:00,320.81882,22.5389,3.2922273,0.0093644755,0.15
2005-01-04 08:00:00,323.73755,28.350134,5.3446903,0.017872555,0.15
2005-01-04 08:30:00,327.88132,45.981617,6.715933,0.015419696,0.15
2005-01-04 09:00:00,335.13364,52.642014,26.689812,0.012645663,0.15
2005-01-04 09:30:00,337.82217,58.43286,32.92639,0.013014531,0.15
2005-01-04 10:00:00,340.29172,73.40412,39.36081,0.02312829,0.15
2005-01-04 10:30:00,348.23618,78.08714,46.445988,0.015665632,0.15
2005-01-04 11:00:00,354.42258,83.08058,53.66073,0.017774818,0.15
2005-01-04 11:30:00,360.61447,77.15349,64.43111,0.027862305,0.15
2005-01-04 12:00:00,365.42496,69.327446,77.46384,0.06382919,0.15
2005-01-04 12:30:00,369.2906,64.78941,77.25262,0.059480052,0.15
2005-01-04 13:00:00,372.29095,52.818947,72.51447,0.045403246,0.15
2005-01-04 13:30:00,373.28644,44.677345,69.66301,0.06528737,0.15
2005-01-04 14:00:00,374.5741,29.987524,57.74513,0.037132792,0.15
2005-01-04 14:30:00,373.4217,15.303824,45.519394,0.013306751,0.15
2005-01-04 15:00:00,367.1444,10.434771,36.47822,0.04183945,0.15
2005-01-04 15:30:00,359.87677,7.7530084,25.362818,0.03628551,0.15
2005-01-04 16:00:00,351.95935,-2.3681216,17.204659,0.040854625,0.15
2005-01-04 16:30:00,345.14896,-10.871414,10.614253,0.016694056,0.15
2005-01-04 17:00:00,341.77087,-12.038408,8.20055,0.014700584,0.15
2005-01-04 17:30:00,338.9182,-9.419025,0.25074288,0.00060404965,0.15
2005-01-04 18:00:00,335.82727,-10.16379,-0.6782378,0.00044929676,0.15
2005-01-04 18:30:00,334.13327,-8.361527,-0.6844062,0.00037034057,0.15
2005-01-04 19:00:00,332.60077,-7.201852,-0.79465264,0.00069831335,0.15
2005-01-04 19:30:00,331.2818,-6.7798295,-0.50460595,0.002400189,0.15
2005-01-04 20:00:00,330.7659,-8.524528,0.31275898,0.023109345,0.15
2005-01-04 20:30:00,329.99335,-8.001389,-0.3897942,0.043759726,0.15
2005-01-04 21:00:00,329.61237,-9.015928,-0.055361472,0.03394779,0.15
2005-01-04 21:30:00,328.74585,-7.6186633,0.6051686,0.06792118,0.15
2005-01-04 22:00:00,328.30777,-8.01687,0.010466361,0.046606585,0.15
2005-01-04 22:30:00,330.93207,-0.1599146,1.8570347,0.02488308,0.15
2005-01-04 23:00:00,327.13788,-4.851774,1.3306602,0.042551313,0.15
2005-01-04 23:30:00,325.4959,0.15142994,-0.11379115,0.053806793,0.15
2005-01-05 00:00:00,325.89102,2.6554296,-0.17960104,0.034081887,0.15
2005-01-05 00:30:00,326.71783,7.472307,1.2288259,0.05624818,0.15
2005-01-05 01:00:00,322.22272,2.4904006,0.1652139,0.06925986,0.15
2005-01-05 01:30:00,322.2156,1.3897734,-2.0626862,0.05107384,0.15
2005-01-05 02:00:00,321.20273,0.6869709,-2.7224283,0.039670102,0.15
2005-01-05 02:30:00,320.28983,2.7612817,-2.5989265,0.043958977,0.15
2005-01-05 03:00:00,319.58957,3.8973546,-1.9134932,0.050711934,0.15
2005-01-05 03:30:00,321.73877,2.8848054,-2.1637106,0.027925557,0.15
2005-01-05 04:00:00,321.43765,-2.3327148,-1.0895822,0.0073870146,0.15
2005-01-05 04:30:00,320.1474,-3.8309953,-1.3698223,0.012706016,0.15
2005-01-05 05:00:00,320.0392,1.8222072,-1.6952724,0.04127279,0.15
2005-01-05 05:30:00,320.3687,-0.32367268,-2.014817,0.007967475,0.15
2005-01-05 06:00:00,319.94315,-1.2190677,-0.6445925,0.0003060734,0.15
2005-01-05 06:30:00,318.62848,-3.0857618,-1.1916606,0.00041449472,0.15
2005-01-05 07:00:00,320.00208,0.7639395,-1.0368221,0.00051409815,0.15
2005-01-05 07:30:00,320.3357,0.31613645,-0.89961225,0.0004647171,0.15
2005-01-05 08:00:00,323.08005,5.773845,-0.67939967,0.00035215757,0.15
2005-01-05 08:30:00,322.8638,2.3417304,-0.44642013,0.00052219303,0.15
2005-01-05 09:00:00,325.85263,10.396872,2.6203513,0.012184124,0.15
2005-01-05 09:30:00,332.28064,29.310122,5.3548083,0.034980856,0.15
2005-01-05 10:00:00,341.35623,47.32244,10.29119,0.060610764,0.15
2005-01-05 10:30:00,355.95938,59.965652,16.567156,0.034832943,0.15
2005-01-05 11:00:00,360.78387,51.864887,18.51359,0.019668413,0.15
2005-01-05 11:30:00,366.78043,53.286766,20.092815,0.023317808,0.15
2005-01-05 12:00:00,378.50662,67.956314,23.45869,0.020566199,0.15
2005-01-05 12:30:00,383.33725,68.6662,21.734705,0.01914508,0.15
2005-01-05 13:00:00,387.8871,63.56517,16.701748,0.02345295,0.15
2005-01-05 13:30:00,390.04083,57.252262,9.585446,0.0138988085,0.15
2005-01-05 14:00:00,390.0455,52.07708,3.3521833,0.01445188,0.15
2005-01-05 14:30:00,386.87167,39.486164,2.7049882,0.014982131,0.15
2005-01-05 15:00:00,380.28992,26.161106,2.447844,0.013337451,0.15
2005-01-05 15:30:00,373.57065,9.672326,2.2431815,0.017123386,0.15
2005-01-05 16:00:00,364.7977,-5.643744,1.7040592,0.014788003,0.15
2005-01-05 16:30:00,357.0951,-14.141573,1.4901632,0.012702066,0.15
2005-01-05 17:00:00,352.41565,-14.284402,1.0500839,0.0026087072,0.15
2005-01-05 17:30:00,347.52548,-12.803532,0.5307789,0.0009688926,0.15
2005-01-05 18:00:00,343.71094,-12.430191,0.2540133,0.0008312142,0.15
2005-01-05 18:30:00,341.2628,-10.711759,0.23288053,0.0016436079,0.15
2005-01-05 19:00:00,339.0058,-9.314473,0.23631544,0.001183042,0.15
2005-01-05 19:30:00,337.39365,-7.807533,-1.1407299,0.00038487226,0.15
2005-01-05 20:00:00,336.09943,-7.187184,-1.2136074,0.00024673916,0.15
2005-01-05 20:30:00,334.8787,-6.0308285,-1.2022263,0.00048555888,0.15
2005-01-05 21:00:00,334.25986,-4.5695043,-1.128672,0.00048828067,0.15
2005-01-05 21:30:00,335.7456,-1.3305914,-1.5692724,0.0049496493,0.15
2005-01-05 22:00:00,334.38928,6.372738,-2.2688963,0.06778101,0.15
2005-01-05 22:30:00,330.13507,14.376596,-0.097865276,0.12475025,0.15
2005-01-05 23:00:00,329.64795,11.474012,-3.6328285,0.08639841,0.15
2005-01-05 23:30:00,328.8673,6.2999496,-3.8445616,0.061765265,0.15
2005-01-06 00:00:00,328.0772,3.6643834,-2.9153638,0.055560585,0.15
2005-01-06 00:30:00,327.25253,2.2532315,-1.7105188,0.053125083,0.15
2005-01-06 01:00:00,325.22165,3.2221355,-2.2092776,0.065191664,0.15
2005-01-06 01:30:00,324.7019,5.3647842,-2.588461,0.030680567,0.15
2005-01-06 02:00:00,329.0399,9.10354,0.23762852,0.014322506,0.15
2005-01-06 02:30:00,334.09723,18.48301,1.5203007,0.03621239,0.15
2005-01-06 03:00:00,334.1812,13.305984,1.8175838,0.0673612,0.15
2005-01-06 03:30:00,339.46667,12.018297,2.3903823,0.040316645,0.15
2005-01-06 04:00:00,340.56763,11.803657,2.5731986,0.044560343,0.15
2005-01-06 04:30:00,341.74594,12.274479,2.436371,0.042632505,0.15
2005-01-06 05:00:00,343.50217,8.305391,3.6989758,0.03368562,0.15
2005-01-06 05:30:00,344.8558,4.853867,3.632809,0.015401581,0.15
2005-01-06 06:00:00,346.16034,4.3431797,3.3501701,0.018205276,0.15
2005-01-06 06:30:00,343.1664,1.3913846,2.3087468,0.011863658,0.15
2005-01-06 07:00:00,346.76907,7.2941585,2.4804497,0.0067359023,0.15
2005-01-06 07:30:00,344.86548,2.4049947,2.4954839,0.013203291,0.15
2005-01-06 08:00:00,350.15186,11.327751,4.281923,0.0379234,0.15
2005-01-06 08:30:00,352.27325,11.569724,5.2911563,0.04108117,0.15
2005-01-06 09:00:00,354.14597,8.547407,4.323608,0.008410071,0.15
2005-01-06 09:30:00,359.53473,13.96119,4.1353035,0.003641338,0.15
2005-01-06 10:00:00,361.7001,12.784521,4.5070786,0.008604338,0.15
2005-01-06 10:30:00,365.46075,14.875492,4.279411,0.009959832,0.15
2005-01-06 11:00:00,372.01764,24.368706,4.551099,0.005841754,0.15
2005-01-06 11:30:00,375.96014,27.413164,4.2760515,0.009240821,0.15
2005-01-06 12:00:00,374.05,20.697676,3.303073,0.009609748,0.15
2005-01-06 12:30:00,375.31882,16.779833,2.3414252,0.007575719,0.15
2005-01-06 13:00:00,378.88376,22.801203,1.7301971,0.015797503,0.15
2005-01-06 13:30:00,385.654,43.58928,1.1082247,0.02723092,0.15
2005-01-06 14:00:00,388.76108,52.654648,0.7204867,0.03172433,0.15
2005-01-06 14:30:00,391.89902,50.67362,0.6532477,0.03430803,0.15
2005-01-06 15:00:00,386.1277,33.527454,0.3267325,0.022125004,0.15
2005-01-06 15:30:00,380.44626,15.086699,2.7396262e-15,0.011933809,0.15
2005-01-06 16:00:00,373.97873,7.1397743,0.0,0.025551768,0.15
2005-01-06 16:30:00,365.3511,-3.3973525,0.0,0.025911294,0.15
2005-01-06 17:00:00,369.67883,8.022352,-2.9498155e-15,0.03450577,0.15
2005-01-06 17:30:00,364.88022,13.130489,2.9398021e-15,0.038380995,0.15
2005-01-06 18:00:00,353.4381,5.966146,0.0,0.03459995,0.15
2005-01-06 18:30:00,351.2485,7.2402267,0.0,0.03799606,0.15
2005-01-06 19:00:00,355.1904,24.74537,-2.9915923e-15,0.046598867,0.15
2005-01-06 19:30:00,356.60226,22.900312,0.0,0.021973642,0.15
2005-01-06 20:00:00,356.843,27.603329,0.0,0.030989828,0.15
2005-01-06 20:30:00,356.72852,28.339191,-2.7890195e-15,0.02036328,0.15
2005-01-06 21:00:00,356.89017,26.801773,0.0,0.013801287,0.15
2005-01-06 21:30:00,356.17053,26.493813,-2.751172e-15,0.015941752,0.15
2005-01-06 22:00:00,355.40564,26.85364,0.0,0.014584629,0.15
2005-01-06 22:30:00,355.30878,28.540552,2.7885494e-15,0.020389525,0.15
2005-01-06 23:00:00,353.2491,31.490408,0.0,0.057799466,0.15
2005-01-06 23:30:00,351.09454,26.82197,-2.9718862e-15,0.045607377,0.15
2005-01-07 00:00:00,349.90262,29.132092,0.0,0.057861406,0.15
2005-01-07 00:30:00,350.17572,26.29599,-2.8131724e-15,0.02313011,0.15
2005-01-07 01:00:00,348.61774,22.828264,0.0,0.00954413,0.15
2005-01-07 01:30:00,349.69345,25.730965,2.7403515e-15,0.0077678594,0.15
2005-01-07 02:00:00,349.5154,28.054613,0.0,0.0104530845,0.15
2005-01-07 02:30:00,349.1156,29.495827,-2.7432653e-15,0.011746564,0.15
2005-01-07 03:00:00,348.0159,31.806185,0.0,0.018394843,0.15
2005-01-07 03:30:00,346.98358,35.048096,0.0,0.017980829,0.15
2005-01-07 04:00:00,345.86014,36.081436,2.7757528e-15,0.019734183,0.15
2005-01-07 04:30:00,343.04565,43.519062,-0.016459761,0.029709864,0.15
2005-01-07 05:00:00,341.55325,42.941376,0.07375165,0.018816242,0.15
2005-01-07 05:30:00,340.79752,46.306488,0.2546315,0.019890128,0.15
2005-01-07 06:00:00,341.42142,39.49002,2.747845e-15,0.010067119,0.15
2005-01-07 06:30:00,340.80304,36.83833,0.0,0.011621665,0.15
2005-01-07 07:00:00,341.87067,39.72064,0.0,0.012377259,0.15
2005-01-07 07:30:00,341.6597,38.987858,0.22313689,0.01581633,0.15
2005-01-07 08:00:00,344.60928,43.197502,0.79234326,0.017057475,0.15
2005-01-07 08:30:00,345.5136,48.198574,0.9939107,0.014102136,0.15
2005-01-07 09:00:00,347.79587,49.729736,0.91306114,0.012493904,0.15
2005-01-07 09:30:00,352.6164,50.804787,0.65259427,0.00970172,0.15
2005-01-07 10:00:00,354.4071,58.255962,0.76953566,0.02338451,0.15
2005-01-07 10:30:00,356.66455,81.42094,1.5502383,0.04845247,0.15
2005-01-07 11:00:00,360.15536,89.79871,1.7754639,0.035279166,0.15
2005-01-07 11:30:00,364.43948,90.8916,1.5462148,0.03265753,0.15
2005-01-07 12:00:00,368.09775,91.36619,1.2264882,0.047683395,0.15
2005-01-07 12:30:00,369.8525,95.1257,1.3231404,0.045685835,0.15
2005-01-07 13:00:00,371.442,94.257355,1.0965337,0.03521255,0.15
2005-01-07 13:30:00,374.0511,93.867226,0.79153633,0.030771544,0.15
2005-01-07 14:00:00,377.41504,96.48253,0.55026186,0.03043686,0.15
2005-01-07 14:30:00,375.8461,82.89472,-2.8761302e-15,0.03619683,0.15
2005-01-07 15:00:00,372.69922,60.905323,0.0,0.021394363,0.15
2005-01-07 15:30:00,365.3792,44.824356,0.0,0.033317838,0.15
2005-01-07 16:00:00,356.2578,31.215628,0.0,0.037658475,0.15
2005-01-07 16:30:00,348.57532,18.332664,0.0,0.040255293,0.15
2005-01-07 17:00:00,344.8878,6.973222,2.7770778e-15,0.018029863,0.15
2005-01-07 17:30:00,344.1018,1.3365922,-5.6772084,0.0061433567,0.15
2005-01-07 18:00:00,341.4863,-5.2792664,-4.0761046,0.018632153,0.15
2005-01-07 18:30:00,339.54028,-15.856235,-0.27691102,0.025638463,0.15
2005-01-07 19:00:00,337.88553,-11.948164,-2.0537586,0.010266349,0.15
2005-01-07 19:30:00,337.46967,-14.194488,-3.3491018,0.023153204,0.15
2005-01-07 20:00:00,336.72653,-14.345649,-3.757583,0.02473423,0.15
2005-01-07 20:30:00,337.79138,-25.460638,-4.6845837,0.10546121,0.15
2005-01-07 21:00:00,337.95627,-25.037964,-8.344879,0.115353875,0.15
2005-01-07 21:30:00,338.97214,-24.192514,-12.325553,0.11619849,0.15
2005-01-07 22:00:00,338.92242,-25.654207,-11.669188,0.08054378,0.15
2005-01-07 22:30:00,338.89597,-23.68018,-10.8595915,0.05970194,0.15
2005-01-07 23:00:00,339.55142,-28.00154,-12.07531,0.08413327,0.15
2005-01-07 23:30:00,337.2708,-16.58373,-7.4330873,0.017766379,0.15
2005-01-08 00:00:00,336.4685,-13.832336,-6.665967,0.012679543,0.15
2005-01-08 00:30:00,336.025,-14.417614,-7.225383,0.015894473,0.15
2005-01-08 01:00:00,334.76266,-16.695198,-7.2189384,0.015025478,0.15
2005-01-08 01:30:00,334.7073,-16.80458,-7.8496494,0.01966985,0.15
2005-01-08 02:00:00,334.35214,-17.783907,-8.108691,0.022684846,0.15
2005-01-08 02:30:00,333.62122,-16.657402,-7.486493,0.017363185,0.15
2005-01-08 03:00:00,332.77704,-18.133913,-7.6449,0.01902258,0.15
2005-01-08 03:30:00,332.49637,-17.149017,-8.164037,0.01759111,0.15
2005-01-08 04:00:00,332.66235,-19.22986,-9.814901,0.025103256,0.15
2005-01-08 04:30:00,333.47195,-24.274036,-12.475667,0.04132369,0.15
2005-01-08 05:00:00,335.1318,-33.798584,-15.651568,0.075751394,0.15
2005-01-08 05:30:00,336.41702,-41.13211,-16.831116,0.10498847,0.15
2005-01-08 06:00:00,337.92303,-46.97555,-16.700394,0.15053843,0.15
2005-01-08 06:30:00,336.81525,-40.0142,-14.05612,0.08884216,0.15
2005-01-08 07:00:00,336.04657,-25.245428,-11.427694,0.03914284,0.15
2005-01-08 07:30:00,334.52438,-17.603285,-8.870501,0.016777385,0.15
2005-01-08 08:00:00,338.00278,-6.7124295,-7.991254,0.021545835,0.15
2005-01-08 08:30:00,342.33334,2.0682132,-3.8814664,0.01818608,0.15
2005-01-08 09:00:00,349.4216,11.418664,1.6966963,0.018340027,0.15
2005-01-08 09:30:00,358.51404,16.34511,11.002961,0.037012924,0.15
2005-01-08 10:00:00,367.00946,16.17095,20.597021,0.13851267,0.15
2005-01-08 10:30:00,375.1367,23.937513,29.432116,0.10496862,0.15
2005-01-08 11:00:00,382.26288,33.696285,41.698273,0.17697167,0.15
2005-01-08 11:30:00,386.64993,43.54317,46.97123,0.21546975,0.15
2005-01-08 12:00:00,392.11002,55.05998,49.913956,0.22654264,0.15
2005-01-08 12:30:00,395.92172,64.22253,45.914394,0.25713715,0.15
2005-01-08 13:00:00,398.6231,63.083004,33.87878,0.18098135,0.15
2005-01-08 13:30:00,400.71033,64.096405,22.824577,0.16163704,0.15
2005-01-08 14:00:00,401.0838,60.385704,9.853174,0.12706304,0.15
2005-01-08 14:30:00,399.0695,49.723045,1.8274498,0.096489966,0.15
2005-01-08 15:00:00,392.92957,39.888573,2.0818858,0.10922885,0.15
2005-01-08 15:30:00,386.52368,28.112663,1.7388762,0.12361767,0.15
2005-01-08 16:00:00,375.5569,6.3656683,1.3152074,0.098395266,0.15
2005-01-08 16:30:00,367.7384,-2.9880047,0.9234412,0.116831444,0.15
2005-01-08 17:00:00,362.70425,-5.8365684,0.69682544,0.09858631,0.15
2005-01-08 17:30:00,359.5261,-5.8853335,0.48360592,0.09443796,0.15
2005-01-08 18:00:00,355.48367,-10.423442,0.20888181,0.06649439,0.15
2005-01-08 18:30:00,352.71976,-10.589449,0.12219487,0.039443664,0.15
2005-01-08 19:00:00,350.35867,-10.488889,0.031775802,0.021352867,0.15
2005-01-08 19:30:00,347.82928,-9.2096,-0.098524764,0.0035381347,0.15
2005-01-08 20:00:00,346.22458,-8.15849,-1.9667553,0.009768425,0.15
2005-01-08 20:30:00,344.30695,-8.672586,-3.496743,0.024057524,0.15
2005-01-08 21:00:00,342.51804,-7.7527394,-4.5323563,0.026734114,0.15
2005-01-08 21:30:00,340.90964,-5.3067784,-5.697131,0.030766962,0.15
2005-01-08 22:00:00,339.13367,-5.036256,-6.3959517,0.035497047,0.15
2005-01-08 22:30:00,338.0571,-4.136796,-6.5721445,0.019231109,0.15
2005-01-08 23:00:00,336.4133,-1.3521653,-7.535825,0.029168814,0.15
2005-01-08 23:30:00,335.42654,-0.21371086,-8.294696,0.03603857,0.15
2005-01-09 00:00:00,334.18488,1.2000515,-8.578134,0.032954127,0.15
2005-01-02 00:30:00,363.40912,22.679508,0.38993123,0.09173388,0.2
2005-01-02 01:00:00,362.20114,25.736094,-0.02030872,0.112153426,0.2
2005-01-02 01:30:00,361.82736,22.387335,-3.2334526e-15,0.08930238,0.2
2005-01-02 02:00:00,361.4781,17.623234,3.3411138e-15,0.10926141,0.2
2005-01-02 02:30:00,361.0055,13.917526,0.0,0.10167406,0.2
2005-01-02 03:00:00,359.55823,9.083103,0.0,0.079477735,0.2
2005-01-02 03:30:00,360.71207,7.375212,0.0,0.09794946,0.2
2005-01-02 04:00:00,361.66165,6.41046,-3.3337559e-15,0.096132025,0.2
2005-01-02 04:30:00,361.80444,8.415944,-3.2664585e-15,0.08533643,0.2
2005-01-02 05:00:00,361.5527,9.674284,0.67269653,0.07070679,0.2
2005-01-02 05:30:00,361.73178,8.485506,0.9256033,0.0674309,0.2
2005-01-02 06:00:00,362.83453,6.1487226,1.337427,0.09127446,0.2
2005-01-02 06:30:00,362.6067,7.436193,2.2294106,0.18890134,0.2
2005-01-02 07:00:00,363.65286,8.10314,1.7339615,0.110724054,0.2
2005-01-02 07:30:00,364.31836,5.2043324,1.5254469,0.09815734,0.2
2005-01-02 08:00:00,366.99698,8.339948,1.543924,0.07548862,0.2
2005-01-02 08:30:00,368.4996,9.048424,2.3363326,0.09487696,0.2
2005-01-02 09:00:00,370.5199,13.594289,2.2851267,0.0982441,0.2
2005-01-02 09:30:00,373.78397,19.191422,2.695991,0.11012484,0.2
2005-01-02 10:00:00,380.108,31.708784,3.3651812,0.116348594,0.2
2005-01-02 10:30:00,387.04642,43.845676,3.650673,0.11706873,0.2
2005-01-02 11:00:00,395.6254,56.601448,3.0479677,0.12002479,0.2
2005-01-02 11:30:00,405.57184,80.44309,0.2579884,0.15776123,0.2
2005-01-02 12:00:00,396.70465,59.525585,1.5095383,0.21038052,0.2
2005-01-02 12:30:00,392.86194,73.95918,0.8344408,0.27517226,0.2
2005-01-02 13:00:00,390.21555,73.53411,71.99635,0.16706622,0.2
2005-01-02 13:30:00,388.8537,64.93261,73.428665,0.17272517,0.2
2005-01-02 14:00:00,383.7256,41.356388,54.78001,0.15897422,0.2
2005-01-02 14:30:00,380.502,30.55575,45.4266,0.15211622,0.2
2005-01-02 15:00:00,376.76984,21.367353,40.837,0.16760252,0.2
2005-01-02 15:30:00,372.25204,18.450089,35.9384,0.22160017,0.2
2005-01-02 16:00:00,368.39847,27.82955,24.35891,0.1700312,0.2
2005-01-02 16:30:00,361.4927,13.52293,16.369354,0.15333757,0.2
2005-01-02 17:00:00,363.6441,24.512056,16.375662,0.22300142,0.2
2005-01-02 17:30:00,360.78793,29.826475,16.673944,0.15170702,0.2
2005-01-02 18:00:00,359.95065,24.122087,15.632967,0.12133562,0.2
2005-01-02 18:30:00,358.0115,17.0031,21.64783,0.1802349,0.2
2005-01-02 19:00:00,355.07748,7.5692964,20.578634,0.09991204,0.2
2005-01-02 19:30:00,356.17276,10.5841465,17.45094,0.09349795,0.2
2005-01-02 20:00:00,356.28552,9.471523,14.896976,0.086491026,0.2
2005-01-02 20:30:00,356.37256,8.179466,13.440296,0.06645752,0.2
2005-01-02 21:00:00,355.34705,6.4297194,13.790873,0.0924326,0.2
2005-01-02 21:30:00,354.55524,4.9399858,12.210064,0.07832554,0.2
2005-01-02 22:00:00,354.31598,5.644473,9.624369,0.07393212,0.2
2005-01-02 22:30:00,352.86435,4.124923,7.7653265,0.07285651,0.2
2005-01-02 23:00:00,346.27484,-4.7886686,3.542449,0.090961024,0.2
2005-01-02 23:30:00,343.73193,-4.14606,-0.7294993,0.07852852,0.2
2005-01-03 00:00:00,341.62592,-5.7852736,-2.7569408,0.07541597,0.2
2005-01-03 00:30:00,339.3754,-7.819129,-3.8151722,0.07769539,0.2
2005-01-03 01:00:00,338.70615,-7.14465,-3.8492506,0.057979695,0.2
2005-01-03 01:30:00,341.98972,1.2353721,-0.027170094,0.062439743,0.2
2005-01-03 02:00:00,336.38458,-7.535037,-5.207464,0.043075237,0.2
2005-01-03 02:30:00,334.4801,-7.161102,-6.8555484,0.04556483,0.2
2005-01-03 03:00:00,332.5649,-7.8578,-7.4811444,0.028947877,0.2
2005-01-03 03:30:00,331.65295,-6.263745,-7.546898,0.020254761,0.2
2005-01-03 04:00:00,333.38907,-0.46072543,-6.5394692,0.027096814,0.2
2005-01-03 04:30:00,335.42593,5.5814114,-5.0382376,0.024178823,0.2
2005-01-03 05:00:00,338.2417,8.246017,-2.0489454,0.022244347,0.2
2005-01-03 05:30:00,340.57614,17.394293,1.6136907,0.029495154,0.2
2005-01-03 06:00:00,342.32413,21.193384,2.7298172,0.02195947,0.2
2005-01-03 06:30:00,341.13104,21.0758,2.7554152,0.02175345,0.2
2005-01-03 07:00:00,341.41537,24.79522,3.1552873,0.023812898,0.2
2005-01-03 07:30:00,341.70584,27.927479,3.9480848,0.02214706,0.2
2005-01-03 08:00:00,344.05978,32.022926,4.4776998,0.023999881,0.2
2005-01-03 08:30:00,344.93314,38.675987,7.175459,0.026894119,0.2
2005-01-03 09:00:00,346.79013,46.231026,9.760551,0.025122514,0.2
2005-01-03 09:30:00,349.49313,51.902374,11.951925,0.02396979,0.2
2005-01-03 10:00:00,351.74945,56.15472,13.97577,0.028069118,0.2
2005-01-03 10:30:00,355.47415,62.238876,16.724815,0.027816253,0.2
2005-01-03 11:00:00,357.80765,71.91041,20.236265,0.04131027,0.2
2005-01-03 11:30:00,367.22693,93.92445,29.248652,0.03755345,0.2
2005-01-03 12:00:00,371.50674,102.29954,35.361633,0.03569979,0.2
2005-01-03 12:30:00,376.7495,95.24403,37.975693,0.030927122,0.2
2005-01-03 13:00:00,378.37073,90.05832,39.184856,0.04467317,0.2
2005-01-03 13:30:00,379.4216,78.173065,36.76249,0.03044367,0.2
2005-01-03 14:00:00,378.61908,64.19731,31.370285,0.029571641,0.2
2005-01-03 14:30:00,374.1099,62.722088,25.865368,0.043735076,0.2
2005-01-03 15:00:00,368.88605,52.09961,17.997377,0.046202417,0.2
2005-01-03 15:30:00,362.14316,35.720085,12.220573,0.047150362,0.2
2005-01-03 16:00:00,353.48944,19.292818,8.572727,0.053804107,0.2
2005-01-03 16:30:00,347.5351,6.861213,5.5793724,0.04472164,0.2
2005-01-03 17:00:00,342.48935,2.3160143,4.0780973,0.052201763,0.2
2005-01-03 17:30:00,339.11197,-3.061678,3.090802,0.047725324,0.2
2005-01-03 18:00:00,336.07404,-7.313741,2.0069356,0.02809449,0.2
2005-01-03 18:30:00,334.0061,-7.8809953,1.4214603,0.016473236,0.2
2005-01-03 19:00:00,332.05493,-7.3425093,0.84431195,0.002352179,0.2
2005-01-03 19:30:00,330.41354,-6.294134,-0.6218063,0.00081582484,0.2
2005-01-03 20:00:00,329.05582,-5.7283688,-0.8755832,0.0007774242,0.2
2005-01-03 20:30:00,327.77655,-5.5324907,-1.0126755,0.00064443826,0.2
2005-01-03 21:00:00,326.27283,-0.92792994,-3.7896512,0.017152622,0.2
2005-01-03 21:30:00,325.1198,2.3271506,-5.083215,0.029032372,0.2
2005-01-03 22:00:00,324.41257,-3.1214268,-4.993316,0.007356174,0.2
2005-01-03 22:30:00,323.4795,-3.5380719,-5.0755973,0.0046359957,0.2
2005-01-03 23:00:00,322.38724,-4.7544484,-1.5593879,0.00036044422,0.2
2005-01-03 23:30:00,321.88812,-3.6654065,-1.4770348,0.00034615886,0.2
2005-01-04 00:00:00,320.93088,-3.9252696,-1.6080301,0.0004769765,0.2
2005-01-04 00:30:00,319.74338,2.2649398,-8.149828,0.0115812365,0.2
2005-01-04 01:00:00,318.36954,5.948124,-7.9624763,0.011877405,0.2
2005-01-04 01:30:00,319.82645,12.36705,-5.9995704,0.020032883,0.2
2005-01-04 02:00:00,320.55933,19.991526,-3.6293602,0.024143849,0.2
2005-01-04 02:30:00,321.35873,21.191902,-1.8912288,0.021788914,0.2
2005-01-04 03:00:00,320.27402,26.853037,3.2198184,0.028070772,0.2
2005-01-04 03:30:00,321.9546,17.307507,1.7353114,0.007092152,0.2
2005-01-04 04:00:00,322.1002,11.151184,2.0836554,0.016465219,0.2
2005-01-04 04:30:00,322.35867,13.451603,0.67005515,0.012296734,0.2
2005-01-04 05:00:00,320.97983,22.539806,1.9481274,0.010268902,0.2
2005-01-04 05:30:00,321.05557,18.027382,4.177985,0.0133230295,0.2
2005-01-04 06:00:00,321.56824,15.274111,3.8853369,0.010072803,0.2
2005-01-04 06:30:00,320.92725,17.151361,3.3347707,0.014278044,0.2
2005-01-04 07:00:00,320.85132,23.842276,4.6054034,0.012982647,0.2
2005-01-04 07:30:00,320.6454,21.656677,3.1565416,0.009286605,0.2
2005-01-04 08:00:00,323.3712,26.970516,5.109865,0.017715875,0.2
2005-01-04 08:30:00,327.4273,44.1359,6.447467,0.015261891,0.2
2005-01-04 09:00:00,334.87634,51.41054,25.785412,0.012509621,0.2
2005-01-04 09:30:00,337.53427,57.00772,32.009014,0.012906706,0.2
2005-01-04 10:00:00,340.04996,72.03234,38.560673,0.02298408,0.2
2005-01-04 10:30:00,347.97705,76.72181,45.6648,0.015568652,0.2
2005-01-04 11:00:00,354.16724,81.71587,52.911816,0.017675245,0.2
2005-01-04 11:30:00,360.2385,76.405014,63.954964,0.027959464,0.2
2005-01-04 12:00:00,365.18808,67.901276,76.65657,0.063207075,0.2
2005-01-04 12:30:00,369.0027,63.373913,76.5898,0.05913511,0.2
2005-01-04 13:00:00,372.04337,51.55636,72.001305,0.045070443,0.2
2005-01-04 13:30:00,373.017,43.36074,69.25026,0.0648763,0.2
2005-01-04 14:00:00,374.25497,28.616625,57.295296,0.036601115,0.2
2005-01-04 14:30:00,373.0193,14.212874,45.47387,0.0134677375,0.2
2005-01-04 15:00:00,366.82297,9.051529,36.195152,0.0413571,0.2
2005-01-04 15:30:00,359.5274,6.2970004,25.143774,0.035910085,0.2
2005-01-04 16:00:00,351.65802,-3.707811,17.05624,0.040348813,0.2
2005-01-04 16:30:00,344.80948,-12.062793,10.453093,0.016322773,0.2
2005-01-04 17:00:00,341.36578,-13.016159,7.895678,0.013569655,0.2
2005-01-04 17:30:00,338.42566,-9.783074,0.09835439,0.00060404965,0.2
2005-01-04 18:00:00,335.3641,-10.337931,-0.7708477,0.00044929676,0.2
2005-01-04 18:30:00,333.62805,-8.580358,-0.77974933,0.00037034057,0.2
2005-01-04 19:00:00,332.079,-7.4129896,-0.8775959,0.00069831335,0.2
2005-01-04 19:30:00,330.75848,-7.0553894,-0.6064317,0.002400189,0.2
2005-01-04 20:00:00,330.23315,-8.54813,-0.024399582,0.017262062,0.2
2005-01-04 20:30:00,329.541,-8.832973,-0.6306244,0.037639644,0.2
2005-01-04 21:00:00,329.09033,-9.432806,-0.30212605,0.027971437,0.2
2005-01-04 21:30:00,328.33926,-8.841768,0.39054152,0.062230505,0.2
2005-01-04 22:00:00,327.89258,-8.845176,-0.16910753,0.04098434,0.2
2005-01-04 22:30:00,330.51474,-0.82797694,1.6048977,0.019689493,0.2
2005-01-04 23:00:00,326.7758,-6.1751537,1.3374131,0.039984003,0.2
2005-01-04 23:30:00,325.15628,-1.3245369,-0.20004694,0.052138995,0.2
2005-01-05 00:00:00,325.55185,1.2949654,-0.23972408,0.032741647,0.2
2005-01-05 00:30:00,326.40872,6.0169344,1.1715586,0.05488316,0.2
2005-01-05 01:00:00,322.01257,1.2216578,0.20031917,0.068149,0.2
2005-01-05 01:30:00,321.96713,0.26500624,-2.093784,0.0497562,0.2
2005-01-05 02:00:00,320.9653,-0.33976817,-2.7461057,0.03853325,0.2
2005-01-05 02:30:00,320.1257,1.9014008,-2.5328152,0.042987872,0.2
2005-01-05 03:00:00,319.48303,3.1201644,-1.8633785,0.049874026,0.2
2005-01-05 03:30:00,321.60535,2.2312615,-2.1057947,0.027016575,0.2
2005-01-05 04:00:00,321.21457,-2.4688215,-1.0200007,0.006270802,0.2
2005-01-05 04:30:00,319.99414,-3.6109211,-1.1701536,0.0095441975,0.2
2005-01-05 05:00:00,319.95258,1.236962,-1.703929,0.04033893,0.2
2005-01-05 05:30:00,320.22855,-0.66804075,-1.5940675,0.0054977834,0.2
2005-01-05 06:00:00,319.33667,-2.2571683,-0.8397409,0.0003060734,0.2
2005-01-05 06:30:00,318.20828,-2.875661,-1.1704724,0.00041449472,0.2
2005-01-05 07:00:00,319.56445,0.49252543,-1.0864265,0.00051409815,0.2
2005-01-05 07:30:00,319.91724,0.14352022,-0.94111156,0.0004647171,0.2
2005-01-05 08:00:00,322.62155,5.4776797,-0.63859016,0.00035215757,0.2
2005-01-05 08:30:00,322.50342,2.1305685,-0.45212027,0.00052219303,0.2
2005-01-05 09:00:00,325.19257,8.5706,1.5138664,0.004301914,0.2
2005-01-05 09:30:00,331.82144,27.620428,5.0880775,0.03358049,0.2
2005-01-05 10:00:00,340.9614,45.385788,10.133278,0.059353244,0.2
2005-01-05 10:30:00,355.52203,58.10085,16.545992,0.033989575,0.2
2005-01-05 11:00:00,360.3707,49.706867,18.596718,0.019365141,0.2
2005-01-05 11:30:00,366.29184,51.526768,20.282381,0.02321998,0.2
2005-01-05 12:00:00,378.0502,65.70675,23.798307,0.020292595,0.2
2005-01-05 12:30:00,382.84,66.33173,22.210524,0.019101623,0.2
2005-01-05 13:00:00,387.38397,61.628975,17.239826,0.02323199,0.2
2005-01-05 13:30:00,389.5101,55.323563,10.100942,0.013762098,0.2
2005-01-05 14:00:00,389.45892,50.148617,3.7363298,0.01430223,0.2
2005-01-05 14:30:00,386.4034,37.68811,2.4580371,0.014802158,0.2
2005-01-05 15:00:00,379.85953,24.424976,2.1998158,0.013176153,0.2
2005-01-05 15:30:00,373.1499,8.066425,1.9935001,0.016859856,0.2
2005-01-05 16:00:00,364.4281,-7.010277,1.4772878,0.014455437,0.2
2005-01-05 16:30:00,356.6967,-15.35952,1.2671057,0.012213369,0.2
2005-01-05 17:00:00,351.80975,-14.223852,0.58611685,0.0008645241,0.2
2005-01-05 17:30:00,346.93817,-13.091726,0.39551127,0.0009688926,0.2
2005-01-05 18:00:00,343.16025,-12.590586,0.13418633,0.0008312142,0.2
2005-01-05 18:30:00,340.68878,-10.95901,0.08689051,0.0016436079,0.2
2005-01-05 19:00:00,338.41318,-9.552202,0.10156437,0.001183042,0.2
2005-01-05 19:30:00,336.77017,-8.053904,-1.0535451,0.00038487226,0.2
2005-01-05 20:00:00,335.49408,-7.362593,-1.2688464,0.00024673916,0.2
2005-01-05 20:30:00,334.26157,-6.2281723,-1.2579387,0.00048555888,0.2
2005-01-05 21:00:00,333.63617,-4.7632213,-1.1856313,0.00048828067,0.2
2005-01-05 21:30:00,335.02814,-1.5031134,-1.0819556,0.0028310106,0.2
2005-01-05 22:00:00,334.04602,4.654053,-2.7788155,0.06561232,0.2
2005-01-05 22:30:00,329.76123,12.262547,-0.37918574,0.1233554,0.2
2005-01-05 23:00:00,329.3022,9.701116,-4.0214663,0.085077696,0.2
2005-01-05 23:30:00,328.53082,4.7243237,-4.16931,0.06047646,0.2
2005-01-06 00:00:00,327.75266,2.2107646,-3.2099614,0.054163724,0.2
2005-01-06 00:30:00,326.93542,0.8720223,-1.9949236,0.051657926,0.2
2005-01-06 01:00:00,325.01654,2.047158,-2.4512696,0.0639712,0.2
2005-01-06 01:30:00,324.45673,4.269089,-2.790644,0.03003416,0.2
2005-01-06 02:00:00,328.79648,8.173196,0.054356195,0.013724527,0.2
2005-01-06 02:30:00,333.87497,17.450953,1.395264,0.035510164,0.2
2005-01-06 03:00:00,334.01157,12.362235,1.7164015,0.06641835,0.2
2005-01-06 03:30:00,339.26508,11.240613,2.303473,0.038853455,0.2
2005-01-06 04:00:00,340.38467,11.003208,2.5054102,0.043739107,0.2
2005-01-06 04:30:00,341.56125,11.485429,2.440597,0.04198875,0.2
2005-01-06 05:00:00,343.32285,7.6362042,3.669405,0.03281967,0.2
2005-01-06 05:30:00,344.68707,4.419359,3.3464003,0.013616122,0.2
2005-01-06 06:00:00,345.91812,3.842392,3.2380157,0.015043837,0.2
2005-01-06 06:30:00,342.96167,0.7448408,2.2922485,0.011441823,0.2
2005-01-06 07:00:00,346.45352,6.486754,2.4348094,0.0061172703,0.2
2005-01-06 07:30:00,344.59866,1.6167142,2.3439429,0.012371612,0.2
2005-01-06 08:00:00,349.6832,10.020784,4.038035,0.03439631,0.2
2005-01-06 08:30:00,351.86127,10.194164,5.076694,0.03866919,0.2
2005-01-06 09:00:00,353.7301,7.4552264,4.0639095,0.007079655,0.2
2005-01-06 09:30:00,359.1833,13.3890915,2.794783,0.0009511891,0.2
2005-01-06 10:00:00,361.32816,11.419043,4.4552784,0.007748143,0.2
2005-01-06 10:30:00,365.06396,13.461094,4.185105,0.008984371,0.2
2005-01-06 11:00:00,371.61795,22.773088,4.494519,0.0053823898,0.2
2005-01-06 11:30:00,375.5665,25.615023,4.260165,0.008905441,0.2
2005-01-06 12:00:00,373.62762,19.079418,3.2601907,0.00943654,0.2
2005-01-06 12:30:00,374.88605,15.25458,2.2704215,0.0073695644,0.2
2005-01-06 13:00:00,378.49796,21.365938,1.67769,0.015343182,0.2
2005-01-06 13:30:00,385.2592,41.990532,1.0818521,0.026816607,0.2
2005-01-06 14:00:00,388.34775,50.965656,0.46133596,0.031374723,0.2
2005-01-06 14:30:00,391.51675,49.00762,0.3888976,0.033948217,0.2
2005-01-06 15:00:00,385.755,31.902718,0.0,0.021913761,0.2
2005-01-06 15:30:00,380.03433,13.480769,0.0,0.011759582,0.2
2005-01-06 16:00:00,373.6407,5.6721635,0.0,0.0251988,0.2
2005-01-06 16:30:00,364.98434,-4.844539,0.0,0.025476724,0.2
2005-01-06 17:00:00,369.25934,6.4896526,2.9486841e-15,0.033608496,0.2
2005-01-06 17:30:00,364.49533,11.48433,-2.9390305e-15,0.037850898,0.2
2005-01-06 18:00:00,353.1039,4.4155884,0.0,0.034194928,0.2
2005-01-06 18:30:00,350.89328,5.708704,-2.9417583e-15,0.0374279,0.2
2005-01-06 19:00:00,354.8457,23.160025,0.0,0.046031848,0.2
2005-01-06 19:30:00,356.2451,21.399233,-2.8094137e-15,0.021654211,0.2
2005-01-06 20:00:00,356.49994,26.064085,-2.8749457e-15,0.030625554,0.2
2005-01-06 20:30:00,356.38208,26.813225,2.7882461e-15,0.020121783,0.2
2005-01-06 21:00:00,356.5457,25.288822,-2.739968e-15,0.0136138,0.2
2005-01-06 21:30:00,355.82898,24.982859,0.0,0.015734343,0.2
2005-01-06 22:00:00,355.11755,25.45313,0.0,0.014396832,0.2
2005-01-06 22:30:00,355.00357,27.144201,0.0,0.020166524,0.2
2005-01-06 23:00:00,352.96307,30.027,3.0412136e-15,0.057341266,0.2
2005-01-06 23:30:00,350.8005,25.414185,0.0,0.04520963,0.2
2005-01-07 00:00:00,349.6187,27.71367,3.0450966e-15,0.05739955,0.2
2005-01-07 00:30:00,349.8785,24.980124,-2.8125272e-15,0.022889743,0.2
2005-01-07 01:00:00,348.42813,21.76766,-2.7399686e-15,0.009431145,0.2
2005-01-07 01:30:00,349.46988,24.673218,0.0,0.0076861586,0.2
2005-01-07 02:00:00,349.30368,27.029024,0.0,0.010356759,0.2
2005-01-07 02:30:00,348.91068,28.498684,-2.7426683e-15,0.011648128,0.2
2005-01-07 03:00:00,347.8676,30.95237,0.0,0.018265445,0.2
2005-01-07 03:30:00,346.82413,34.209843,-2.7616258e-15,0.017875511,0.2
2005-01-07 04:00:00,345.70905,35.289524,0.0,0.019631308,0.2
2005-01-07 04:30:00,342.91428,42.773975,-0.12873961,0.029598141,0.2
2005-01-07 05:00:00,341.42175,42.219913,-0.029765148,0.018739518,0.2
2005-01-07 05:30:00,340.6734,45.61787,0.15904942,0.019816346,0.2
2005-01-07 06:00:00,341.2422,38.70488,2.747509e-15,0.010024551,0.2
2005-01-07 06:30:00,340.6497,36.08143,0.0,0.011564622,0.2
2005-01-07 07:00:00,341.61813,38.71744,0.0,0.012315743,0.2
2005-01-07 07:30:00,341.4574,38.014385,0.07223624,0.01571872,0.2
2005-01-07 08:00:00,344.25418,41.85562,0.0,0.016946996,0.2
2005-01-07 08:30:00,345.15247,46.66332,0.7636691,0.013994057,0.2
2005-01-07 09:00:00,347.49567,48.24451,0.6948089,0.012384967,0.2
2005-01-07 09:30:00,352.2777,49.256165,0.41456586,0.00961053,0.2
2005-01-07 10:00:00,354.11957,56.754646,0.5431669,0.023207173,0.2
2005-01-07 10:30:00,356.36206,79.82025,1.3127927,0.04821986,0.2
2005-01-07 11:00:00,359.84506,88.18793,1.5418681,0.035111025,0.2
2005-01-07 11:30:00,364.12775,89.27902,1.3096718,0.032497272,0.2
2005-01-07 12:00:00,367.78738,89.73931,0.98064333,0.0474626,0.2
2005-01-07 12:30:00,369.5392,93.48759,1.0759712,0.045490913,0.2
2005-01-07 13:00:00,371.1739,92.73848,0.87128747,0.0350546,0.2
2005-01-07 13:30:00,373.76385,92.35502,0.56660736,0.030631764,0.2
2005-01-07 14:00:00,377.1088,94.947426,2.838696e-15,0.03029709,0.2
2005-01-07 14:30:00,375.49557,81.23712,0.0,0.03603763,0.2
2005-01-07 15:00:00,372.36768,59.28378,0.0,0.021264277,0.2
2005-01-07 15:30:00,365.0403,43.19816,0.0,0.033118695,0.2
2005-01-07 16:00:00,355.96927,29.710007,0.0,0.03741746,0.2
2005-01-07 16:30:00,348.26254,16.834034,2.9258365e-15,0.03995581,0.2
2005-01-07 17:00:00,344.5062,5.4880323,-2.7762619e-15,0.017775867,0.2
2005-01-07 17:30:00,343.72018,0.060623433,-5.7212,0.0058903927,0.2
2005-01-07 18:00:00,341.14218,-6.354826,-4.121668,0.017366271,0.2
2005-01-07 18:30:00,339.00684,-15.807924,-0.19841886,0.021910517,0.2
2005-01-07 19:00:00,337.42856,-12.314546,-2.1707737,0.010266349,0.2
2005-01-07 19:30:00,336.87753,-13.976316,-3.3225734,0.020062068,0.2
2005-01-07 20:00:00,336.07483,-13.818546,-3.667615,0.020453392,0.2
2005-01-07 20:30:00,337.2757,-25.82365,-4.9984813,0.0972295,0.2
2005-01-07 21:00:00,337.47104,-25.924953,-8.597132,0.10867814,0.2
2005-01-07 21:30:00,338.48758,-25.135433,-12.503345,0.109921806,0.2
2005-01-07 22:00:00,338.39978,-25.886301,-11.719652,0.07416163,0.2
2005-01-07 22:30:00,338.27026,-23.389086,-10.758375,0.053093,0.2
2005-01-07 23:00:00,338.9437,-27.781546,-12.122997,0.07610297,0.2
2005-01-07 23:30:00,336.68192,-16.729696,-7.4471445,0.01692007,0.2
2005-01-08 00:00:00,335.92722,-14.238287,-6.844233,0.012679543,0.2
2005-01-08 00:30:00,335.5021,-14.904252,-7.4147773,0.015894473,0.2
2005-01-08 01:00:00,334.34143,-16.924627,-7.397302,0.015025478,0.2
2005-01-08 01:30:00,334.27808,-17.19108,-8.02995,0.01966985,0.2
2005-01-08 02:00:00,333.94208,-18.200556,-8.287807,0.022684846,0.2
2005-01-08 02:30:00,333.2179,-17.043139,-7.6402664,0.017363185,0.2
2005-01-08 03:00:00,332.43466,-18.388256,-7.7973537,0.01902258,0.2
2005-01-08 03:30:00,332.15097,-17.453445,-8.301684,0.01759111,0.2
2005-01-08 04:00:00,332.33875,-19.570343,-9.964309,0.025103256,0.2
2005-01-08 04:30:00,333.0442,-24.027418,-12.346806,0.039126277,0.2
2005-01-08 05:00:00,334.64334,-33.029087,-15.52217,0.070289746,0.2
2005-01-08 05:30:00,336.20325,-39.196815,-21.141933,0.09723004,0.2
2005-01-08 06:00:00,337.1948,-47.63522,-17.013474,0.1443537,0.2
2005-01-08 06:30:00,336.39377,-39.57866,-14.2089205,0.0838546,0.2
2005-01-08 07:00:00,335.41672,-25.01538,-11.268469,0.036021564,0.2
2005-01-08 07:30:00,334.0704,-17.947561,-9.041801,0.016777385,0.2
2005-01-08 08:00:00,337.36667,-7.7737713,-8.178472,0.021545835,0.2
2005-01-08 08:30:00,341.73807,1.2720845,-4.0852194,0.01818608,0.2
2005-01-08 09:00:00,348.85257,10.761727,1.4646803,0.018340027,0.2
2005-01-08 09:30:00,357.91092,16.230183,10.303396,0.033715848,0.2
2005-01-08 10:00:00,366.58044,14.927619,20.20011,0.12937318,0.2
2005-01-08 10:30:00,374.67075,22.443,29.031769,0.09747018,0.2
2005-01-08 11:00:00,381.85406,31.5268,41.626694,0.17103353,0.2
2005-01-08 11:30:00,386.20737,41.103085,47.199265,0.21344495,0.2
2005-01-08 12:00:00,391.7151,52.789986,49.490063,0.22489433,0.2
2005-01-08 12:30:00,395.42474,61.65825,46.191296,0.2557724,0.2
2005-01-08 13:00:00,398.14618,60.787914,34.353317,0.17990679,0.2
2005-01-08 13:30:00,400.18195,61.777218,23.427979,0.16071953,0.2
2005-01-08 14:00:00,400.48428,57.437294,11.03915,0.12629016,0.2
2005-01-08 14:30:00,398.59454,47.737705,1.5299548,0.095779814,0.2
2005-01-08 15:00:00,392.50952,37.915222,1.7823362,0.10853757,0.2
2005-01-08 15:30:00,386.1285,26.1711,1.4359051,0.12282176,0.2
2005-01-08 16:00:00,375.21613,4.653201,1.048531,0.0976422,0.2
2005-01-08 16:30:00,367.39713,-4.6776266,0.65782416,0.11583656,0.2
2005-01-08 17:00:00,362.31265,-7.5460687,0.41667697,0.097415686,0.2
2005-01-08 17:30:00,359.15155,-7.506025,0.20544036,0.092847615,0.2
2005-01-08 18:00:00,355.13718,-11.783502,-0.038955722,0.064636014,0.2
2005-01-08 18:30:00,352.32336,-11.711922,-0.114419125,0.036599018,0.2
2005-01-08 19:00:00,349.89688,-11.112513,-0.19206315,0.01705971,0.2
2005-01-08 19:30:00,347.26135,-9.359118,0.0,0.0023902745,0.2
2005-01-08 20:00:00,345.64536,-8.275534,-1.8134415,0.00634,0.2
2005-01-08 20:30:00,343.76688,-9.2811365,-3.4611197,0.018425232,0.2
2005-01-08 21:00:00,341.98102,-8.636482,-4.4393954,0.020617481,0.2
2005-01-08 21:30:00,340.43182,-6.597768,-5.694478,0.027244445,0.2
2005-01-08 22:00:00,338.7329,-6.314858,-6.455922,0.032767236,0.2
2005-01-08 22:30:00,337.61597,-5.339116,-6.4597526,0.017083624,0.2
2005-01-08 23:00:00,336.03284,-2.688905,-7.6100535,0.027739516,0.2
2005-01-08 23:30:00,335.06235,-1.5791814,-8.363863,0.03456077,0.2
2005-01-09 00:00:00,333.83585,-0.15753376,-8.645283,0.031817753,0.2
2005-01-02 00:30:00,363.2235,22.165617,0.29883307,0.09173388,0.25
2005-01-02 01:00:00,362.17508,25.48952,-0.07277213,0.11198766,0.25
2005-01-02 01:30:00,361.74875,22.046871,3.2333562e-15,0.08917213,0.25
2005-01-02 02:00:00,361.40048,17.261745,3.3409897e-15,0.10906156,0.25
2005-01-02 02:30:00,360.92285,13.540481,-3.3170484e-15,0.101439424,0.25
2005-01-02 03:00:00,359.51785,8.835706,3.2173905e-15,0.0792338,0.25
2005-01-02 03:30:00,360.65353,7.1056714,3.3324686e-15,0.097644046,0.25
2005-01-02 04:00:00,361.6029,6.150269,0.0,0.0957997,0.25
2005-01-02 04:30:00,361.74597,8.15696,0.0,0.08508273,0.25
2005-01-02 05:00:00,361.49457,9.421306,0.6653653,0.07050626,0.25
2005-01-02 05:30:00,361.67343,8.238337,0.91690516,0.06721604,0.25
2005-01-02 06:00:00,362.7298,5.766859,1.3239387,0.090928786,0.25
2005-01-02 06:30:00,362.52585,7.021055,2.2019866,0.18846034,0.25
2005-01-02 07:00:00,363.46698,7.428974,1.7001051,0.110282384,0.25
2005-01-02 07:30:00,364.15695,4.56922,1.4983875,0.09729437,0.25
2005-01-02 08:00:00,366.6292,7.1706543,1.4995303,0.073029436,0.25
2005-01-02 08:30:00,368.19232,7.871269,2.2650964,0.091449074,0.25
2005-01-02 09:00:00,370.23538,12.381371,2.250741,0.096743174,0.25
2005-01-02 09:30:00,373.47137,17.827932,2.6776364,0.10878322,0.25
2005-01-02 10:00:00,379.83093,30.383373,3.3891559,0.11501924,0.25
2005-01-02 10:30:00,386.74182,42.410366,3.7189844,0.1160847,0.25
2005-01-02 11:00:00,395.3121,55.068596,3.1978345,0.11917756,0.25
2005-01-02 11:30:00,405.27005,78.889275,0.28930736,0.15698934,0.25
2005-01-02 12:00:00,396.4432,57.94198,1.1934792,0.20972389,0.25
2005-01-02 12:30:00,392.5955,72.27761,0.51227516,0.27451658,0.25
2005-01-02 13:00:00,390.08255,72.39264,70.92537,0.16657525,0.25
2005-01-02 13:30:00,388.66818,63.79018,72.44173,0.17226613,0.25
2005-01-02 14:00:00,383.494,40.13384,53.843792,0.15853399,0.25
2005-01-02 14:30:00,380.27924,29.355837,44.603508,0.15158379,0.25
2005-01-02 15:00:00,376.5412,20.135035,40.103695,0.16694707,0.25
2005-01-02 15:30:00,372.02414,17.123285,35.301144,0.22086386,0.25
2005-01-02 16:00:00,368.19592,26.622343,23.865025,0.16942585,0.25
2005-01-02 16:30:00,361.2725,12.323737,15.916387,0.15270376,0.25
2005-01-02 17:00:00,363.39062,23.110102,15.905969,0.22216183,0.25
2005-01-02 17:30:00,360.5469,28.500801,16.140644,0.15109172,0.25
2005-01-02 18:00:00,359.74066,22.945894,15.185315,0.12069897,0.25
2005-01-02 18:30:00,357.80048,15.771213,21.161465,0.17939107,0.25
2005-01-02 19:00:00,354.8513,6.4663234,20.06006,0.09917721,0.25
2005-01-02 19:30:00,355.94308,9.498371,16.96851,0.092649296,0.25
2005-01-02 20:00:00,356.05032,8.390774,14.447603,0.085613675,0.25
2005-01-02 20:30:00,356.12778,7.1277366,13.026261,0.06561694,0.25
2005-01-02 21:00:00,355.1081,5.3203764,13.403725,0.091422215,0.25
2005-01-02 21:30:00,354.30606,3.8474474,11.845101,0.07730448,0.25
2005-01-02 22:00:00,354.10632,4.6623917,9.336389,0.072906606,0.25
2005-01-02 22:30:00,352.61526,3.054799,7.7562485,0.07191824,0.25
2005-01-02 23:00:00,346.01608,-5.9498725,3.8475378,0.08993654,0.25
2005-01-02 23:30:00,343.51205,-5.144968,-0.84363747,0.07726235,0.25
2005-01-03 00:00:00,341.3841,-6.78646,-2.8343945,0.073819585,0.25
2005-01-03 00:30:00,339.13235,-8.788637,-3.8697684,0.076297745,0.25
2005-01-03 01:00:00,338.53387,-7.7683506,-3.8380623,0.05497281,0.25
2005-01-03 01:30:00,341.79688,0.5040929,-0.014580683,0.059421163,0.25
2005-01-03 02:00:00,336.1976,-8.244788,-5.1865864,0.04194687,0.25
2005-01-03 02:30:00,334.27826,-7.8143106,-6.754695,0.043215793,0.25
2005-01-03 03:00:00,332.38037,-8.280179,-7.265957,0.0261706,0.25
2005-01-03 03:30:00,331.4212,-6.6470017,-7.190134,0.017695867,0.25
2005-01-03 04:00:00,333.18182,-0.97281295,-6.2578897,0.024117084,0.25
2005-01-03 04:30:00,335.26022,4.997559,-4.9713535,0.023518432,0.25
2005-01-03 05:00:00,338.08835,7.677676,-1.9928944,0.021711564,0.25
2005-01-03 05:30:00,340.4441,16.783752,1.6643893,0.02921128,0.25
2005-01-03 06:00:00,342.14566,20.469543,2.825351,0.021790797,0.25
2005-01-03 06:30:00,340.97604,20.369389,2.8550508,0.021603286,0.25
2005-01-03 07:00:00,341.16373,23.831518,3.2674723,0.023662569,0.25
2005-01-03 07:30:00,341.4882,26.961702,4.073082,0.021988103,0.25
2005-01-03 08:00:00,343.63943,30.52704,4.6163087,0.023811573,0.25
2005-01-03 08:30:00,344.59583,37.167736,7.1264477,0.026655883,0.25
2005-01-03 09:00:00,346.472,44.697464,9.737535,0.024910253,0.25
2005-01-03 09:30:00,349.1476,50.27388,11.954618,0.023774492,0.25
2005-01-03 10:00:00,351.4461,54.579243,14.011976,0.027855081,0.25
2005-01-03 10:30:00,355.14343,60.609047,16.785025,0.02761686,0.25
2005-01-03 11:00:00,357.47653,70.21862,20.330965,0.04106758,0.25
2005-01-03 11:30:00,366.8803,92.19289,29.39503,0.037331693,0.25
2005-01-03 12:00:00,371.15448,100.519936,35.53777,0.035519496,0.25
2005-01-03 12:30:00,376.38223,93.4507,38.18435,0.030766755,0.25
2005-01-03 13:00:00,378.0438,88.31416,39.484314,0.044450685,0.25
2005-01-03 13:30:00,379.08224,76.576256,36.82626,0.030277053,0.25
2005-01-03 14:00:00,378.2353,62.500614,31.330368,0.029394826,0.25
2005-01-03 14:30:00,373.74292,60.986332,25.830513,0.043504376,0.25
2005-01-03 15:00:00,368.51144,50.38983,17.937056,0.045945328,0.25
2005-01-03 15:30:00,361.77338,34.04451,12.12156,0.046843104,0.25
2005-01-03 16:00:00,353.17584,17.762575,8.455727,0.05340723,0.25
2005-01-03 16:30:00,347.2031,5.4042525,5.4264584,0.044280488,0.25
2005-01-03 17:00:00,342.12024,0.7801724,3.8831408,0.05156575,0.25
2005-01-03 17:30:00,338.75357,-4.492949,2.878946,0.046789013,0.25
2005-01-03 18:00:00,335.74103,-8.4574585,1.8010415,0.02695756,0.25
2005-01-03 18:30:00,333.6255,-8.780986,1.1972989,0.014612994,0.25
2005-01-03 19:00:00,331.70505,-7.071787,-0.52087814,0.000758778,0.25
2005-01-03 19:30:00,330.0021,-6.620917,-0.71274054,0.00081582484,0.25
2005-01-03 20:00:00,328.57962,-5.990643,-0.9477949,0.0007774242,0.25
2005-01-03 20:30:00,327.27444,-5.761853,-1.0851665,0.00064443826,0.25
2005-01-03 21:00:00,325.89886,-2.1691978,-4.0250335,0.016051317,0.25
2005-01-03 21:30:00,324.75195,0.90391463,-5.350779,0.028020252,0.25
2005-01-03 22:00:00,323.99667,-4.1289554,-4.7667913,0.005998534,0.25
2005-01-03 22:30:00,322.8057,-4.6592364,-3.2754643,0.001869583,0.25
2005-01-03 23:00:00,321.95798,-4.414908,-1.5105127,0.00036044422,0.25
2005-01-03 23:30:00,321.53195,-3.7219915,-1.3566511,0.00034615886,0.25
2005-01-04 00:00:00,320.1597,-4.8890433,-2.196543,0.0004769765,0.25
2005-01-04 00:30:00,319.30054,1.0803453,-8.346692,0.010710063,0.25
2005-01-04 01:00:00,318.076,4.741316,-8.250407,0.011484629,0.25
2005-01-04 01:30:00,319.54865,11.194275,-6.2637033,0.019577751,0.25
2005-01-04 02:00:00,320.31717,18.833422,-3.8853602,0.02381538,0.25
2005-01-04 02:30:00,321.137,20.117128,-2.113337,0.021520203,0.25
2005-01-04 03:00:00,320.1216,25.919048,2.9971855,0.027841443,0.25
2005-01-04 03:30:00,321.83517,16.611782,1.6390052,0.0070049125,0.25
2005-01-04 04:00:00,321.99155,10.50771,1.9922025,0.016239433,0.25
2005-01-04 04:30:00,322.13422,12.534658,0.445422,0.012151142,0.25
2005-01-04 05:00:00,320.82864,21.82843,1.8121088,0.010176374,0.25
2005-01-04 05:30:00,320.95505,17.457209,4.09149,0.013206692,0.25
2005-01-04 06:00:00,321.40347,14.5412,3.7436397,0.0099837845,0.25
2005-01-04 06:30:00,320.80844,16.50781,3.2385993,0.0141523685,0.25
2005-01-04 07:00:00,320.6409,22.922379,4.462718,0.012895139,0.25
2005-01-04 07:30:00,320.4703,20.762709,3.0189457,0.009205587,0.25
2005-01-04 08:00:00,323.00363,25.579916,4.874325,0.017552605,0.25
2005-01-04 08:30:00,326.92804,42.16807,6.1784763,0.015098545,0.25
2005-01-04 09:00:00,334.59177,50.22631,24.87746,0.012391667,0.25
2005-01-04 09:30:00,337.2379,55.55968,31.074577,0.012793669,0.25
2005-01-04 10:00:00,339.802,70.63795,37.74328,0.022833845,0.25
2005-01-04 10:30:00,347.7145,75.33965,44.86452,0.015468458,0.25
2005-01-04 11:00:00,353.91034,80.3391,52.14181,0.017572831,0.25
2005-01-04 11:30:00,359.95294,75.173515,63.27905,0.027893066,0.25
2005-01-04 12:00:00,364.93988,66.51369,75.88712,0.06272772,0.25
2005-01-04 12:30:00,368.7297,61.999016,75.91757,0.058792487,0.25
2005-01-04 13:00:00,371.80246,50.31814,71.463615,0.044739474,0.25
2005-01-04 13:30:00,372.7567,42.072247,68.80308,0.06446379,0.25
2005-01-04 14:00:00,373.93854,27.292545,56.821327,0.03614196,0.25
2005-01-04 14:30:00,372.59473,13.194809,45.540676,0.013759506,0.25
2005-01-04 15:00:00,366.51135,7.700295,35.840668,0.04084151,0.25
2005-01-04 15:30:00,359.1824,4.8587713,24.861475,0.03552224,0.25
2005-01-04 16:00:00,351.36133,-5.02411,16.8533,0.039824087,0.25
2005-01-04 16:30:00,344.47324,-13.222604,10.242482,0.015928244,0.25
2005-01-04 17:00:00,340.9603,-13.812673,7.4324894,0.012045295,0.25
2005-01-04 17:30:00,337.93292,-10.148145,-0.06630908,0.00060404965,0.25
2005-01-04 18:00:00,334.89853,-10.514864,-0.8665759,0.00044929676,0.25
2005-01-04 18:30:00,333.12103,-8.799127,-0.88108146,0.00037034057,0.25
2005-01-04 19:00:00,331.55484,-7.6246963,-0.9660971,0.00069831335,0.25
2005-01-04 19:30:00,330.23294,-7.3302813,-0.7164693,0.002400189,0.25
2005-01-04 20:00:00,329.65198,-8.229949,-0.350821,0.011927714,0.25
2005-01-04 20:30:00,329.04825,-9.333942,-0.8996517,0.030933939,0.25
2005-01-04 21:00:00,328.51224,-9.4776745,-0.5753971,0.021769548,0.25
2005-01-04 21:30:00,327.90222,-9.883051,0.113451526,0.05583503,0.25
2005-01-04 22:00:00,327.43298,-9.449426,-0.39485273,0.034952704,0.25
2005-01-04 22:30:00,330.04623,-1.1642516,1.288541,0.0144147845,0.25
2005-01-04 23:00:00,326.38525,-7.372463,1.2885464,0.035604347,0.25
2005-01-04 23:30:00,324.79477,-2.810368,-0.3215996,0.050081763,0.25
2005-01-05 00:00:00,325.1929,-0.06642701,-0.3197477,0.03106904,0.25
2005-01-05 00:30:00,326.08524,4.539326,1.1019437,0.05328832,0.25
2005-01-05 01:00:00,321.9911,0.506109,-1.5115513,0.06690776,0.25
2005-01-05 01:30:00,321.78943,-0.8663788,-2.0241556,0.04867603,0.25
2005-01-05 02:00:00,320.75394,-1.3335321,-2.6928425,0.03736943,0.25
2005-01-05 02:30:00,319.95773,1.0037303,-2.4416153,0.041973773,0.25
2005-01-05 03:00:00,319.36838,2.3234859,-1.7807068,0.048960432,0.25
2005-01-05 03:30:00,321.46442,1.5743762,-2.007791,0.025937691,0.25
2005-01-05 04:00:00,321.04407,-2.4726658,-0.9069886,0.0054257857,0.25
2005-01-05 04:30:00,319.83508,-3.412446,-0.9511809,0.0069240155,0.25
2005-01-05 05:00:00,319.85434,0.6250561,-1.6513962,0.039271165,0.25
2005-01-05 05:30:00,319.9494,-1.0734174,-0.92968076,0.0022832484,0.25
2005-01-05 06:00:00,318.80142,-2.9067452,-1.2434293,0.0003060734,0.25
2005-01-05 06:30:00,317.82236,-2.751575,-1.1709343,0.00041449472,0.25
2005-01-05 07:00:00,319.1323,0.20553702,-1.1248069,0.00051409815,0.25
2005-01-05 07:30:00,319.50525,-0.036839485,-0.9817647,0.0004647171,0.25
2005-01-05 08:00:00,322.15323,5.1599283,-0.6064506,0.00035215757,0.25
2005-01-05 08:30:00,322.15027,1.9599862,-0.8218178,0.00052219303,0.25
2005-01-05 09:00:00,324.35178,7.1964836,0.88574857,0.0018223651,0.25
2005-01-05 09:30:00,331.311,25.92989,4.796772,0.031702217,0.25
2005-01-05 10:00:00,340.52545,43.358055,9.986339,0.057908572,0.25
2005-01-05 10:30:00,355.04834,56.168198,16.572409,0.0330649,0.25
2005-01-05 11:00:00,359.92343,47.456707,18.751905,0.019007597,0.25
2005-01-05 11:30:00,365.7599,49.72066,20.577682,0.023164669,0.25
2005-01-05 12:00:00,377.55234,63.351196,24.272848,0.019970687,0.25
2005-01-05 12:30:00,382.29456,63.871387,22.855549,0.019037435,0.25
2005-01-05 13:00:00,386.8256,59.580006,17.960207,0.022993863,0.25
2005-01-05 13:30:00,388.92206,53.28476,10.794207,0.01361514,0.25
2005-01-05 14:00:00,388.82156,47.954433,4.4141088,0.014140045,0.25
2005-01-05 14:30:00,385.904,35.835835,2.212414,0.014607212,0.25
2005-01-05 15:00:00,379.40698,22.646326,1.9532096,0.0130038075,0.25
2005-01-05 15:30:00,372.7114,6.432823,1.7451468,0.016576696,0.25
2005-01-05 16:00:00,364.0426,-8.387304,1.2514794,0.014091823,0.25
2005-01-05 16:30:00,356.2814,-16.560259,1.0448769,0.0116385445,0.25
2005-01-05 17:00:00,351.22592,-14.624488,0.42078155,0.0007510494,0.25
2005-01-05 17:30:00,346.37213,-13.38281,0.2591782,0.0009688926,0.25
2005-01-05 18:00:00,342.6122,-12.762993,0.00935121,0.0008312142,0.25
2005-01-05 18:30:00,340.1168,-11.209395,-0.060937837,0.0016436079,0.25
2005-01-05 19:00:00,337.82053,-9.79293,-0.0348377,0.001183042,0.25
2005-01-05 19:30:00,336.15988,-8.270876,-1.1053342,0.00038487226,0.25
2005-01-05 20:00:00,334.88742,-7.556984,-1.3242402,0.00024673916,0.25
2005-01-05 20:30:00,333.6451,-6.427816,-1.3135428,0.00048555888,0.25
2005-01-05 21:00:00,333.0117,-4.96055,-1.2424843,0.00048828067,0.25
2005-01-05 21:30:00,334.41476,-1.7907412,-1.1859903,0.0028310106,0.25
2005-01-05 22:00:00,333.68073,2.8889775,-2.8734276,0.06333359,0.25
2005-01-05 22:30:00,329.8062,11.424817,-4.0388556,0.1218796,0.25
2005-01-05 23:00:00,329.0899,7.971256,-4.0192633,0.0842757,0.25
2005-01-05 23:30:00,328.25735,3.2503705,-4.210064,0.05930287,0.25
2005-01-06 00:00:00,327.47525,0.8501835,-3.4310064,0.052753065,0.25
2005-01-06 00:30:00,326.6422,-0.437914,-2.2328265,0.050101418,0.25
2005-01-06 01:00:00,324.827,0.9209268,-2.6655307,0.06270493,0.25
2005-01-06 01:30:00,324.22058,3.205764,-2.9757583,0.029363208,0.25
2005-01-06 02:00:00,328.55737,7.274009,-0.11475245,0.013061121,0.25
2005-01-06 02:30:00,333.65134,16.425264,1.3133343,0.034767397,0.25
2005-01-06 03:00:00,333.83334,11.412122,1.679946,0.06545691,0.25
2005-01-06 03:30:00,339.04636,10.454153,2.3077595,0.03698141,0.25
2005-01-06 04:00:00,340.1793,10.171075,2.5498111,0.042843524,0.25
2005-01-06 04:30:00,341.35193,10.660357,2.5406032,0.041279078,0.25
2005-01-06 05:00:00,343.11774,6.94296,3.7212594,0.031811602,0.25
2005-01-06 05:30:00,344.46967,4.0040827,3.2878294,0.011075749,0.25
2005-01-06 06:00:00,345.64865,3.4709072,3.1273913,0.011443224,0.25
2005-01-06 06:30:00,342.72803,0.074802674,2.3292189,0.010935544,0.25
2005-01-06 07:00:00,346.11105,5.7017355,2.401679,0.0051589105,0.25
2005-01-06 07:30:00,344.2915,0.8193199,2.3480792,0.011409174,0.25
2005-01-06 08:00:00,349.234,8.9146,3.2605948,0.030467924,0.25
2005-01-06 08:30:00,351.38477,8.787391,4.978507,0.034793824,0.25
2005-01-06 09:00:00,353.2982,6.585119,3.6092324,0.004068861,0.25
2005-01-06 09:30:00,358.63904,12.993853,2.396883,0.00062766735,0.25
2005-01-06 10:00:00,360.8893,10.1027975,4.519688,0.0065932446,0.25
2005-01-06 10:30:00,364.5712,12.027218,4.2540803,0.0078029027,0.25
2005-01-06 11:00:00,371.1371,21.102676,4.6425443,0.0047958596,0.25
2005-01-06 11:30:00,375.08646,23.669655,4.4963226,0.008489064,0.25
2005-01-06 12:00:00,373.1207,17.314274,3.442767,0.009236693,0.25
2005-01-06 12:30:00,374.37137,13.610581,2.3976786,0.007123827,0.25
2005-01-06 13:00:00,378.03128,19.809155,1.8309668,0.014796764,0.25
2005-01-06 13:30:00,384.81293,40.185772,1.1037169,0.02633973,0.25
2005-01-06 14:00:00,387.8925,49.228615,2.8759856e-15,0.030988246,0.25
2005-01-06 14:30:00,391.10898,47.309887,-2.89332e-15,0.033563957,0.25
2005-01-06 15:00:00,385.32462,30.160408,0.0,0.021693507,0.25
2005-01-06 15:30:00,379.61884,11.863023,0.0,0.011567789,0.25
2005-01-06 16:00:00,373.2841,4.1696935,0.0,0.024818989,0.25
2005-01-06 16:30:00,364.6061,-6.3081913,-2.8513511e-15,0.02500504,0.25
2005-01-06 17:00:00,368.82758,4.9521003,-2.9474244e-15,0.032598242,0.25
2005-01-06 17:30:00,364.1022,9.820352,-2.9382118e-15,0.037283566,0.25
2005-01-06 18:00:00,352.76205,2.8472502,0.0,0.033765387,0.25
2005-01-06 18:30:00,350.53104,4.165165,0.0,0.036820572,0.25
2005-01-06 19:00:00,354.49524,21.560158,2.9901555e-15,0.045431282,0.25
2005-01-06 19:30:00,355.88232,19.887875,0.0,0.021315282,0.25
2005-01-06 20:00:00,356.15222,24.513018,-2.874212e-15,0.030241545,0.25
2005-01-06 20:30:00,356.03116,25.277308,0.0,0.01986941,0.25
2005-01-06 21:00:00,356.19684,23.768959,0.0,0.013418081,0.25
2005-01-06 21:30:00,355.48337,23.46533,2.749401e-15,0.015518084,0.25
2005-01-06 22:00:00,354.82535,24.046585,0.0,0.01420145,0.25
2005-01-06 22:30:00,354.69476,25.740131,0.0,0.019934494,0.25
2005-01-06 23:00:00,352.67395,28.55307,0.0,0.056865767,0.25
2005-01-06 23:30:00,350.50348,23.99726,2.9707849e-15,0.044796314,0.25
2005-01-07 00:00:00,349.3321,26.286499,3.0445708e-15,0.056920696,0.25
2005-01-07 00:30:00,349.57846,23.658514,-2.8118622e-15,0.022639804,0.25
2005-01-07 01:00:00,348.23526,20.70339,2.7391555e-15,0.009314084,0.25
2005-01-07 01:30:00,349.2435,23.610415,0.0,0.007601658,0.25
2005-01-07 02:00:00,349.0894,25.997602,0.0,0.0102574285,0.25
2005-01-07 02:30:00,348.70334,27.495403,2.7420576e-15,0.011546808,0.25
2005-01-07 03:00:00,347.71704,30.091831,-2.7665597e-15,0.018132564,0.25
2005-01-07 03:30:00,346.66263,33.364357,0.0,0.017767608,0.25
2005-01-07 04:00:00,345.55606,34.490448,0.0,0.019526,0.25
2005-01-07 04:30:00,342.78122,42.021286,-0.2411095,0.02948402,0.25
2005-01-07 05:00:00,341.28867,41.491425,-0.13337107,0.018661214,0.25
2005-01-07 05:30:00,340.54782,44.922504,0.06331098,0.0197411,0.25
2005-01-07 06:00:00,341.06168,37.913742,0.0,0.009981097,0.25
2005-01-07 06:30:00,340.49503,35.319336,2.746238e-15,0.011506406,0.25
2005-01-07 07:00:00,341.3646,37.70943,0.0,0.012252991,0.25
2005-01-07 07:30:00,341.2466,37.020023,0.0,0.015619838,0.25
2005-01-07 08:00:00,343.82904,40.330875,0.0,0.016833287,0.25
2005-01-07 08:30:00,344.82257,45.137383,0.5194108,0.01387109,0.25
2005-01-07 09:00:00,347.1849,46.722,0.44838244,0.01227127,0.25
2005-01-07 09:30:00,351.9523,47.72979,0.0,0.009515736,0.25
2005-01-07 10:00:00,353.82092,55.229996,0.30791238,0.023026535,0.25
2005-01-07 10:30:00,356.0583,78.20731,1.0732417,0.047980446,0.25
2005-01-07 11:00:00,359.53183,86.56311,1.3041877,0.034939088,0.25
2005-01-07 11:30:00,363.8138,87.65454,1.0702637,0.03233338,0.25
2005-01-07 12:00:00,367.47507,88.10106,0.73206854,0.047236513,0.25
2005-01-07 12:30:00,369.22403,91.838776,0.8265861,0.04529189,0.25
2005-01-07 13:00:00,370.90384,91.21029,0.6438419,0.03489363,0.25
2005-01-07 13:30:00,373.47485,90.83411,0.3397945,0.030489387,0.25
2005-01-07 14:00:00,376.74982,93.27552,0.0,0.030155543,0.25
2005-01-07 14:30:00,375.16586,79.57941,2.8752866e-15,0.035864845,0.25
2005-01-07 15:00:00,372.02652,57.62797,2.7804515e-15,0.021130115,0.25
2005-01-07 15:30:00,364.69974,41.554043,0.0,0.032911748,0.25
2005-01-07 16:00:00,355.67627,28.185497,0.0,0.037167948,0.25
2005-01-07 16:30:00,347.94614,15.320662,0.0,0.039644305,0.25
2005-01-07 17:00:00,344.1204,3.997021,-2.775414e-15,0.017508721,0.25
2005-01-07 17:30:00,343.3292,-1.1985803,-5.749861,0.005599279,0.25
2005-01-07 18:00:00,340.7747,-7.3624067,-4.115617,0.015638106,0.25
2005-01-07 18:30:00,338.473,-15.728157,-0.22258891,0.01885984,0.25
2005-01-07 19:00:00,336.96094,-12.696069,-2.2903779,0.010266349,0.25
2005-01-07 19:30:00,336.28815,-13.823266,-3.2950723,0.017631663,0.25
2005-01-07 20:00:00,335.43796,-13.446474,-3.5855703,0.017406203,0.25
2005-01-07 20:30:00,336.72833,-25.993967,-5.285445,0.08889253,0.25
2005-01-07 21:00:00,336.9624,-26.632904,-8.834003,0.10157694,0.25
2005-01-07 21:30:00,337.97473,-25.932724,-12.665086,0.103241436,0.25
2005-01-07 22:00:00,337.83365,-25.908243,-11.72475,0.067481674,0.25
2005-01-07 22:30:00,337.57724,-22.798567,-10.555646,0.046204485,0.25
2005-01-07 23:00:00,338.25354,-27.1714,-12.088772,0.06732614,0.25
2005-01-07 23:30:00,336.12616,-17.099552,-7.6624746,0.01692007,0.25
2005-01-08 00:00:00,335.3676,-14.701812,-7.031465,0.012679543,0.25
2005-01-08 00:30:00,334.96863,-15.396885,-7.609283,0.015894473,0.25
2005-01-08 01:00:00,333.90744,-17.164652,-7.580781,0.015025478,0.25
2005-01-08 01:30:00,333.83823,-17.585043,-8.215051,0.01966985,0.25
2005-01-08 02:00:00,333.52167,-18.62706,-8.471668,0.022684846,0.25
2005-01-08 02:30:00,332.80508,-17.436584,-7.7979302,0.017363185,0.25
2005-01-08 03:00:00,332.08304,-18.650818,-7.9535503,0.01902258,0.25
2005-01-08 03:30:00,331.79703,-17.765308,-8.442749,0.01759111,0.25
2005-01-08 04:00:00,332.0071,-19.91933,-10.117393,0.025103256,0.25
2005-01-08 04:30:00,332.60858,-23.79162,-12.216649,0.03707552,0.25
2005-01-08 05:00:00,334.30646,-31.165289,-18.975874,0.064351454,0.25
2005-01-08 05:30:00,335.08804,-40.0962,-16.926714,0.09079743,0.25
2005-01-08 06:00:00,337.08865,-46.82501,-17.234848,0.1372305,0.25
2005-01-08 06:30:00,335.81168,-39.33835,-14.215544,0.077925466,0.25
2005-01-08 07:00:00,334.77203,-24.550598,-11.066666,0.032852612,0.25
2005-01-08 07:30:00,333.5654,-18.323341,-9.223098,0.016777385,0.25
2005-01-08 08:00:00,336.68646,-8.860547,-8.386722,0.021545835,0.25
2005-01-08 08:30:00,341.09927,0.44709778,-4.30816,0.01818608,0.25
2005-01-08 09:00:00,348.23907,10.071573,1.2108518,0.018340027,0.25
2005-01-08 09:30:00,357.25903,16.122086,9.604671,0.030727478,0.25
2005-01-08 10:00:00,366.0928,13.825408,19.745905,0.11880687,0.25
2005-01-08 10:30:00,374.15927,21.0656,28.545177,0.08859992,0.25
2005-01-08 11:00:00,381.39304,29.220192,41.693565,0.16591963,0.25
2005-01-08 11:30:00,385.7134,38.4615,47.54792,0.21109027,0.25
2005-01-08 12:00:00,391.18753,50.05038,50.08595,0.2229979,0.25
2005-01-08 12:30:00,394.95053,59.06916,46.020325,0.25412917,0.25
2005-01-08 13:00:00,397.56323,58.20123,35.021152,0.17873986,0.25
2005-01-08 13:30:00,399.57663,59.229393,24.303785,0.15968412,0.25
2005-01-08 14:00:00,399.7966,54.74729,11.98426,0.12542094,0.25
2005-01-08 14:30:00,397.83328,45.978733,1.99778,0.09501857,0.25
2005-01-08 15:00:00,391.95602,35.728012,1.457638,0.107625455,0.25
2005-01-08 15:30:00,385.65417,24.035023,1.1125288,0.121872075,0.25
2005-01-08 16:00:00,374.8181,2.7966287,0.7619106,0.096772924,0.25
2005-01-08 16:30:00,367.0133,-6.4850802,0.37375063,0.11470225,0.25
2005-01-08 17:00:00,361.88724,-9.341354,0.11991818,0.09607622,0.25
2005-01-08 17:30:00,358.74823,-9.186118,-0.08795031,0.09099438,0.25
2005-01-08 18:00:00,354.7623,-13.163614,-0.30047876,0.062337276,0.25
2005-01-08 18:30:00,351.8525,-12.823136,0.0,0.0319784,0.25
2005-01-08 19:00:00,349.3539,-11.60006,-2.949056e-15,0.013105929,0.25
2005-01-08 19:30:00,346.70596,-9.617286,0.0,0.0021975874,0.25
2005-01-08 20:00:00,345.00394,-8.309434,-1.6043009,0.0040220697,0.25
2005-01-08 20:30:00,343.13675,-9.560786,-3.278169,0.013014219,0.25
2005-01-08 21:00:00,341.34015,-9.195816,-4.198042,0.014777312,0.25
2005-01-08 21:30:00,339.83575,-7.670781,-5.443744,0.02007796,0.25
2005-01-08 22:00:00,338.2242,-7.522779,-6.3274126,0.026900569,0.25
2005-01-08 22:30:00,336.988,-6.4895973,-5.6919203,0.011352509,0.25
2005-01-08 23:00:00,335.556,-4.083246,-7.6681333,0.025457341,0.25
2005-01-08 23:30:00,334.6236,-3.0475037,-8.436649,0.03242294,0.25
2005-01-09 00:00:00,333.43066,-1.6158986,-8.723134,0.030300885,0.25
2005-01-02 00:30:00,363.03787,21.651724,0.20773484,0.09173388,0.3
2005-01-02 01:00:00,362.1489,25.243181,-0.12518576,0.111820936,0.3
2005-01-02 01:30:00,361.67017,21.706593,-3.2332592e-15,0.08904118,0.3
2005-01-02 02:00:00,361.32285,16.900549,3.3408646e-15,0.108860165,0.3
2005-01-02 02:30:00,360.84018,13.163842,0.0,0.101202436,0.3
2005-01-02 03:00:00,359.47736,8.588874,0.0,0.07898675,0.3
2005-01-02 03:30:00,360.5949,6.8366675,0.0,0.097333714,0.3
2005-01-02 04:00:00,361.54407,5.8906727,3.3333504e-15,0.09546106,0.3
2005-01-02 04:30:00,361.6874,7.8983717,-3.2661167e-15,0.084825315,0.3
2005-01-02 05:00:00,361.43634,9.168622,0.65804803,0.07030322,0.3
2005-01-02 05:30:00,361.61502,7.991535,0.9081794,0.06699809,0.3
2005-01-02 06:00:00,362.625,5.385653,1.3103603,0.090575546,0.3
2005-01-02 06:30:00,362.4449,6.606425,2.174481,0.18801267,0.3
2005-01-02 07:00:00,363.2811,6.755889,1.6658128,0.10983057,0.3
2005-01-02 07:30:00,363.9952,3.9384634,1.470233,0.096378595,0.3
2005-01-02 08:00:00,366.25977,6.0174327,1.4548542,0.07167692,0.3
2005-01-02 08:30:00,367.88065,6.726046,2.196158,0.09039041,0.3
2005-01-02 09:00:00,369.9497,11.182527,2.209881,0.09508803,0.3
2005-01-02 09:30:00,373.15765,16.473568,2.6518376,0.107345596,0.3
2005-01-02 10:00:00,379.55304,29.06665,3.4041648,0.11360394,0.3
2005-01-02 10:30:00,386.43704,40.980892,3.777971,0.11506299,0.3
2005-01-02 11:00:00,394.9989,53.540726,3.3379235,0.118306555,0.3
2005-01-02 11:30:00,404.95508,77.35682,0.36480194,0.15620354,0.3
2005-01-02 12:00:00,396.1855,56.357033,0.8791614,0.20904769,0.3
2005-01-02 12:30:00,392.32822,70.5887,0.19222616,0.27384928,0.3
2005-01-02 13:00:00,390.0092,71.42984,69.173546,0.16607729,0.3
2005-01-02 13:30:00,388.45663,62.62804,71.46129,0.17184778,0.3
2005-01-02 14:00:00,383.26846,38.938744,52.942287,0.15809953,0.3
2005-01-02 14:30:00,380.05713,28.169312,43.789707,0.15105529,0.3
2005-01-02 15:00:00,376.31485,18.918514,39.37485,0.16628912,0.3
2005-01-02 15:30:00,371.7986,15.812547,34.65954,0.22012419,0.3
2005-01-02 16:00:00,367.99554,25.430252,23.362938,0.16881743,0.3
2005-01-02 16:30:00,361.0547,11.140091,15.451793,0.15206495,0.3
2005-01-02 17:00:00,363.14,21.72598,15.418309,0.22131455,0.3
2005-01-02 17:30:00,360.3078,27.189863,15.595403,0.1504722,0.3
2005-01-02 18:00:00,359.53256,21.784584,14.725593,0.12005441,0.3
2005-01-02 18:30:00,357.59097,14.553941,20.664616,0.17853588,0.3
2005-01-02 19:00:00,354.62637,5.377241,19.533632,0.09842574,0.3
2005-01-02 19:30:00,355.71497,8.4283695,16.474957,0.09177237,0.3
2005-01-02 20:00:00,355.81677,7.3270116,13.983907,0.084702305,0.3
2005-01-02 20:30:00,355.88467,6.094904,12.594684,0.06473653,0.3
2005-01-02 21:00:00,354.87094,4.2308435,12.996193,0.09036583,0.3
2005-01-02 21:30:00,354.05862,2.776726,11.45749,0.07622776,0.3
2005-01-02 22:00:00,353.8781,3.6463401,9.252667,0.07182874,0.3
2005-01-02 22:30:00,352.38565,2.0427175,7.626891,0.070903175,0.3
2005-01-02 23:00:00,345.78842,-7.0024295,3.7347717,0.08887463,0.3
2005-01-02 23:30:00,343.2809,-6.1375003,-0.9777877,0.07596533,0.3
2005-01-03 00:00:00,341.1464,-7.7394824,-2.933659,0.072046,0.3
2005-01-03 00:30:00,338.88437,-9.703955,-3.9339094,0.07269596,0.3
2005-01-03 01:00:00,338.35715,-8.337751,-3.8427744,0.051987786,0.3
2005-01-03 01:30:00,341.60208,-0.18123633,-0.024213202,0.05671216,0.3
2005-01-03 02:00:00,336.00876,-8.924561,-5.178406,0.04066583,0.3
2005-01-03 02:30:00,334.07324,-8.421549,-6.674995,0.040586207,0.3
2005-01-03 03:00:00,332.18707,-8.64354,-7.0425167,0.023498207,0.3
2005-01-03 03:30:00,331.17676,-6.964386,-6.810525,0.015304358,0.3
2005-01-03 04:00:00,332.96164,-1.416826,-5.9646134,0.021188859,0.3
2005-01-03 04:30:00,335.08987,4.4220524,-4.9055467,0.02276297,0.3
2005-01-03 05:00:00,337.9306,7.112562,-1.9439439,0.021118753,0.3
2005-01-03 05:30:00,340.31018,16.172232,1.7052394,0.028913474,0.3
2005-01-03 06:00:00,341.96628,19.745735,2.9095995,0.021615993,0.3
2005-01-03 06:30:00,340.82053,19.664396,2.9445097,0.021449117,0.3
2005-01-03 07:00:00,340.913,22.872063,3.3636477,0.02350891,0.3
2005-01-03 07:30:00,341.27127,26.001816,4.1827207,0.021826075,0.3
2005-01-03 08:00:00,343.22247,29.04261,4.725784,0.023619201,0.3
2005-01-03 08:30:00,344.2608,35.672844,7.0514474,0.026412666,0.3
2005-01-03 09:00:00,346.1559,43.17782,9.691283,0.02469427,0.3
2005-01-03 09:30:00,348.80444,48.659813,11.93488,0.023576194,0.3
2005-01-03 10:00:00,351.14435,53.01681,14.031285,0.02763781,0.3
2005-01-03 10:30:00,354.81433,58.99083,16.83295,0.027414756,0.3
2005-01-03 11:00:00,357.14655,68.53532,20.420927,0.0408217,0.3
2005-01-03 11:30:00,366.53406,90.466194,29.547338,0.03710699,0.3
2005-01-03 12:00:00,370.8018,98.74077,35.73173,0.035337225,0.3
2005-01-03 12:30:00,376.01257,91.65103,38.43115,0.030604603,0.3
2005-01-03 13:00:00,377.71222,86.583534,39.816315,0.044224378,0.3
2005-01-03 13:30:00,378.71317,74.78489,37.27014,0.030108511,0.3
2005-01-03 14:00:00,377.8282,60.764107,31.526752,0.029209979,0.3
2005-01-03 14:30:00,373.38925,59.254913,25.772022,0.043257423,0.3
2005-01-03 15:00:00,368.12674,48.675407,17.894075,0.045678325,0.3
2005-01-03 15:30:00,361.40366,32.348656,12.022644,0.04652083,0.3
2005-01-03 16:00:00,352.85938,16.214575,8.339239,0.052993275,0.3
2005-01-03 16:30:00,346.8679,3.9355242,5.2742524,0.043818034,0.3
2005-01-03 17:00:00,341.74802,-0.7615459,3.6892715,0.050893642,0.3
2005-01-03 17:30:00,338.39062,-5.917614,2.6678827,0.0457693,0.3
2005-01-03 18:00:00,335.39938,-9.561913,1.5940787,0.0256083,0.3
2005-01-03 18:30:00,333.20596,-9.393809,0.9386932,0.010578686,0.3
2005-01-03 19:00:00,331.21512,-7.3433075,-0.6092939,0.0006968802,0.3
2005-01-03 19:30:00,329.50363,-6.8507595,-0.78674906,0.00081582484,0.3
2005-01-03 20:00:00,328.0558,-6.2151747,-1.0242763,0.0007774242,0.3
2005-01-03 20:30:00,326.7315,-5.9744525,-1.1593289,0.00064443826,0.3
2005-01-03 21:00:00,325.48563,-3.389756,-4.2223163,0.014569982,0.3
2005-01-03 21:30:00,324.35764,-0.53406405,-5.6209626,0.026798716,0.3
2005-01-03 22:00:00,323.26276,-5.209684,-2.6269863,0.0017753296,0.3
2005-01-03 22:30:00,321.91833,-5.0137696,-1.5220674,0.000495816,0.3
2005-01-03 23:00:00,321.61063,-3.578465,-1.232688,0.00036044422,0.3
2005-01-03 23:30:00,320.6269,-5.0568404,-1.6522757,0.00034615886,0.3
2005-01-04 00:00:00,319.41608,-4.6559815,-2.192952,0.0004769765,0.3
2005-01-04 00:30:00,318.84158,-0.29457903,-8.496387,0.009589142,0.3
2005-01-04 01:00:00,317.73145,3.4498906,-8.535115,0.010994653,0.3
2005-01-04 01:30:00,319.23877,9.904427,-6.5694246,0.01903077,0.3
2005-01-04 02:00:00,320.04868,17.579893,-4.169085,0.023431368,0.3
2005-01-04 02:30:00,320.89542,18.955101,-2.3621125,0.021213232,0.3
2005-01-04 03:00:00,319.9528,24.905766,2.751998,0.027584365,0.3
2005-01-04 03:30:00,321.70853,15.871766,1.5383867,0.0069066994,0.3
2005-01-04 04:00:00,321.8761,9.821722,1.8962969,0.015984708,0.3
2005-01-04 04:30:00,321.92688,11.637983,0.25830156,0.011989323,0.3
2005-01-04 05:00:00,320.70105,21.135109,1.687744,0.01008135,0.3
2005-01-04 05:30:00,320.8504,16.834787,4.000796,0.013089684,0.3
2005-01-04 06:00:00,321.25687,13.837804,3.6374397,0.009886705,0.3
2005-01-04 06:30:00,320.6855,15.821564,3.1393864,0.014026111,0.3
2005-01-04 07:00:00,320.42563,21.972216,4.3179727,0.0128019955,0.3
2005-01-04 07:30:00,320.2916,19.84388,2.8800993,0.0091197565,0.3
2005-01-04 08:00:00,322.633,24.166243,4.6386647,0.017379604,0.3
2005-01-04 08:30:00,326.3907,40.09033,5.907886,0.014927521,0.3
2005-01-04 09:00:00,334.27264,49.831745,23.17848,0.012629167,0.3
2005-01-04 09:30:00,336.89856,54.073524,30.065147,0.012680087,0.3
2005-01-04 10:00:00,339.55145,69.224815,36.873234,0.022674227,0.3
2005-01-04 10:30:00,347.4527,73.9459,43.98973,0.015364599,0.3
2005-01-04 11:00:00,353.66245,78.965996,51.288143,0.017467584,0.3
2005-01-04 11:30:00,359.7292,73.725136,62.406857,0.027795652,0.3
2005-01-04 12:00:00,364.70798,65.179184,75.0235,0.062316757,0.3
2005-01-04 12:30:00,368.49152,60.69094,75.11564,0.05845402,0.3
2005-01-04 13:00:00,371.5961,49.145237,70.77983,0.044414256,0.3
2005-01-04 13:30:00,372.53674,40.861732,68.189644,0.064058654,0.3
2005-01-04 14:00:00,373.66373,26.047516,56.182762,0.035694435,0.3
2005-01-04 14:30:00,372.31308,12.014071,45.025448,0.013604082,0.3
2005-01-04 15:00:00,366.23358,6.420465,35.39141,0.040396642,0.3
2005-01-04 15:30:00,358.88477,3.524159,24.497692,0.035154216,0.3
2005-01-04 16:00:00,351.09732,-6.26014,16.583416,0.039315186,0.3
2005-01-04 16:30:00,344.16302,-14.312632,9.9846945,0.015526973,0.3
2005-01-04 17:00:00,340.57837,-14.125954,6.51113,0.009044958,0.3
2005-01-04 17:30:00,337.3024,-10.82567,0.8866583,0.00060404965,0.3
2005-01-04 18:00:00,334.3582,-10.59762,-0.9439088,0.00044929676,0.3
2005-01-04 18:30:00,332.58163,-8.981638,-0.98435575,0.00037034057,0.3
2005-01-04 19:00:00,331.00195,-7.8224487,-1.0596737,0.00069831335,0.3
2005-01-04 19:30:00,329.68774,-7.5958304,-0.8370284,0.002400189,0.3
2005-01-04 20:00:00,329.03378,-7.830337,-0.6112882,0.008111386,0.3
2005-01-04 20:30:00,328.48828,-9.420327,-1.1695678,0.023766402,0.3
2005-01-04 21:00:00,327.85806,-9.054612,-0.8373684,0.01548526,0.3
2005-01-04 21:30:00,327.4159,-10.65082,-0.23154323,0.04844659,0.3
2005-01-04 22:00:00,326.9084,-9.728389,-0.66417795,0.028374335,0.3
2005-01-04 22:30:00,329.50085,-1.0421338,0.91531,0.009099828,0.3
2005-01-04 23:00:00,326.10846,-7.873461,-0.21944073,0.028500736,0.3
2005-01-04 23:30:00,324.47238,-4.301529,-0.4210364,0.047775593,0.3
2005-01-05 00:00:00,324.83517,-1.3905315,-0.3870199,0.028939782,0.3
2005-01-05 00:30:00,325.76297,3.064468,1.0342679,0.051424865,0.3
2005-01-05 01:00:00,321.77344,-0.7913342,-1.5417833,0.06552643,0.3
2005-01-05 01:30:00,321.52484,-2.0182517,-2.030254,0.046927877,0.3
2005-01-05 02:00:00,320.49545,-2.3765566,-2.6782677,0.035783716,0.3
2005-01-05 02:30:00,319.78018,0.11993554,-2.3271744,0.040705264,0.3
2005-01-05 03:00:00,319.24835,1.4977456,-1.676917,0.047914598,0.3
2005-01-05 03:30:00,321.31326,0.9083284,-1.8865186,0.024557836,0.3
2005-01-05 04:00:00,320.8537,-2.510535,-0.7049066,0.004749911,0.3
2005-01-05 04:30:00,319.65945,-3.2378159,-0.65428877,0.005107585,0.3
2005-01-05 05:00:00,319.742,-0.029133152,-1.4609927,0.03795739,0.3
2005-01-05 05:30:00,319.36646,-1.9637799,-0.67305136,0.0010118348,0.3
2005-01-05 06:00:00,318.36316,-2.7663124,-1.2245933,0.0003060734,0.3
2005-01-05 06:30:00,317.47647,-2.8008602,-1.2188259,0.00041449472,0.3
2005-01-05 07:00:00,318.68964,-0.09736023,-1.1454923,0.00051409815,0.3
2005-01-05 07:30:00,319.09238,-0.23266385,-1.0201546,0.0004647171,0.3
2005-01-05 08:00:00,321.52902,4.5135684,-0.6207514,0.00035215757,0.3
2005-01-05 08:30:00,321.72708,1.9275044,-0.77452314,0.00052219303,0.3
2005-01-05 09:00:00,323.6085,6.179713,0.6607975,0.0018223651,0.3
2005-01-05 09:30:00,330.80444,24.18509,4.466792,0.029316608,0.3
2005-01-05 10:00:00,340.09814,41.331287,9.775261,0.05633387,0.3
2005-01-05 10:30:00,354.58392,54.24155,16.483608,0.032082926,0.3
2005-01-05 11:00:00,359.49536,45.22193,18.771215,0.01859939,0.3
2005-01-05 11:30:00,365.24405,47.990597,20.73364,0.023191608,0.3
2005-01-05 12:00:00,377.0904,61.044453,24.542673,0.019606903,0.3
2005-01-05 12:30:00,381.79315,61.469044,23.27972,0.018953504,0.3
2005-01-05 13:00:00,386.31747,57.602207,18.457577,0.022753723,0.3
2005-01-05 13:30:00,388.38568,51.322346,11.2827635,0.013469146,0.3
2005-01-05 14:00:00,388.23764,45.72178,5.0105414,0.013978078,0.3
2005-01-05 14:30:00,385.43024,34.00976,1.965738,0.0144132115,0.3
2005-01-05 15:00:00,378.96893,20.884481,1.705675,0.012828855,0.3
2005-01-05 15:30:00,372.28058,4.811099,1.496264,0.01628268,0.3
2005-01-05 16:00:00,363.65884,-9.746423,1.0250372,0.013701838,0.3
2005-01-05 16:30:00,355.86032,-17.714996,0.8221643,0.010968724,0.3
2005-01-05 17:00:00,350.64313,-15.076075,0.2941425,0.0007510494,0.3
2005-01-05 17:30:00,345.80545,-13.676204,0.12282391,0.0009688926,0.3
2005-01-05 18:00:00,342.06107,-12.938476,-0.11602176,0.0008312142,0.3
2005-01-05 18:30:00,339.52197,-11.509759,0.0,0.0016436079,0.3
2005-01-05 19:00:00,337.2132,-10.046177,0.0,0.001183042,0.3
2005-01-05 19:30:00,335.54584,-8.468719,-1.1583402,0.00038487226,0.3
2005-01-05 20:00:00,334.27148,-7.7515407,-1.3803414,0.00024673916,0.3
2005-01-05 20:30:00,333.0206,-6.625679,-1.3699133,0.00048555888,0.3
2005-01-05 21:00:00,332.37897,-5.158065,-1.3000301,0.00048828067,0.3
2005-01-05 21:30:00,333.7937,-2.0800023,-1.2913165,0.0028310106,0.3
2005-01-05 22:00:00,333.31732,1.2004423,-3.136652,0.06061706,0.3
2005-01-05 22:30:00,329.4298,9.285562,-3.95972,0.120321214,0.3
2005-01-05 23:00:00,328.75485,6.18467,-4.1970453,0.08279906,0.3
2005-01-05 23:30:00,327.90863,1.6524049,-4.342149,0.057746068,0.3
2005-01-06 00:00:00,327.1355,-0.61019427,-3.553935,0.050923515,0.3
2005-01-06 00:30:00,326.31506,-1.7857018,-2.5153625,0.048064407,0.3
2005-01-06 01:00:00,324.60745,-0.2639051,-2.9237676,0.061191097,0.3
2005-01-06 01:30:00,323.96176,2.0960321,-3.1862953,0.02857852,0.3
2005-01-06 02:00:00,328.30066,6.3650384,-0.3447777,0.012227966,0.3
2005-01-06 02:30:00,333.4156,15.3724575,1.1822037,0.033917654,0.3
2005-01-06 03:00:00,333.65085,10.446438,1.5774935,0.06439055,0.3
2005-01-06 03:30:00,338.8272,9.700772,2.2163835,0.033890378,0.3
2005-01-06 04:00:00,339.983,9.354725,2.4906116,0.041845128,0.3
2005-01-06 04:30:00,341.15256,9.845008,2.558449,0.04050839,0.3
2005-01-06 05:00:00,342.92297,6.2732677,3.6963358,0.030642077,0.3
2005-01-06 05:30:00,344.26605,3.7657115,3.0082657,0.0076082316,0.3
2005-01-06 06:00:00,345.38852,3.235971,2.8855922,0.008363264,0.3
2005-01-06 06:30:00,342.50552,-0.56583613,2.3131301,0.010351453,0.3
2005-01-06 07:00:00,345.79694,5.0929937,2.0569823,0.0028653627,0.3
2005-01-06 07:30:00,343.99164,0.08180144,2.312195,0.010224817,0.3
2005-01-06 08:00:00,348.71725,7.7282653,3.244226,0.026484312,0.3
2005-01-06 08:30:00,350.94482,7.6209497,4.73094,0.02886031,0.3
2005-01-06 09:00:00,352.91116,6.4241643,2.1494281,0.0009907644,0.3
2005-01-06 09:30:00,358.06982,12.4832945,2.344787,0.00062766735,0.3
2005-01-06 10:00:00,360.46933,9.02669,4.2998652,0.0048630033,0.3
2005-01-06 10:30:00,364.0904,10.699526,4.1955094,0.006321408,0.3
2005-01-06 11:00:00,370.70395,19.62445,4.328114,0.0041411226,0.3
2005-01-06 11:30:00,374.64706,21.850126,4.304592,0.008024251,0.3
2005-01-06 12:00:00,372.63156,15.583572,3.523933,0.009032553,0.3
2005-01-06 12:30:00,373.89777,12.061381,2.2794042,0.006858043,0.3
2005-01-06 13:00:00,377.5828,18.300255,1.8829246,0.014205211,0.3
2005-01-06 13:30:00,384.3431,38.382946,1.4961898,0.025844287,0.3
2005-01-06 14:00:00,387.37817,47.51609,0.1432661,0.030579858,0.3
2005-01-06 14:30:00,390.6593,45.490696,-2.892519e-15,0.03312647,0.3
2005-01-06 15:00:00,384.8937,28.37571,0.0,0.02144931,0.3
2005-01-06 15:30:00,379.18604,10.199326,0.0,0.011359418,0.3
2005-01-06 16:00:00,372.91547,2.6324372,2.8380184e-15,0.024404375,0.3
2005-01-06 16:30:00,364.21503,-7.799616,0.0,0.024487872,0.3
2005-01-06 17:00:00,368.38223,3.407046,-2.945986e-15,0.031430647,0.3
2005-01-06 17:30:00,363.69928,8.128532,2.9373339e-15,0.03666925,0.3
2005-01-06 18:00:00,352.41055,1.2504073,0.0,0.033305224,0.3
2005-01-06 18:30:00,350.15958,2.6004748,-2.9400115e-15,0.03616353,0.3
2005-01-06 19:00:00,354.1368,19.935614,0.0,0.044788416,0.3
2005-01-06 19:30:00,355.51172,18.357258,0.0,0.020951588,0.3
2005-01-06 20:00:00,355.79764,22.94083,2.8734386e-15,0.029832724,0.3
2005-01-06 20:30:00,355.6736,23.722637,0.0,0.019603318,0.3
2005-01-06 21:00:00,355.84152,22.234035,-2.7380454e-15,0.013212022,0.3
2005-01-06 21:30:00,355.1317,21.933409,0.0,0.015290751,0.3
2005-01-06 22:00:00,354.52704,22.626413,0.0,0.0139966225,0.3
2005-01-06 22:30:00,354.38058,24.320904,0.0,0.019691195,0.3
2005-01-06 23:00:00,352.3801,27.060732,3.040126e-15,0.056368813,0.3
2005-01-06 23:30:00,350.20184,22.563904,-2.9702026e-15,0.0443638,0.3
2005-01-07 00:00:00,349.04117,24.843407,3.0440244e-15,0.056420833,0.3
2005-01-07 00:30:00,349.27402,22.324888,0.0,0.022378042,0.3
2005-01-07 01:00:00,348.03754,19.62957,-2.7383152e-15,0.009191984,0.3
2005-01-07 01:30:00,349.0129,22.536753,2.7382017e-15,0.0075136498,0.3
2005-01-07 02:00:00,348.87115,24.95457,-2.7402416e-15,0.01015431,0.3
2005-01-07 02:30:00,348.4923,26.480318,0.0,0.011441833,0.3
2005-01-07 03:00:00,347.56287,29.218973,2.7660242e-15,0.017995223,0.3
2005-01-07 03:30:00,346.49792,32.50611,0.0,0.017656308,0.3
2005-01-07 04:00:00,345.4001,33.67885,0.0,0.01941746,0.3
2005-01-07 04:30:00,342.61322,41.17351,0.0,0.029368078,0.3
2005-01-07 05:00:00,341.14523,40.702415,0.0,0.018575415,0.3
2005-01-07 05:30:00,340.42596,44.204197,-0.050681703,0.019658118,0.3
2005-01-07 06:00:00,340.8746,37.091225,2.7468046e-15,0.009935033,0.3
2005-01-07 06:30:00,340.33658,34.53398,2.74583e-15,0.011444956,0.3
2005-01-07 07:00:00,341.10684,36.6792,-2.7457532e-15,0.0121872425,0.3
2005-01-07 07:30:00,341.0252,35.990944,0.0,0.015517577,0.3
2005-01-07 08:00:00,343.4036,38.790756,2.7534212e-15,0.016713757,0.3
2005-01-07 08:30:00,344.48892,43.59564,0.26788527,0.01374359,0.3
2005-01-07 09:00:00,346.8709,45.186718,0.19679667,0.012153533,0.3
2005-01-07 09:30:00,351.58493,46.097187,-2.744357e-15,0.009417941,0.3
2005-01-07 10:00:00,353.5366,53.701923,0.061511222,0.02283124,0.3
2005-01-07 10:30:00,355.74722,76.5605,0.81366444,0.047732122,0.3
2005-01-07 11:00:00,359.21606,84.91608,1.0561281,0.034761067,0.3
2005-01-07 11:30:00,363.49615,86.00882,0.821273,0.03216457,0.3
2005-01-07 12:00:00,367.15955,86.44364,0.47571316,0.04700345,0.3
2005-01-07 12:30:00,368.9059,90.17238,0.57047707,0.045087542,0.3
2005-01-07 13:00:00,370.63077,89.66643,0.41035375,0.03472878,0.3
2005-01-07 13:30:00,373.1929,89.32539,-2.8384078e-15,0.030344797,0.3
2005-01-07 14:00:00,376.38385,91.587845,0.0,0.030012546,0.3
2005-01-07 14:30:00,374.8352,77.91444,0.0,0.035688404,0.3
2005-01-07 15:00:00,371.6828,55.964264,2.779849e-15,0.020993246,0.3
2005-01-07 15:30:00,364.35718,39.902885,-2.8660728e-15,0.032699812,0.3
2005-01-07 16:00:00,355.38086,26.654278,0.0,0.036911804,0.3
2005-01-07 16:30:00,347.62744,13.801626,-2.9247595e-15,0.039322603,0.3
2005-01-07 17:00:00,343.7317,2.5079122,2.7745373e-15,0.017228803,0.3
2005-01-07 17:30:00,342.92783,-2.4325404,-5.7518272,0.0052518677,0.3
2005-01-07 18:00:00,340.34464,-8.218058,-3.8887632,0.012132689,0.3
2005-01-07 18:30:00,337.91403,-15.617611,-0.24362251,0.016332982,0.3
2005-01-07 19:00:00,336.4753,-13.073207,-2.4181433,0.010266349,0.3
2005-01-07 19:30:00,335.6881,-13.697508,-3.2657185,0.015613291,0.3
2005-01-07 20:00:00,334.80334,-13.172453,-3.514697,0.015118257,0.3
2005-01-07 20:30:00,336.13953,-25.940928,-5.545524,0.08039522,0.3
2005-01-07 21:00:00,336.41864,-27.121038,-9.053171,0.09391396,0.3
2005-01-07 21:30:00,337.42218,-26.545172,-12.80562,0.09600827,0.3
2005-01-07 22:00:00,337.20816,-25.667238,-11.66508,0.060412776,0.3
2005-01-07 22:30:00,336.804,-21.892788,-10.224496,0.039216302,0.3
2005-01-07 23:00:00,337.4513,-26.068213,-11.920238,0.05777711,0.3
2005-01-07 23:30:00,335.52948,-17.402956,-7.9023795,0.01692007,0.3
2005-01-08 00:00:00,334.76633,-15.169493,-7.238149,0.012679543,0.3
2005-01-08 00:30:00,334.4027,-15.894799,-7.82088,0.015894473,0.3
2005-01-08 01:00:00,333.4442,-17.415314,-7.7782035,0.015025478,0.3
2005-01-08 01:30:00,333.37378,-17.991257,-8.413071,0.01966985,0.3
2005-01-08 02:00:00,333.07938,-19.068577,-8.667142,0.022684846,0.3
2005-01-08 02:30:00,332.37247,-17.84298,-7.964687,0.017363185,0.3
2005-01-08 03:00:00,331.71313,-18.926811,-8.11807,0.01902258,0.3
2005-01-08 03:30:00,331.42633,-18.089876,-8.591112,0.01759111,0.3
2005-01-08 04:00:00,331.6602,-20.282814,-10.278074,0.025103256,0.3
2005-01-08 04:30:00,332.22162,-22.876892,-14.704355,0.034693964,0.3
2005-01-08 05:00:00,333.20135,-31.818369,-15.241651,0.059912093,0.3
2005-01-08 05:30:00,335.1077,-37.090652,-20.919483,0.08269903,0.3
2005-01-08 06:00:00,336.1854,-47.333736,-17.489832,0.12937915,0.3
2005-01-08 06:30:00,335.29105,-38.35456,-14.298317,0.07175782,0.3
2005-01-08 07:00:00,334.06088,-24.217566,-10.861565,0.030010493,0.3
2005-01-08 07:30:00,333.05048,-18.666504,-9.426188,0.016777385,0.3
2005-01-08 08:00:00,336.00125,-9.94141,-8.603348,0.021545835,0.3
2005-01-08 08:30:00,340.4586,-0.37452123,-4.5377874,0.01818608,0.3
2005-01-08 09:00:00,347.63043,9.392946,0.9542784,0.018340027,0.3
2005-01-08 09:30:00,356.60425,15.990479,8.966606,0.028252997,0.3
2005-01-08 10:00:00,365.594,13.041896,19.136517,0.10796364,0.3
2005-01-08 10:30:00,373.6625,20.036001,27.796679,0.079144165,0.3
2005-01-08 11:00:00,380.97058,27.06352,41.540867,0.16052663,0.3
2005-01-08 11:30:00,385.267,35.95241,47.64111,0.20863041,0.3
2005-01-08 12:00:00,390.72284,47.47429,50.368004,0.22107874,0.3
2005-01-08 12:30:00,394.46506,56.385014,46.4905,0.25252265,0.3
2005-01-08 13:00:00,397.10776,55.85376,35.299435,0.17751177,0.3
2005-01-08 13:30:00,399.06335,56.865253,24.721144,0.15867022,0.3
2005-01-08 14:00:00,399.21613,52.34187,12.43681,0.124579005,0.3
2005-01-08 14:30:00,397.24307,43.80698,2.375978,0.09427578,0.3
2005-01-08 15:00:00,391.4832,33.650074,1.1393205,0.10679692,0.3
2005-01-08 15:30:00,385.22647,21.990767,0.79496366,0.12096158,0.3
2005-01-08 16:00:00,374.4508,1.0048795,0.48192218,0.09591768,0.3
2005-01-08 16:30:00,366.64987,-8.240902,0.09645187,0.11356202,0.3
2005-01-08 17:00:00,361.47504,-11.09383,-0.1695384,0.094689086,0.3
2005-01-08 17:30:00,358.31808,-10.917702,0.0,0.08898274,0.3
2005-01-08 18:00:00,354.3473,-14.583583,0.0,0.059436176,0.3
2005-01-08 18:30:00,351.3868,-13.702015,0.0,0.02726089,0.3
2005-01-08 19:00:00,348.79077,-11.859365,-2.9455672e-15,0.009821799,0.3
2005-01-08 19:30:00,346.14508,-9.928084,0.0,0.0021975874,0.3
2005-01-08 20:00:00,344.3766,-8.407884,-1.4834371,0.0029460278,0.3
2005-01-08 20:30:00,342.4169,-9.480597,-2.8269749,0.00799728,0.3
2005-01-08 21:00:00,340.58112,-9.297031,-3.6572175,0.009294349,0.3
2005-01-08 21:30:00,339.10413,-8.283598,-4.9331536,0.013273275,0.3
2005-01-08 22:00:00,337.58252,-8.370016,-5.972261,0.019224292,0.3
2005-01-08 22:30:00,336.1194,-7.163466,-4.2034764,0.005398302,0.3
2005-01-08 23:00:00,334.91537,-5.4500394,-7.3197966,0.020028101,0.3
2005-01-08 23:30:00,334.05493,-4.581721,-8.371113,0.02846195,0.3
2005-01-09 00:00:00,332.93713,-3.1680176,-8.784543,0.028002016,0.3
2005-01-02 00:30:00,364.15454,24.760302,0.75136113,0.09175145,traffic
2005-01-02 01:00:00,362.3089,26.750795,0.18688816,0.11282145,traffic
2005-01-02 01:30:00,362.14594,23.772865,0.0,0.089828886,traffic
2005-01-02 02:00:00,361.79282,19.09553,-0.009137695,0.11006994,traffic
2005-01-02 02:30:00,361.3278,15.416362,0.12356158,0.10261904,traffic
2005-01-02 03:00:00,359.75095,10.16927,-0.27171403,0.08042883,traffic
2005-01-02 03:30:00,360.93723,8.455268,0.0,0.09917838,traffic
2005-01-02 04:00:00,361.90216,7.4827085,0.0,0.09742787,traffic
2005-01-02 04:30:00,362.04025,9.471614,0.0,0.08633762,traffic
2005-01-02 05:00:00,361.7881,10.70587,0.7024224,0.07149914,traffic
2005-01-02 05:30:00,361.9676,9.492576,0.96040946,0.06827547,traffic
2005-01-02 06:00:00,363.25583,7.6965494,1.3907756,0.09261716,traffic
2005-01-02 06:30:00,362.93207,9.116878,2.3388197,0.19062236,traffic
2005-01-02 07:00:00,364.39963,10.82294,1.8652383,0.11241603,traffic
2005-01-02 07:30:00,364.96436,7.7937245,1.6228024,0.101234235,traffic
2005-01-02 08:00:00,368.47412,13.090431,1.6876131,0.07899165,traffic
2005-01-02 08:30:00,369.72546,13.889467,2.5832403,0.10087677,traffic
2005-01-02 09:00:00,371.65726,18.576136,2.36458,0.10331147,traffic
2005-01-02 09:30:00,375.0348,24.751003,2.704804,0.11481732,traffic
2005-01-02 10:00:00,381.2163,37.114872,3.1878304,0.12108355,traffic
2005-01-02 10:30:00,388.27283,49.70335,3.2367642,0.12073597,traffic
2005-01-02 11:00:00,396.84198,62.519817,2.8603492,0.12328161,traffic
2005-01-02 11:30:00,406.63544,86.21252,1.8332089,0.16071263,traffic
2005-01-02 12:00:00,397.81598,65.904144,2.7541096,0.21278961,traffic
2005-01-02 12:30:00,393.91223,80.597374,2.0460525,0.27768975,traffic
2005-01-02 13:00:00,390.73578,78.05418,76.281975,0.16895403,traffic
2005-01-02 13:30:00,389.59055,69.46318,77.36133,0.17449191,traffic
2005-01-02 14:00:00,384.65152,46.226376,58.486317,0.16066836,traffic
2005-01-02 14:30:00,381.39594,35.36228,48.63872,0.15415552,traffic
2005-01-02 15:00:00,377.691,26.33054,43.643944,0.17010432,traffic
2005-01-02 15:30:00,373.1754,23.815989,38.30929,0.22442941,traffic
2005-01-02 16:00:00,369.22012,32.728256,26.140966,0.17237031,traffic
2005-01-02 16:30:00,362.38763,18.407597,17.971863,0.15577991,traffic
2005-01-02 17:00:00,364.68042,30.243204,17.982588,0.2262377,traffic
2005-01-02 17:30:00,361.7626,35.22292,18.627066,0.15410092,traffic
2005-01-02 18:00:00,360.80698,28.944195,17.25925,0.123784386,traffic
2005-01-02 18:30:00,358.8628,22.03113,23.447008,0.18348198,traffic
2005-01-02 19:00:00,355.98898,12.0835705,22.545244,0.10268367,traffic
2005-01-02 19:30:00,357.10312,15.052287,19.241312,0.0966331,traffic
2005-01-02 20:00:00,357.2389,13.932432,16.522448,0.08970232,traffic
2005-01-02 20:30:00,357.36578,12.544253,14.894279,0.06948866,traffic
2005-01-02 21:00:00,356.31866,11.036342,15.108982,0.096091524,traffic
2005-01-02 21:30:00,355.56793,9.497731,13.420906,0.081969015,traffic
2005-01-02 22:00:00,355.16745,9.76392,10.533045,0.077573575,traffic
2005-01-02 22:30:00,353.78827,8.345715,8.558938,0.07625358,traffic
2005-01-02 23:00:00,347.17288,-0.4647321,4.2564826,0.094586395,traffic
2005-01-02 23:30:00,344.47858,-0.47956818,1.2521619,0.08260734,traffic
2005-01-03 00:00:00,342.49734,-1.629682,-2.8986864,0.08003667,traffic
2005-01-03 00:30:00,340.31052,-3.7251325,-3.9565506,0.08384346,traffic
2005-01-03 01:00:00,339.36942,-4.205921,-4.5230227,0.06615101,traffic
2005-01-03 01:30:00,342.71014,4.3616204,-0.2808368,0.06847919,traffic
2005-01-03 02:00:00,337.10504,-4.5446806,-5.444374,0.046586543,traffic
2005-01-03 02:30:00,335.22147,-4.316246,-7.264582,0.051041126,traffic
2005-01-03 03:00:00,333.18848,-5.7822413,-8.175554,0.035831172,traffic
2005-01-03 03:30:00,332.4243,-4.254354,-8.661302,0.028489191,traffic
2005-01-03 04:00:00,334.06488,1.7505497,-7.204245,0.03229968,traffic
2005-01-03 04:30:00,336.01758,7.9023724,-5.3707433,0.026148288,traffic
2005-01-03 05:00:00,338.79883,10.4764805,-2.3429275,0.023927696,traffic
2005-01-03 05:30:00,341.06976,19.759506,1.3485094,0.030491253,traffic
2005-01-03 06:00:00,343.0149,24.024931,2.2844656,0.022566678,traffic
2005-01-03 06:30:00,341.7325,23.85065,2.3071675,0.02230663,traffic
2005-01-03 07:00:00,342.41562,28.621836,2.6199694,0.024372319,traffic
2005-01-03 07:30:00,342.52863,31.679098,3.8331215,0.022750912,traffic
2005-01-03 08:00:00,345.659,37.751053,5.072352,0.024697334,traffic
2005-01-03 08:30:00,346.3384,44.76037,7.213356,0.027753696,traffic
2005-01-03 09:00:00,348.04895,52.33557,9.702134,0.025919545,traffic
2005-01-03 09:30:00,350.87524,58.40878,11.867489,0.02470574,traffic
2005-01-03 10:00:00,352.9502,62.454937,13.809276,0.028878758,traffic
2005-01-03 10:30:00,356.77335,68.6806,16.65639,0.028572973,traffic
2005-01-03 11:00:00,359.08997,78.513245,20.269432,0.042230297,traffic
2005-01-03 11:30:00,368.5559,100.60526,29.30301,0.03838933,traffic
2005-01-03 12:00:00,372.8519,109.09641,35.4638,0.03637866,traffic
2005-01-03 12:30:00,378.14,102.01934,38.126446,0.0315274,traffic
2005-01-03 13:00:00,379.58096,96.38354,39.324997,0.04549348,traffic
2005-01-03 13:30:00,380.78033,84.48323,36.75001,0.031046059,traffic
2005-01-03 14:00:00,380.2023,70.8583,31.35551,0.030215457,traffic
2005-01-03 14:30:00,375.59192,69.54126,25.850233,0.044596072,traffic
2005-01-03 15:00:00,370.39786,58.844425,18.11297,0.047164816,traffic
2005-01-03 15:30:00,363.63092,42.353,12.524581,0.04829664,traffic
2005-01-03 16:00:00,354.74426,25.362108,8.973981,0.055286754,traffic
2005-01-03 16:30:00,348.8578,12.659097,6.148935,0.046337977,traffic
2005-01-03 17:00:00,343.95593,8.456037,4.8321586,0.054487646,traffic
2005-01-03 17:30:00,340.52267,2.7348993,3.919263,0.050907467,traffic
2005-01-03 18:00:00,337.35733,-2.5012498,2.8096435,0.03153088,traffic
2005-01-03 18:30:00,335.41568,-3.557084,2.2602067,0.020495124,traffic
2005-01-03 19:00:00,333.62955,-4.564506,1.955411,0.008792506,traffic
2005-01-03 19:30:00,332.2608,-5.232115,0.21085756,0.007588882,traffic
2005-01-03 20:00:00,331.0541,-4.18674,-1.2331085,0.007984694,traffic
2005-01-03 20:30:00,329.94766,-4.6877813,-0.99621224,0.001393014,traffic
2005-01-03 21:00:00,327.72415,4.3307605,-2.5434966,0.020307703,traffic
2005-01-03 21:30:00,326.57263,8.175127,-3.87412,0.0322151,traffic
2005-01-03 22:00:00,325.78885,1.2765255,-4.50315,0.0099695185,traffic
2005-01-03 22:30:00,324.95758,0.725076,-4.95896,0.0069702496,traffic
2005-01-03 23:00:00,324.56747,-2.946664,-4.059582,0.0025257159,traffic
2005-01-03 23:30:00,323.44122,-4.192655,-1.4949281,0.00034615886,traffic
2005-01-04 00:00:00,322.80984,-0.9674006,-6.575284,0.005427253,traffic
2005-01-04 00:30:00,321.5661,8.383199,-5.3752666,0.013435973,traffic
2005-01-04 01:00:00,319.74857,11.258707,-5.248025,0.01317724,traffic
2005-01-04 01:30:00,320.93607,16.866264,-4.8581724,0.021616817,traffic
2005-01-04 02:00:00,321.49158,24.426573,-2.6100411,0.025291312,traffic
2005-01-04 02:30:00,322.21005,25.31964,-1.0241646,0.022729399,traffic
2005-01-04 03:00:00,320.8493,30.406956,4.0714555,0.028893238,traffic
2005-01-04 03:30:00,322.40842,19.982082,2.1046033,0.0074002636,traffic
2005-01-04 04:00:00,322.51385,13.628851,2.4332447,0.01724271,traffic
2005-01-04 04:30:00,323.1537,16.824135,1.4520764,0.012812147,traffic
2005-01-04 05:00:00,321.53482,25.254051,2.460472,0.010594151,traffic
2005-01-04 05:30:00,321.5666,20.551975,4.7146864,0.013737833,traffic
2005-01-04 06:00:00,322.2756,18.185715,4.5240006,0.010427649,traffic
2005-01-04 06:30:00,321.39905,19.61849,3.7082353,0.014755694,traffic
2005-01-04 07:00:00,321.68262,27.442987,5.172252,0.013307864,traffic
2005-01-04 07:30:00,321.33502,25.17392,3.7068908,0.009587169,traffic
2005-01-04 08:00:00,324.83444,32.48066,6.0642776,0.018317807,traffic
2005-01-04 08:30:00,329.20663,51.44158,7.5369744,0.01587037,traffic
2005-01-04 09:00:00,335.85944,56.404552,29.515759,0.013069243,traffic
2005-01-04 09:30:00,338.66205,62.65908,35.77611,0.013322885,traffic
2005-01-04 10:00:00,340.98987,77.44852,41.8548,0.023541449,traffic
2005-01-04 10:30:00,348.9827,82.10917,48.895454,0.015944079,traffic
2005-01-04 11:00:00,355.15314,87.09317,56.02572,0.018060803,traffic
2005-01-04 11:30:00,361.6765,79.41859,66.0644,0.027305717,traffic
2005-01-04 12:00:00,366.10837,73.42608,79.96049,0.06530819,traffic
2005-01-04 12:30:00,370.09467,68.92484,79.40288,0.06046923,traffic
2005-01-04 13:00:00,372.97253,56.513386,74.20526,0.04634196,traffic
2005-01-04 13:30:00,374.02713,48.523193,71.05659,0.06644213,traffic
2005-01-04 14:00:00,375.49863,33.933823,59.07044,0.038188767,traffic
2005-01-04 14:30:00,374.43777,18.775444,46.302895,0.013408558,traffic
2005-01-04 15:00:00,368.06152,14.5814085,37.275036,0.043103617,traffic
2005-01-04 15:30:00,360.86523,12.087668,25.909674,0.03732069,traffic
2005-01-04 16:00:00,352.8222,1.6745098,17.496473,0.042236187,traffic
2005-01-04 16:30:00,346.13602,-7.1928377,10.887797,0.01767653,traffic
2005-01-04 17:00:00,342.95367,-8.597816,8.64538,0.017086238,traffic
2005-01-04 17:30:00,340.23444,-8.625216,1.6978226,0.00066375744,traffic
2005-01-04 18:00:00,337.1048,-9.55312,-0.4162415,0.00044929676,traffic
2005-01-04 18:30:00,335.58615,-7.6628017,-0.43338552,0.00037034057,traffic
2005-01-04 19:00:00,334.11002,-6.5492215,-0.58400446,0.00069831335,traffic
2005-01-04 19:30:00,332.83948,-6.6287007,0.13717353,0.0060967286,traffic
2005-01-04 20:00:00,332.10284,-6.539503,1.1050987,0.04077755,traffic
2005-01-04 20:30:00,331.21628,-4.2720623,0.09385979,0.059336904,traffic
2005-01-04 21:00:00,330.9576,-6.3022585,0.4508902,0.05044352,traffic
2005-01-04 21:30:00,329.8568,-3.303315,0.9967645,0.08158668,traffic
2005-01-04 22:00:00,329.3834,-4.6966386,0.36519533,0.06095947,traffic
2005-01-04 22:30:00,331.999,3.0631385,2.363516,0.037269328,traffic
2005-01-04 23:00:00,328.136,-0.69308424,1.2585644,0.047379468,traffic
2005-01-04 23:30:00,326.31915,4.168467,1.1041448,0.057555165,traffic
2005-01-05 00:00:00,326.78098,6.646635,0.08535879,0.03696769,traffic
2005-01-05 00:30:00,327.55237,11.635097,1.6068352,0.059462283,traffic
2005-01-05 01:00:00,322.76688,6.026093,0.40024596,0.072041035,traffic
2005-01-05 01:30:00,322.87985,4.577549,-1.6733503,0.05413945,traffic
2005-01-05 02:00:00,321.8417,3.6010044,-2.34537,0.042299423,traffic
2005-01-05 02:30:00,320.74487,5.214188,-2.4522111,0.046287607,traffic
2005-01-05 03:00:00,319.86533,6.0150447,-1.7822136,0.05279347,traffic
2005-01-05 03:30:00,322.09003,4.7118015,-2.0628479,0.029963568,traffic
2005-01-05 04:00:00,322.50363,-0.85923016,-0.767586,0.01409541,traffic
2005-01-05 04:30:00,320.629,-4.269754,-1.706391,0.024988418,traffic
2005-01-05 05:00:00,320.27618,3.4420314,-1.575754,0.043566227,traffic
2005-01-05 05:30:00,320.7312,0.92448276,-2.2603257,0.010214089,traffic
2005-01-05 06:00:00,320.89835,0.16328768,-0.47940442,0.0003974831,traffic
2005-01-05 06:30:00,319.73395,-2.3349307,-0.7729483,0.00041449472,traffic
2005-01-05 07:00:00,321.23145,1.4902872,-0.9740698,0.00051409815,traffic
2005-01-05 07:30:00,321.45703,0.8753094,-0.7468664,0.0004647171,traffic
2005-01-05 08:00:00,324.3709,6.642328,-0.006231957,0.00035215757,traffic
2005-01-05 08:30:00,324.87814,5.060152,0.089737155,0.00052219303,traffic
2005-01-05 09:00:00,327.20062,14.449878,4.300902,0.019394537,traffic
2005-01-05 09:30:00,333.55664,34.693375,6.067258,0.037784565,traffic
2005-01-05 10:00:00,342.46646,52.82887,10.701956,0.06369416,traffic
2005-01-05 10:30:00,357.21204,65.47997,16.62667,0.03710585,traffic
2005-01-05 11:00:00,361.97275,58.1377,18.284422,0.0203639,traffic
2005-01-05 11:30:00,368.1562,58.618904,19.620615,0.023855027,traffic
2005-01-05 12:00:00,380.2175,71.71057,22.42508,0.020078966,traffic
2005-01-05 12:30:00,385.5394,69.79893,20.454905,0.018950952,traffic
2005-01-05 13:00:00,389.3937,69.28063,15.355355,0.024018986,traffic
2005-01-05 13:30:00,391.7388,64.04558,7.598819,0.0143248085,traffic
2005-01-05 14:00:00,391.72333,57.535206,3.475287,0.01491597,traffic
2005-01-05 14:30:00,388.26785,45.066906,3.45506,0.015498932,traffic
2005-01-05 15:00:00,381.57602,31.506496,3.200664,0.013807363,traffic
2005-01-05 15:30:00,374.83173,14.624405,2.9995973,0.017872239,traffic
2005-01-05 16:00:00,365.8955,-1.3942074,2.3891075,0.015699295,traffic
2005-01-05 16:30:00,358.26962,-10.270648,2.1635125,0.013930021,traffic
2005-01-05 17:00:00,354.0213,-12.395089,1.9724844,0.008799158,traffic
2005-01-05 17:30:00,349.261,-11.771405,0.9430907,0.0009688926,traffic
2005-01-05 18:00:00,345.30896,-11.936113,0.6231668,0.0008312142,traffic
2005-01-05 18:30:00,342.95114,-9.951555,0.6774622,0.0016436079,traffic
2005-01-05 19:00:00,340.75262,-8.5952425,0.6471317,0.001183042,traffic
2005-01-05 19:30:00,339.20917,-7.1547074,-0.87208104,0.00038487226,traffic
2005-01-05 20:00:00,337.97827,-6.5274515,-1.147402,0.00024673916,traffic
2005-01-05 20:30:00,336.77316,-5.422286,-1.1050217,0.00048555888,traffic
2005-01-05 21:00:00,336.19846,-3.9541316,-1.0072106,0.00048828067,traffic
2005-01-05 21:30:00,337.59222,1.265255,-2.3022907,0.023293523,traffic
2005-01-05 22:00:00,335.4456,11.715425,-0.74576765,0.07272546,traffic
2005-01-05 22:30:00,331.20474,20.536947,0.6587262,0.12842515,traffic
2005-01-05 23:00:00,330.65237,16.704102,-2.5083168,0.089809366,traffic
2005-01-05 23:30:00,329.83502,10.976592,-2.8951154,0.065008044,traffic
2005-01-06 00:00:00,329.01086,8.01857,-2.0472202,0.058978494,traffic
2005-01-06 00:30:00,328.16196,6.409966,-0.8750673,0.056655273,traffic
2005-01-06 01:00:00,325.8027,6.7185564,-1.5126324,0.06829697,traffic
2005-01-06 01:30:00,325.40488,8.6138935,-1.9990823,0.032345474,traffic
2005-01-06 02:00:00,329.73398,11.904297,0.781558,0.015757106,traffic
2005-01-06 02:30:00,334.73544,21.532469,1.8988197,0.038025085,traffic
2005-01-06 03:00:00,334.66135,16.062216,2.1341052,0.06971973,traffic
2005-01-06 03:30:00,340.0333,14.352706,2.6752708,0.043562777,traffic
2005-01-06 04:00:00,341.08395,14.1554785,2.8165724,0.0466441,traffic
2005-01-06 04:30:00,342.23154,14.4873905,2.8532107,0.044323146,traffic
2005-01-06 05:00:00,343.98825,10.237423,4.155887,0.03580059,traffic
2005-01-06 05:30:00,345.37152,6.3795514,3.994826,0.017781684,traffic
2005-01-06 06:00:00,346.77646,6.024479,4.012726,0.023408609,traffic
2005-01-06 06:30:00,343.76804,3.370639,2.3742144,0.012863556,traffic
2005-01-06 07:00:00,347.66586,9.782703,2.5798745,0.007973186,traffic
2005-01-06 07:30:00,345.61795,4.8823895,2.945371,0.015160973,traffic
2005-01-06 08:00:00,351.4904,15.493027,5.013251,0.044946633,traffic
2005-01-06 08:30:00,353.4567,15.827202,5.9336095,0.045711186,traffic
2005-01-06 09:00:00,355.30823,12.343037,4.9232287,0.011252453,traffic
2005-01-06 09:30:00,360.73972,17.694155,5.105144,0.0077445735,traffic
2005-01-06 10:00:00,362.71454,17.050104,5.108138,0.010756366,traffic
2005-01-06 10:30:00,366.5801,19.370426,4.849937,0.012187468,traffic
2005-01-06 11:00:00,373.1133,29.201466,5.05395,0.0068759397,traffic
2005-01-06 11:30:00,377.17276,31.635056,4.709082,0.00942805,traffic
2005-01-06 12:00:00,375.2032,25.370892,3.7773383,0.010078094,traffic
2005-01-06 12:30:00,376.52582,21.284351,2.8536217,0.00810004,traffic
2005-01-06 13:00:00,379.93506,27.003769,2.1839318,0.01693148,traffic
2005-01-06 13:30:00,386.73608,48.113438,1.5928283,0.028320933,traffic
2005-01-06 14:00:00,389.93802,57.60612,1.5083526,0.032661643,traffic
2005-01-06 14:30:00,393.00034,55.5751,1.4555157,0.035290223,traffic
2005-01-06 15:00:00,387.22803,38.372906,1.1191425,0.022715112,traffic
2005-01-06 15:30:00,381.57986,19.731596,0.64010715,0.012421859,traffic
2005-01-06 16:00:00,374.96887,11.498578,0.23552662,0.026506929,traffic
2005-01-06 16:30:00,366.44705,0.97928405,-0.24764675,0.027062614,traffic
2005-01-06 17:00:00,370.89505,12.632092,0.0,0.03678516,traffic
2005-01-06 17:30:00,366.01895,18.056318,-0.037435405,0.039823204,traffic
2005-01-06 18:00:00,354.46652,10.713416,-0.5419597,0.035717875,traffic
2005-01-06 18:30:00,352.27252,11.805605,2.9447797e-15,0.039558403,traffic
2005-01-06 19:00:00,356.21338,29.50806,-2.9935641e-15,0.048180085,traffic
2005-01-06 19:30:00,357.65637,27.403833,-2.812563e-15,0.022851428,traffic
2005-01-06 20:00:00,357.85922,32.212753,0.0,0.031998146,traffic
2005-01-06 20:30:00,357.75336,32.91121,0.009510668,0.02104146,traffic
2005-01-06 21:00:00,357.91003,31.348375,0.0,0.014327517,traffic
2005-01-06 21:30:00,357.18182,31.031961,0.0,0.016524622,traffic
2005-01-06 22:00:00,356.27502,31.109789,-0.21193558,0.015114438,traffic
2005-01-06 22:30:00,356.20383,32.7181,0.0,0.021022407,traffic
2005-01-06 23:00:00,354.11493,35.9112,-0.16397445,0.059098657,traffic
2005-01-06 23:30:00,351.96054,31.027702,-2.973442e-15,0.04673749,traffic
2005-01-07 00:00:00,350.76297,33.42422,-0.15967877,0.059172165,traffic
2005-01-07 00:30:00,351.05225,30.242735,0.0,0.023812816,traffic
2005-01-07 01:00:00,349.177,26.031162,0.0,0.009865183,traffic
2005-01-07 01:30:00,350.3551,28.910639,0.0,0.008000992,traffic
2005-01-07 02:00:00,350.14258,31.132584,-2.7440676e-15,0.010729096,traffic
2005-01-07 02:30:00,349.7229,32.484467,0.0,0.012029442,traffic
2005-01-07 03:00:00,348.45303,34.359848,2.7690756e-15,0.01876811,traffic
2005-01-07 03:30:00,347.4699,37.586353,-0.15398708,0.01828618,traffic
2005-01-07 04:00:00,346.3119,38.467766,-0.11320598,0.02003658,traffic
2005-01-07 04:30:00,343.43192,45.742096,0.326177,0.030038683,traffic
2005-01-07 05:00:00,341.9444,45.09936,0.38917398,0.019041214,traffic
2005-01-07 05:30:00,341.16635,48.36362,0.54316765,0.020106656,traffic
2005-01-07 06:00:00,341.92603,41.763874,0.33149326,0.010192264,traffic
2005-01-07 06:30:00,341.25363,39.06472,0.2098296,0.011785852,traffic
2005-01-07 07:00:00,342.56912,42.56336,0.6621548,0.012554947,traffic
2005-01-07 07:30:00,342.28912,41.90475,0.6553779,0.016086409,traffic
2005-01-07 08:00:00,345.8199,47.571667,1.4591997,0.017375983,traffic
2005-01-07 08:30:00,346.52322,52.759335,1.7066791,0.014435456,traffic
2005-01-07 09:00:00,348.70908,54.250122,1.6238959,0.012809621,traffic
2005-01-07 09:30:00,353.62622,55.479713,1.3932042,0.009966802,traffic
2005-01-07 10:00:00,355.2688,62.785576,1.4723905,0.023899214,traffic
2005-01-07 10:30:00,357.57156,86.22907,2.2804258,0.049130652,traffic
2005-01-07 11:00:00,361.08585,94.63608,2.491977,0.035771634,traffic
2005-01-07 11:30:00,365.37427,95.7339,2.2695832,0.033126503,traffic
2005-01-07 12:00:00,369.02832,96.247475,1.9764483,0.048326608,traffic
2005-01-07 12:30:00,370.79214,100.03967,2.0759246,0.046255775,traffic
2005-01-07 13:00:00,372.24423,98.81564,1.7803917,0.035675425,traffic
2005-01-07 13:30:00,374.9116,98.40501,1.473737,0.031181341,traffic
2005-01-07 14:00:00,378.4184,101.3057,1.2944664,0.030848596,traffic
2005-01-07 14:30:00,376.78543,87.669205,0.8068583,0.036682893,traffic
2005-01-07 15:00:00,373.73944,65.83703,0.0,0.021765145,traffic
2005-01-07 15:30:00,366.39294,49.714878,-0.09749439,0.033898484,traffic
2005-01-07 16:00:00,357.15567,35.839138,-0.37637284,0.038358208,traffic
2005-01-07 16:30:00,349.4968,22.837046,0.0,0.04112415,traffic
2005-01-07 17:00:00,346.03333,11.495495,-5.558848e-15,0.018744336,traffic
2005-01-07 17:30:00,345.22208,5.3054204,-5.4901175,0.006772285,traffic
2005-01-07 18:00:00,342.47556,-1.7547178,-3.9287736,0.02135977,traffic
2005-01-07 18:30:00,340.94553,-15.584307,0.5917976,0.03854236,traffic
2005-01-07 19:00:00,339.4654,-11.804566,-1.8566655,0.014606041,traffic
2005-01-07 19:30:00,339.30496,-15.432319,-3.2355816,0.039353956,traffic
2005-01-07 20:00:00,338.64478,-15.793401,-3.5987625,0.04467062,traffic
2005-01-07 20:30:00,339.1864,-23.23375,-3.4836512,0.12796776,traffic
2005-01-07 21:00:00,339.31665,-21.562992,-7.541226,0.13304488,traffic
2005-01-07 21:30:00,340.29984,-20.737858,-11.740699,0.13303892,traffic
2005-01-07 22:00:00,340.29922,-24.012835,-11.357754,0.098067805,traffic
2005-01-07 22:30:00,340.48618,-23.19893,-10.814439,0.07776995,traffic
2005-01-07 23:00:00,341.05576,-27.113894,-11.70646,0.10452181,traffic
2005-01-07 23:30:00,339.24625,-17.446156,-8.372584,0.026975673,traffic
2005-01-08 00:00:00,338.0304,-12.912663,-6.1617384,0.012679543,traffic
2005-01-08 00:30:00,337.56503,-12.985479,-6.669409,0.015894473,traffic
2005-01-08 01:00:00,335.9828,-16.053434,-6.698699,0.015025478,traffic
2005-01-08 01:30:00,335.95947,-15.67426,-7.323036,0.01966985,traffic
2005-01-08 02:00:00,335.82413,-17.92393,-8.2767725,0.026976429,traffic
2005-01-08 02:30:00,334.8443,-15.774851,-7.0073094,0.017363185,traffic
2005-01-08 03:00:00,333.8291,-17.402761,-7.1659207,0.01902258,traffic
2005-01-08 03:30:00,333.54016,-16.2735,-7.7389903,0.01759111,traffic
2005-01-08 04:00:00,333.73706,-18.699192,-9.618737,0.026458474,traffic
2005-01-08 04:30:00,334.8195,-25.42332,-12.912693,0.0501191,traffic
2005-01-08 05:00:00,336.55106,-35.852104,-15.816293,0.09420347,traffic
2005-01-08 05:30:00,337.67444,-42.216984,-16.503235,0.12472857,traffic
2005-01-08 06:00:00,339.05682,-45.81665,-15.993069,0.16773814,traffic
2005-01-08 06:30:00,338.0776,-40.008537,-13.697159,0.10367457,traffic
2005-01-08 07:00:00,337.8916,-26.213364,-11.916368,0.051448807,traffic
2005-01-08 07:30:00,335.89496,-16.515793,-8.382156,0.016777385,traffic
2005-01-08 08:00:00,339.94244,-3.4827104,-7.432776,0.021545835,traffic
2005-01-08 08:30:00,344.15857,4.4976845,-3.2657468,0.01818608,traffic
2005-01-08 09:00:00,351.25845,12.726558,2.430273,0.020647509,traffic
2005-01-08 09:30:00,360.3044,16.487123,13.622656,0.052854802,traffic
2005-01-08 10:00:00,368.25784,21.127924,21.330801,0.16303998,traffic
2005-01-08 10:30:00,376.58823,29.524548,29.965166,0.124652736,traffic
2005-01-08 11:00:00,383.63098,40.762756,41.144505,0.18476804,traffic
2005-01-08 11:30:00,388.10806,51.306908,45.73695,0.22125465,traffic
2005-01-08 12:00:00,393.57523,62.791813,49.095734,0.2314879,traffic
2005-01-08 12:30:00,397.54218,72.39946,44.405663,0.26138672,traffic
2005-01-08 13:00:00,400.27762,70.59106,31.722256,0.18424806,traffic
2005-01-08 13:30:00,402.53214,71.67375,20.15911,0.16445999,traffic
2005-01-08 14:00:00,403.1453,69.27301,5.985656,0.12944584,traffic
2005-01-08 14:30:00,400.6322,55.977345,2.8012712,0.098685436,traffic
2005-01-08 15:00:00,394.2767,46.056885,3.0532682,0.11132292,traffic
2005-01-08 15:30:00,387.76962,34.139297,2.7147155,0.12598935,traffic
2005-01-08 16:00:00,376.6208,11.672788,2.1724546,0.10060529,traffic
2005-01-08 16:30:00,368.79114,2.2331188,1.7731423,0.119700395,traffic
2005-01-08 17:00:00,363.8989,-0.5588002,1.5881218,0.10185585,traffic
2005-01-08 17:30:00,360.6583,-0.85294914,1.365698,0.098659955,traffic
2005-01-08 18:00:00,356.51654,-6.1167912,0.99467814,0.07104487,traffic
2005-01-08 18:30:00,353.86182,-6.7500815,0.8744582,0.044730175,traffic
2005-01-08 19:00:00,351.59933,-7.491581,0.75951856,0.03130242,traffic
2005-01-08 19:30:00,349.37723,-8.400097,0.57349706,0.013670529,traffic
2005-01-08 20:00:00,347.4014,-6.777162,0.48964956,0.023389328,traffic
2005-01-08 20:30:00,345.5162,-5.413327,-3.0278962,0.03578192,traffic
2005-01-08 21:00:00,343.7488,-4.106392,-4.083189,0.03567059,traffic
2005-01-08 21:30:00,342.07068,-1.2576517,-5.1244974,0.035723567,traffic
2005-01-08 22:00:00,340.13428,-1.1731349,-6.074484,0.04010317,traffic
2005-01-08 22:30:00,339.14133,-0.50326085,-6.400632,0.022655088,traffic
2005-01-08 23:00:00,337.41025,2.547464,-7.271505,0.032078866,traffic
2005-01-08 23:30:00,336.40363,3.7524757,-8.109318,0.039188273,traffic
2005-01-09 00:00:00,335.13745,5.13556,-8.400529,0.035524324,traffic
