time,LWup,Qh,Qle,Qtau,case
2004-06-27 00:30:00,442.71033,8.233,-6.798,0.02868478,obs
2004-06-27 01:00:00,440.285,3.981,-2.98,0.043123975,obs
2004-06-27 01:30:00,436.78232,52.473,,0.21048702,obs
2004-06-27 02:00:00,431.655,68.547,-13.936,0.26760063,obs
2004-06-27 02:30:00,427.584,64.076,-2.557,0.22111078,obs
2004-06-27 03:00:00,425.302,58.61,-4.731,0.20821531,obs
2004-06-27 03:30:00,423.27267,49.874,-0.368,0.1332568,obs
2004-06-27 04:00:00,421.09366,63.031,-3.834,0.14670935,obs
2004-06-27 04:30:00,419.775,44.418,-0.978,0.09504164,obs
2004-06-27 05:00:00,419.122,40.08,-0.759,0.1035493,obs
2004-06-27 05:30:00,421.086,60.453,-1.21,0.0989372,obs
2004-06-27 06:00:00,425.18533,72.366,1.521,0.13692616,obs
2004-06-27 06:30:00,431.086,96.264,8.993,0.146625,obs
2004-06-27 07:00:00,440.56134,101.436,7.883,0.1152221,obs
2004-06-27 07:30:00,448.545,104.785,22.33,0.08808388,obs
2004-06-27 08:00:00,464.87732,173.995,46.508,0.122397326,obs
2004-06-27 08:30:00,475.92368,170.558,14.2,0.08509902,obs
2004-06-27 09:00:00,487.512,213.097,9.563,0.0996518,obs
2004-06-27 09:30:00,498.893,246.697,-8.016,0.12170084,obs
2004-06-27 10:00:00,512.99634,254.729,18.448,0.0609171,obs
2004-06-27 10:30:00,522.64966,232.671,-2.287,0.048598573,obs
2004-06-27 11:00:00,534.94366,391.126,12.664,0.15804403,obs
2004-06-27 11:30:00,542.914,254.952,24.436,0.032596808,obs
2004-06-27 12:00:00,549.2883,309.65,9.796,0.10663781,obs
2004-06-27 12:30:00,553.99567,293.255,34.345,0.08681787,obs
2004-06-27 13:00:00,557.5867,284.346,30.081,0.09691531,obs
2004-06-27 13:30:00,559.5853,302.914,7.273,0.0953053,obs
2004-06-27 14:00:00,560.6407,288.377,5.912,0.06204593,obs
2004-06-27 14:30:00,555.9923,252.806,54.128,0.08335049,obs
2004-06-27 15:00:00,552.1357,245.052,23.694,0.1065856,obs
2004-06-27 15:30:00,549.012,230.389,7.827,0.19259523,obs
2004-06-27 16:00:00,538.646,229.822,-2.448,0.1127793,obs
2004-06-27 16:30:00,529.15265,202.612,12.349,0.14094909,obs
2004-06-27 17:00:00,517.73267,135.291,12.14,0.23066378,obs
2004-06-27 17:30:00,507.926,141.635,17.995,0.22704387,obs
2004-06-27 18:00:00,495.843,94.394,29.742,0.2585116,obs
2004-06-27 18:30:00,490.41968,84.25,20.608,0.24359755,obs
2004-06-27 19:00:00,483.20468,54.437,11.748,0.21429974,obs
2004-06-27 19:30:00,474.893,34.151,9.213,0.19168858,obs
2004-06-27 20:00:00,468.647,28.749,10.047,0.18820842,obs
2004-06-27 20:30:00,463.222,33.106,19.533,0.2952939,obs
2004-06-27 21:00:00,458.90366,24.189,9.873,0.27910525,obs
2004-06-27 21:30:00,455.21667,26.204,2.086,0.32910836,obs
2004-06-27 22:00:00,452.13333,36.162,2.604,0.21325293,obs
2004-06-27 22:30:00,449.515,31.379,0.212,0.23195879,obs
2004-06-27 23:00:00,447.781,25.411,3.169,0.13016464,obs
2004-06-27 23:30:00,445.072,23.145,0.954,0.08857467,obs
2004-06-28 00:00:00,442.49533,28.127,7.754,0.098532386,obs
2004-06-28 00:30:00,443.68066,20.932,10.693,0.046733778,obs
2004-06-28 01:00:00,445.55267,29.008,8.805,0.088441536,obs
2004-06-28 01:30:00,443.99234,39.592,12.972,0.15384576,obs
2004-06-28 02:00:00,442.34067,30.144,3.835,0.11141635,obs
2004-06-28 02:30:00,440.99466,28.377,7.988,0.06848344,obs
2004-06-28 03:00:00,438.99768,32.923,12.753,0.08189568,obs
2004-06-28 03:30:00,439.11432,40.268,10.944,0.081371814,obs
2004-06-28 04:00:00,438.38733,37.049,15.795,0.12305913,obs
2004-06-28 04:30:00,436.69135,41.145,19.418,0.16568796,obs
2004-06-28 05:00:00,435.61368,56.511,23.701,0.19650093,obs
2004-06-28 05:30:00,434.94366,58.328,13.94,0.15524517,obs
2004-06-28 06:00:00,433.78333,48.905,7.759,0.12389619,obs
2004-06-28 06:30:00,433.72534,87.195,-0.394,0.17394012,obs
2004-06-28 07:00:00,441.92834,121.283,33.593,0.2381891,obs
2004-06-28 07:30:00,443.47266,103.866,17.764,0.20394297,obs
2004-06-28 08:00:00,451.015,98.217,7.91,0.110744365,obs
2004-06-28 08:30:00,457.95,140.263,21.059,0.15437266,obs
2004-06-28 09:00:00,471.471,203.181,7.341,0.15248668,obs
2004-06-28 09:30:00,490.06833,245.738,27.721,0.16822645,obs
2004-06-28 10:00:00,504.969,249.318,10.978,0.16179872,obs
2004-06-28 10:30:00,520.42,239.973,21.159,0.19598834,obs
2004-06-28 11:00:00,519.5257,345.51,51.875,0.24687298,obs
2004-06-28 11:30:00,531.3643,326.679,38.157,0.2473644,obs
2004-06-28 12:00:00,539.51666,275.103,,0.16727415,obs
2004-06-28 12:30:00,546.68066,315.604,,0.13824159,obs
2004-06-28 13:00:00,549.7113,312.145,47.542,0.20908439,obs
2004-06-28 13:30:00,550.658,261.911,22.358,0.21605614,obs
2004-06-28 14:00:00,546.444,302.274,29.276,0.17714807,obs
2004-06-28 14:30:00,541.87,256.158,18.106,0.16882049,obs
2004-06-28 15:00:00,537.64465,279.733,37.378,0.13863571,obs
2004-06-28 15:30:00,532.7737,319.077,33.491,0.29275966,obs
2004-06-28 16:00:00,523.42035,179.394,26.972,0.18182401,obs
2004-06-28 16:30:00,514.16736,200.532,32.046,0.23629831,obs
2004-06-28 17:00:00,505.19534,175.739,27.953,0.35646042,obs
2004-06-28 17:30:00,494.119,155.419,27.494,0.35185492,obs
2004-06-28 18:00:00,481.419,139.336,40.755,0.48728824,obs
2004-06-28 18:30:00,471.25665,108.348,42.773,0.47368714,obs
2004-06-28 19:00:00,465.02133,79.507,28.673,0.42162085,obs
2004-06-28 19:30:00,457.649,63.948,20.023,0.31994414,obs
2004-06-28 20:00:00,450.069,53.326,29.493,0.2566481,obs
2004-06-28 20:30:00,447.813,53.42,15.679,0.23632537,obs
2004-06-28 21:00:00,445.273,40.26,29.126,0.1557947,obs
2004-06-28 21:30:00,442.351,34.258,24.314,0.11991941,obs
2004-06-28 22:00:00,440.65634,39.548,28.431,0.10052225,obs
2004-06-28 22:30:00,436.778,46.846,23.909,0.12229848,obs
2004-06-28 23:00:00,434.175,40.659,22.986,0.079623796,obs
2004-06-28 23:30:00,432.94766,40.33,23.554,0.09514866,obs
2004-06-29 00:00:00,433.083,39.738,18.003,0.09123477,obs
2004-06-29 00:30:00,435.17834,42.87,9.996,0.1325173,obs
2004-06-29 01:00:00,434.85565,47.512,10.801,0.20127249,obs
2004-06-29 01:30:00,432.89465,44.281,4.885,0.14388765,obs
2004-06-29 02:00:00,431.36368,41.176,8.062,0.13562866,obs
2004-06-29 02:30:00,429.556,48.514,9.466,0.13965073,obs
2004-06-29 03:00:00,429.071,43.702,9.005,0.119979694,obs
2004-06-29 03:30:00,429.02567,53.532,13.357,0.10295911,obs
2004-06-29 04:00:00,427.919,56.46,18.763,0.13145894,obs
2004-06-29 04:30:00,427.169,48.612,22.797,0.10579705,obs
2004-06-29 05:00:00,427.40866,41.039,26.465,0.07280631,obs
2004-06-29 05:30:00,428.46335,48.721,30.265,0.119781986,obs
2004-06-29 06:00:00,429.96866,64.82,24.255,0.119719304,obs
2004-06-29 06:30:00,434.01367,86.751,22.558,0.13531604,obs
2004-06-29 07:00:00,440.55167,87.161,21.351,0.121104494,obs
2004-06-29 07:30:00,449.46567,108.653,18.603,0.067620106,obs
2004-06-29 08:00:00,462.617,140.116,21.651,0.101416655,obs
2004-06-29 08:30:00,476.258,197.36,51.043,0.15696755,obs
2004-06-29 09:00:00,488.80832,152.94,32.578,0.053602677,obs
2004-06-29 09:30:00,502.314,196.579,18.418,0.09288564,obs
2004-06-29 10:00:00,516.44965,253.823,35.352,0.1185467,obs
2004-06-29 10:30:00,525.68066,265.337,17.293,0.048080698,obs
2004-06-29 11:00:00,534.54565,313.937,41.282,0.12782127,obs
2004-06-29 11:30:00,542.877,332.084,51.06,0.22721384,obs
2004-06-29 12:00:00,546.12964,243.543,41.973,0.13406903,obs
2004-06-29 12:30:00,553.3,259.263,36.853,0.044766735,obs
2004-06-29 13:00:00,555.9713,324.857,52.591,0.025138136,obs
2004-06-29 13:30:00,561.02,354.558,50.174,0.0697728,obs
2004-06-29 14:00:00,561.06866,295.06,,0.17897877,obs
2004-06-29 14:30:00,560.221,261.725,,0.09801775,obs
2004-06-29 15:00:00,555.007,185.655,53.102,0.07439282,obs
2004-06-29 15:30:00,549.0183,228.311,6.848,0.11935738,obs
2004-06-29 16:00:00,537.8643,216.122,,0.057958562,obs
2004-06-29 16:30:00,528.934,179.554,,0.06298795,obs
2004-06-29 17:00:00,519.10065,136.786,,0.056284547,obs
2004-06-29 17:30:00,507.49432,146.138,71.273,0.025593894,obs
2004-06-29 18:00:00,496.88968,109.565,-13.101,0.05759451,obs
2004-06-29 18:30:00,485.67032,79.05,32.999,0.107105546,obs
2004-06-29 19:00:00,475.25333,39.958,27.513,0.05236186,obs
2004-06-29 19:30:00,466.49,28.568,19.396,0.07852091,obs
2004-06-29 20:00:00,460.027,12.454,41.89,0.042310596,obs
2004-06-29 20:30:00,454.56934,0.826,13.382,0.023775639,obs
2004-06-29 21:00:00,450.594,-1.423,21.979,0.014444377,obs
2004-06-29 21:30:00,447.11667,-4.661,7.623,0.018418677,obs
2004-06-29 22:00:00,443.471,-4.661,12.439,0.032920122,obs
2004-06-29 22:30:00,439.52734,-3.697,12.952,0.021457337,obs
2004-06-29 23:00:00,435.33133,3.948,9.666,0.024469865,obs
2004-06-29 23:30:00,432.64368,-3.742,38.558,0.015923865,obs
2004-06-30 00:00:00,429.08234,17.323,18.39,0.0072193267,obs
2004-06-30 00:30:00,422.90234,3.723,5.979,0.010427907,obs
2004-06-30 01:00:00,419.004,8.74,-0.983,0.034525394,obs
2004-06-30 01:30:00,416.76,19.061,4.208,0.054332636,obs
2004-06-30 02:00:00,414.692,8.171,2.833,0.04231001,obs
2004-06-30 02:30:00,413.07535,13.199,-4.643,0.041914158,obs
2004-06-30 03:00:00,411.64435,17.569,26.534,0.052139778,obs
2004-06-30 03:30:00,409.66034,26.228,1.425,0.041488778,obs
2004-06-30 04:00:00,408.443,23.21,2.516,0.030153623,obs
2004-06-30 04:30:00,407.149,32.203,8.287,0.012498531,obs
2004-06-30 05:00:00,406.905,58.878,29.774,0.04915753,obs
2004-06-30 05:30:00,408.646,44.665,-2.976,0.014380742,obs
2004-06-30 06:00:00,416.12466,109.26,5.101,0.033416342,obs
2004-06-30 06:30:00,427.021,81.173,0.376,0.010587928,obs
2004-06-30 07:00:00,439.123,97.573,-15.234,0.024013814,obs
2004-06-30 07:30:00,452.694,83.872,-5.411,0.014948552,obs
2004-06-30 08:00:00,470.417,155.785,,0.021131774,obs
2004-06-30 08:30:00,487.646,150.924,44.865,0.05454447,obs
2004-06-30 09:00:00,499.91165,179.271,9.941,0.07118472,obs
2004-06-30 09:30:00,514.99634,214.354,56.173,0.07738159,obs
2004-06-30 10:00:00,527.993,216.328,30.871,0.09757987,obs
2004-06-30 10:30:00,539.1483,215.601,62.157,0.1365654,obs
2004-06-30 11:00:00,550.08234,235.528,107.54,0.12933484,obs
2004-06-30 11:30:00,558.11865,280.436,79.476,0.036642272,obs
2004-06-30 12:00:00,564.867,245.422,68.355,0.009706897,obs
2004-06-30 12:30:00,570.298,287.776,26.097,0.09757965,obs
2004-06-30 13:00:00,571.1827,350.089,26.037,0.19579615,obs
2004-06-30 13:30:00,572.51,349.366,137.288,0.17145003,obs
2004-06-30 14:00:00,572.39,318.948,60.651,0.26122603,obs
2004-06-30 14:30:00,568.2897,302.897,103.631,0.23745455,obs
2004-06-30 15:00:00,565.44965,287.353,46.663,0.1116793,obs
2004-06-30 15:30:00,556.26636,234.262,37.373,0.27407262,obs
2004-06-30 16:00:00,544.033,188.597,27.649,0.25313246,obs
2004-06-30 16:30:00,533.67065,183.825,33.321,0.17485267,obs
2004-06-30 17:00:00,522.9037,139.498,7.305,0.19467556,obs
2004-06-30 17:30:00,512.3153,152.623,59.83,0.25299412,obs
2004-06-30 18:00:00,502.18466,155.476,11.283,0.34111747,obs
2004-06-30 18:30:00,494.56134,97.354,-19.942,0.44812474,obs
2004-06-30 19:00:00,481.455,77.993,-28.646,0.5406292,obs
2004-06-30 19:30:00,470.89,110.645,25.649,0.74248356,obs
2004-06-30 20:00:00,461.69067,110.986,34.194,,obs
2004-06-30 20:30:00,453.57434,74.613,68.379,0.52003574,obs
2004-06-30 21:00:00,449.78033,60.865,46.326,0.39439124,obs
2004-06-30 21:30:00,447.12466,61.634,14.347,0.33421743,obs
2004-06-30 22:00:00,439.034,78.305,20.787,0.39046907,obs
2004-06-30 22:30:00,433.75232,83.037,9.76,0.42683166,obs
2004-06-30 23:00:00,431.204,72.55,19.123,0.34172535,obs
2004-06-30 23:30:00,430.89233,98.425,17.075,0.4152803,obs
2004-07-01 00:00:00,427.033,95.458,5.533,0.40871462,obs
2004-07-01 00:30:00,424.48334,73.875,-4.888,0.3424583,obs
2004-07-01 01:00:00,424.90833,61.431,0.807,0.23162317,obs
2004-07-01 01:30:00,424.746,58.534,-2.041,0.2306056,obs
2004-07-01 02:00:00,423.74335,74.907,-0.98,0.3056767,obs
2004-07-01 02:30:00,422.19934,70.632,12.988,0.25459647,obs
2004-07-01 03:00:00,419.03134,73.66,4.161,0.2892225,obs
2004-07-01 03:30:00,416.45468,79.066,4.622,0.26039726,obs
2004-07-01 04:00:00,413.79367,81.579,35.922,0.21939404,obs
2004-07-01 04:30:00,410.267,70.556,-2.184,0.17429367,obs
2004-07-01 05:00:00,412.79868,71.309,-0.97,0.16157499,obs
2004-07-01 05:30:00,414.39435,78.394,3.215,0.15082864,obs
2004-07-01 06:00:00,416.295,89.805,7.518,0.16231826,obs
2004-07-01 06:30:00,417.073,78.892,7.925,0.18338725,obs
2004-07-01 07:00:00,417.47733,88.261,17.865,0.1718709,obs
2004-07-01 07:30:00,418.84332,98.758,5.004,0.12648205,obs
2004-07-01 08:00:00,423.05634,117.637,7.716,0.08641852,obs
2004-07-01 08:30:00,432.35034,144.08,15.949,0.12725388,obs
2004-07-01 09:00:00,441.23267,182.084,-12.805,0.12742205,obs
2004-07-01 09:30:00,451.85165,198.149,9.541,0.0977411,obs
2004-07-01 10:00:00,478.645,208.601,42.995,0.0686473,obs
2004-07-01 10:30:00,487.09235,289.348,,0.072183445,obs
2004-07-01 11:00:00,486.68765,291.08,55.108,0.114383675,obs
2004-07-01 11:30:00,489.96432,188.614,26.405,0.10487859,obs
2004-07-01 12:00:00,487.93735,220.736,7.344,0.24741183,obs
2004-07-01 12:30:00,506.16034,317.89,19.682,0.21551615,obs
2004-07-01 13:00:00,477.40933,240.137,42.225,0.24155013,obs
2004-07-01 13:30:00,482.58734,170.461,31.454,0.15012519,obs
2004-07-01 14:00:00,484.78,186.876,35.672,0.10772301,obs
2004-07-01 14:30:00,479.488,178.546,16.701,0.14119226,obs
2004-07-01 15:00:00,481.78568,176.849,19.074,0.16944657,obs
2004-07-01 15:30:00,466.666,117.036,26.048,0.18080772,obs
2004-07-01 16:00:00,461.75867,146.189,2.17,0.24396338,obs
2004-07-01 16:30:00,458.63135,98.669,10.754,0.20488654,obs
2004-07-01 17:00:00,458.21667,101.38,10.661,0.20244354,obs
2004-07-01 17:30:00,457.952,120.559,30.758,0.24668925,obs
2004-07-01 18:00:00,453.08368,106.137,28.581,0.28816685,obs
2004-07-01 18:30:00,447.89767,104.57,32.56,0.3877093,obs
2004-07-01 19:00:00,442.43033,76.094,11.182,0.3528487,obs
2004-07-01 19:30:00,437.67065,65.973,2.194,0.31147212,obs
2004-07-01 20:00:00,433.33932,71.841,11.367,0.36629093,obs
2004-07-01 20:30:00,430.83234,65.519,12.775,0.43388978,obs
2004-07-01 21:00:00,429.73367,52.375,20.447,0.3227849,obs
2004-07-01 21:30:00,428.77267,47.428,61.664,0.22722152,obs
2004-07-01 22:00:00,426.81732,46.395,11.609,0.23222056,obs
2004-07-01 22:30:00,424.27667,49.977,13.166,0.3501538,obs
2004-07-01 23:00:00,422.024,59.285,8.887,0.38833132,obs
2004-07-01 23:30:00,418.155,61.197,20.761,0.39672554,obs
2004-07-02 00:00:00,414.35266,51.25,15.677,0.37802616,obs
2004-07-02 00:30:00,407.18866,53.187,11.461,0.3597315,obs
2004-07-02 01:00:00,404.31833,51.621,6.834,0.23092522,obs
2004-07-02 01:30:00,402.70435,51.36,7.76,0.17903374,obs
2004-07-02 02:00:00,400.31134,46.095,-0.02,0.21074328,obs
2004-07-02 02:30:00,400.19,44.822,3.496,0.12590094,obs
2004-07-02 03:00:00,398.768,32.632,0.943,0.13561402,obs
2004-07-02 03:30:00,393.53333,47.82,3.24,0.13081981,obs
2004-07-02 04:00:00,392.12167,47.26,5.092,0.09784924,obs
2004-07-02 04:30:00,390.78833,54.563,3.914,0.091112256,obs
2004-07-02 05:00:00,395.21268,57.578,6.587,0.10819849,obs
2004-07-02 05:30:00,396.292,58.876,8.142,0.08260404,obs
2004-07-02 06:00:00,398.97733,112.038,9.493,0.18907884,obs
2004-07-02 06:30:00,408.516,102.801,6.746,0.17847349,obs
2004-07-02 07:00:00,415.13568,112.636,8.691,0.21143754,obs
2004-07-02 07:30:00,427.233,183.769,7.96,0.1753628,obs
2004-07-02 08:00:00,430.27832,148.529,21.553,0.11299975,obs
2004-07-02 08:30:00,438.16666,157.8,21.867,0.17244181,obs
2004-07-02 09:00:00,449.55667,202.701,35.209,0.15728354,obs
2004-07-02 09:30:00,453.21432,247.384,55.258,0.2549392,obs
2004-07-02 10:00:00,449.04266,152.048,40.586,0.2587902,obs
2004-07-02 10:30:00,459.52634,166.481,40.122,0.13291036,obs
2004-07-02 11:00:00,471.79868,207.354,36.962,0.12782873,obs
2004-07-02 11:30:00,477.42233,202.091,-2.334,0.28086835,obs
2004-07-02 12:00:00,490.175,241.04,55.89,0.17718779,obs
2004-07-02 12:30:00,491.22632,249.993,44.5,0.15663712,obs
2004-07-02 13:00:00,501.79733,237.479,45.331,0.23029053,obs
2004-07-02 13:30:00,493.06567,237.925,66.973,0.16053717,obs
2004-07-02 14:00:00,497.952,270.892,68.453,0.29925337,obs
2004-07-02 14:30:00,495.21,274.199,51.353,0.36921787,obs
2004-07-02 15:00:00,484.935,191.469,31.585,0.32637492,obs
2004-07-02 15:30:00,469.591,108.265,20.156,0.20464066,obs
2004-07-02 16:00:00,474.429,138.194,24.347,0.21152075,obs
2004-07-02 16:30:00,480.808,172.186,40.573,0.33742034,obs
2004-07-02 17:00:00,470.318,157.056,30.948,0.36232942,obs
2004-07-02 17:30:00,460.263,86.472,17.105,0.26597154,obs
2004-07-02 18:00:00,452.98334,83.474,15.322,0.24908873,obs
2004-07-02 18:30:00,449.46533,78.601,26.64,0.3694949,obs
2004-07-02 19:00:00,441.94434,62.453,16.626,0.25622043,obs
2004-07-02 19:30:00,435.695,38.057,21.141,0.14357467,obs
2004-07-02 20:00:00,430.416,33.316,3.614,0.15821548,obs
2004-07-02 20:30:00,426.303,22.265,1.109,0.13028185,obs
2004-07-02 21:00:00,422.10233,23.968,-4.404,0.14760776,obs
2004-07-02 21:30:00,417.939,27.182,4.495,0.22105987,obs
2004-07-02 22:00:00,415.25034,27.577,10.824,0.22069152,obs
2004-07-02 22:30:00,411.937,29.48,15.094,0.18763655,obs
2004-07-02 23:00:00,409.071,29.77,20.136,0.2083343,obs
2004-07-02 23:30:00,406.927,29.362,20.109,0.13621345,obs
2004-07-03 00:00:00,406.47665,33.05,12.025,0.14218348,obs
2004-07-03 00:30:00,405.22934,26.012,6.858,0.08778588,obs
2004-07-03 01:00:00,402.74268,24.817,6.966,0.106915586,obs
2004-07-03 01:30:00,401.00266,22.317,4.221,0.058437865,obs
2004-07-03 02:00:00,399.83932,47.077,5.776,0.1189273,obs
2004-07-03 02:30:00,398.51834,46.493,3.12,0.05493357,obs
2004-07-03 03:00:00,397.29068,41.343,7.86,0.061877098,obs
2004-07-03 03:30:00,395.479,47.906,9.451,0.10536873,obs
2004-07-03 04:00:00,393.09167,37.043,15.074,0.06824783,obs
2004-07-03 04:30:00,391.60132,28.574,12.39,0.04741984,obs
2004-07-03 05:00:00,391.51266,36.072,11.481,0.0534708,obs
2004-07-03 05:30:00,392.86234,14.588,5.689,0.030695967,obs
2004-07-03 06:00:00,397.43268,46.747,9.235,0.05305334,obs
2004-07-03 06:30:00,405.019,89.242,24.436,0.074470796,obs
2004-07-03 07:00:00,414.04868,101.335,23.331,0.06825916,obs
2004-07-03 07:30:00,424.52133,133.606,22.371,0.0832727,obs
2004-07-03 08:00:00,433.84433,141.805,30.883,0.11394349,obs
2004-07-03 08:30:00,445.95367,281.593,56.757,0.18279876,obs
2004-07-03 09:00:00,457.354,216.912,56.501,0.17165259,obs
2004-07-03 09:30:00,470.738,284.197,-4.622,0.13774553,obs
2004-07-03 10:00:00,480.966,264.354,10.451,0.08870018,obs
2004-07-03 10:30:00,491.057,306.114,16.672,0.12953441,obs
2004-07-03 11:00:00,490.33032,272.544,32.785,0.12588966,obs
2004-07-03 11:30:00,501.72232,272.669,54.773,0.079067215,obs
2004-07-03 12:00:00,502.42368,446.741,63.882,0.2243036,obs
2004-07-03 12:30:00,511.15167,285.99,49.894,0.1719808,obs
2004-07-03 13:00:00,515.4687,452.319,48.858,0.31053302,obs
2004-07-03 13:30:00,517.22266,448.257,44.473,0.016326794,obs
2004-07-03 14:00:00,516.4473,396.912,45.302,0.1665104,obs
2004-07-03 14:30:00,513.886,277.952,29.532,0.25414538,obs
2004-07-03 15:00:00,510.04666,262.575,32.723,0.16224754,obs
2004-07-03 15:30:00,503.36533,281.041,37.829,0.13228492,obs
2004-07-03 16:00:00,497.939,282.576,32.094,0.12584156,obs
2004-07-03 16:30:00,488.57666,162.37,24.506,0.059606407,obs
2004-07-03 17:00:00,481.335,193.714,26.952,0.17554164,obs
2004-07-03 17:30:00,472.048,148.215,26.777,0.20092605,obs
2004-07-03 18:00:00,463.12268,107.538,22.897,0.08040252,obs
2004-07-03 18:30:00,454.624,70.519,18.854,0.14059687,obs
2004-07-03 19:00:00,447.144,62.578,14.449,0.12912837,obs
2004-07-03 19:30:00,440.399,36.309,0.112,0.13971794,obs
2004-07-03 20:00:00,435.313,29.575,14.578,0.11115062,obs
2004-07-03 20:30:00,431.377,21.959,13.727,0.086957455,obs
2004-07-03 21:00:00,428.808,21.837,15.031,0.06765664,obs
2004-07-03 21:30:00,426.224,14.39,11.546,0.039917838,obs
2004-07-03 22:00:00,424.00867,6.053,15.707,0.04438268,obs
2004-07-03 22:30:00,422.511,67.976,20.358,0.06063517,obs
2004-07-03 23:00:00,418.28967,-1.512,5.372,0.0051782853,obs
2004-07-03 23:30:00,415.43967,0.939,14.002,0.013362776,obs
2004-07-04 00:00:00,412.41135,11.258,6.091,0.012313319,obs
2004-06-27 00:30:00,442.18466,24.095913,6.5777903,0.038253333,0.05
2004-06-27 01:00:00,438.62607,24.511549,5.1279163,0.050777666,0.05
2004-06-27 01:30:00,435.94534,32.628117,3.4469917,0.1045173,0.05
2004-06-27 02:00:00,431.89618,46.403816,1.3970147,0.12783569,0.05
2004-06-27 02:30:00,428.5272,51.4686,1.4412565,0.11660142,0.05
2004-06-27 03:00:00,425.61514,47.468525,1.0237294,0.09979034,0.05
2004-06-27 03:30:00,423.64624,45.73136,0.8314901,0.09791817,0.05
2004-06-27 04:00:00,421.3162,44.92157,0.63743716,0.09227094,0.05
2004-06-27 04:30:00,420.25522,43.536232,0.47492644,0.08261174,0.05
2004-06-27 05:00:00,420.97382,49.674934,0.4120752,0.09655434,0.05
2004-06-27 05:30:00,426.00516,53.32384,0.7234727,0.072967835,0.05
2004-06-27 06:00:00,434.608,68.46782,1.633843,0.069019035,0.05
2004-06-27 06:30:00,445.68082,88.11521,2.5725985,0.08080667,0.05
2004-06-27 07:00:00,461.17603,108.174446,4.5737624,0.06391335,0.05
2004-06-27 07:30:00,472.4402,129.41388,6.038642,0.08446229,0.05
2004-06-27 08:00:00,499.88065,169.10391,9.758999,0.05802528,0.05
2004-06-27 08:30:00,515.19476,198.15898,12.123032,0.070816286,0.05
2004-06-27 09:00:00,533.70044,223.79645,14.273271,0.06626847,0.05
2004-06-27 09:30:00,552.37976,247.1152,16.825146,0.064752474,0.05
2004-06-27 10:00:00,571.5833,266.69058,19.928862,0.05104356,0.05
2004-06-27 10:30:00,587.1223,292.25024,24.378899,0.060767177,0.05
2004-06-27 11:00:00,604.509,301.14737,28.419582,0.04541694,0.05
2004-06-27 11:30:00,615.15717,320.43164,32.495884,0.05979435,0.05
2004-06-27 12:00:00,624.6751,331.97458,36.123215,0.07665808,0.05
2004-06-27 12:30:00,629.0484,340.37567,38.395298,0.09502378,0.05
2004-06-27 13:00:00,632.60693,338.4718,38.074997,0.0844447,0.05
2004-06-27 13:30:00,631.24475,337.32373,37.48149,0.103982456,0.05
2004-06-27 14:00:00,630.3274,324.09702,35.132095,0.08187933,0.05
2004-06-27 14:30:00,621.44775,314.79504,33.052895,0.105146155,0.05
2004-06-27 15:00:00,612.34467,296.62677,29.930582,0.10573879,0.05
2004-06-27 15:30:00,603.8837,264.57504,26.369741,0.07740551,0.05
2004-06-27 16:00:00,587.8015,249.57703,23.981993,0.117147855,0.05
2004-06-27 16:30:00,572.4293,222.70657,22.272682,0.13276157,0.05
2004-06-27 17:00:00,553.6538,195.0263,20.636187,0.1628054,0.05
2004-06-27 17:30:00,537.11993,162.74408,18.775763,0.16134591,0.05
2004-06-27 18:00:00,516.9401,128.52708,17.166302,0.1843532,0.05
2004-06-27 18:30:00,508.76392,112.27032,16.846838,0.18258953,0.05
2004-06-27 19:00:00,495.7242,95.498474,15.663244,0.2252715,0.05
2004-06-27 19:30:00,482.95605,72.84358,14.194976,0.206278,0.05
2004-06-27 20:00:00,473.59076,58.449844,12.758538,0.17235975,0.05
2004-06-27 20:30:00,467.38104,51.267014,11.804448,0.12080538,0.05
2004-06-27 21:00:00,461.0659,49.511375,11.447523,0.14968525,0.05
2004-06-27 21:30:00,456.86462,48.558907,10.54466,0.16528079,0.05
2004-06-27 22:00:00,452.89313,45.551353,8.8492565,0.14231686,0.05
2004-06-27 22:30:00,450.5974,40.835308,7.774225,0.09394615,0.05
2004-06-27 23:00:00,448.7659,40.07118,7.053069,0.082506254,0.05
2004-06-27 23:30:00,445.59412,37.984173,6.3167768,0.07426469,0.05
2004-06-28 00:00:00,443.37338,38.071968,5.659977,0.05927372,0.05
2004-06-28 00:30:00,446.2237,44.61491,5.803453,0.05990804,0.05
2004-06-28 01:00:00,447.26675,42.82483,5.191379,0.067836136,0.05
2004-06-28 01:30:00,445.80576,40.9881,5.2068396,0.081716456,0.05
2004-06-28 02:00:00,444.20047,37.874336,4.7516184,0.06718182,0.05
2004-06-28 02:30:00,442.85416,37.141335,4.3393345,0.06800937,0.05
2004-06-28 03:00:00,440.65976,38.063343,3.3852859,0.06693483,0.05
2004-06-28 03:30:00,441.42923,37.40708,3.360673,0.0529736,0.05
2004-06-28 04:00:00,440.66833,38.765545,3.1740074,0.068167195,0.05
2004-06-28 04:30:00,439.27707,45.003014,3.8339536,0.10483199,0.05
2004-06-28 05:00:00,439.40747,49.90168,4.2469773,0.10486709,0.05
2004-06-28 05:30:00,438.29895,48.659668,4.3329916,0.09752126,0.05
2004-06-28 06:00:00,438.76035,55.22303,4.538722,0.09169629,0.05
2004-06-28 06:30:00,443.70404,84.0471,4.0953717,0.1048,0.05
2004-06-28 07:00:00,455.09247,99.81749,5.9532976,0.09947857,0.05
2004-06-28 07:30:00,459.94977,115.47347,6.894197,0.12997806,0.05
2004-06-28 08:00:00,473.41638,132.85197,9.465875,0.10393144,0.05
2004-06-28 08:30:00,486.32767,159.11916,10.413145,0.10443073,0.05
2004-06-28 09:00:00,507.29163,186.29758,11.860437,0.07815782,0.05
2004-06-28 09:30:00,536.0126,227.27061,15.357295,0.08159823,0.05
2004-06-28 10:00:00,560.3597,273.3847,20.077572,0.101718634,0.05
2004-06-28 10:30:00,581.9136,327.16122,25.952501,0.1414365,0.05
2004-06-28 11:00:00,586.5496,326.5366,28.624662,0.14548726,0.05
2004-06-28 11:30:00,603.16504,348.13092,34.090458,0.14439549,0.05
2004-06-28 12:00:00,611.7049,352.0583,37.52841,0.13452192,0.05
2004-06-28 12:30:00,620.0242,350.32288,39.71305,0.1220448,0.05
2004-06-28 13:00:00,621.11316,353.2177,39.677544,0.14489353,0.05
2004-06-28 13:30:00,621.43304,344.80057,38.07009,0.13338512,0.05
2004-06-28 14:00:00,604.05945,382.757,39.129807,0.16165902,0.05
2004-06-28 14:30:00,602.05524,321.71426,32.582848,0.16359878,0.05
2004-06-28 15:00:00,594.32324,299.85413,28.551588,0.13343063,0.05
2004-06-28 15:30:00,587.1635,298.76688,27.34944,0.16238242,0.05
2004-06-28 16:00:00,568.68146,279.98743,25.324064,0.2117703,0.05
2004-06-28 16:30:00,556.8738,244.6069,23.151583,0.1863489,0.05
2004-06-28 17:00:00,541.09924,221.76994,22.890543,0.22947161,0.05
2004-06-28 17:30:00,523.46185,189.46338,21.537558,0.2378427,0.05
2004-06-28 18:00:00,502.97043,162.87051,20.138227,0.28454152,0.05
2004-06-28 18:30:00,486.27554,126.72146,18.361164,0.22540304,0.05
2004-06-28 19:00:00,476.32904,110.13224,17.878555,0.21806447,0.05
2004-06-28 19:30:00,465.37292,92.72278,16.791018,0.21457808,0.05
2004-06-28 20:00:00,455.13788,82.23691,16.118483,0.20397398,0.05
2004-06-28 20:30:00,454.07092,75.49937,15.193167,0.1237807,0.05
2004-06-28 21:00:00,448.84732,69.56207,14.612337,0.14344284,0.05
2004-06-28 21:30:00,445.4963,58.993515,14.103459,0.10725686,0.05
2004-06-28 22:00:00,442.1502,50.229725,13.811046,0.08847968,0.05
2004-06-28 22:30:00,437.2268,43.331284,12.505943,0.073838085,0.05
2004-06-28 23:00:00,434.5675,43.700027,12.025373,0.07813055,0.05
2004-06-28 23:30:00,433.71756,42.74446,11.252487,0.060831133,0.05
2004-06-29 00:00:00,434.035,43.665615,10.999384,0.058931213,0.05
2004-06-29 00:30:00,436.88763,44.02585,10.943724,0.070959866,0.05
2004-06-29 01:00:00,435.5853,42.56092,9.910523,0.08010666,0.05
2004-06-29 01:30:00,434.4976,46.600784,9.420759,0.09254448,0.05
2004-06-29 02:00:00,433.3938,48.560787,8.724537,0.104214996,0.05
2004-06-29 02:30:00,431.34958,42.084354,7.824764,0.06940378,0.05
2004-06-29 03:00:00,430.4601,38.819656,6.7641916,0.054405607,0.05
2004-06-29 03:30:00,430.45563,38.439194,6.3061304,0.052932788,0.05
2004-06-29 04:00:00,429.2857,40.138245,6.074236,0.064847395,0.05
2004-06-29 04:30:00,429.04553,39.69338,5.9469457,0.056198217,0.05
2004-06-29 05:00:00,429.96756,43.47068,6.431813,0.07142072,0.05
2004-06-29 05:30:00,431.52386,47.05802,6.589536,0.07722361,0.05
2004-06-29 06:00:00,435.8799,59.53051,6.712105,0.07800731,0.05
2004-06-29 06:30:00,442.69266,73.974815,7.1910744,0.08299633,0.05
2004-06-29 07:00:00,454.82416,96.83803,9.061021,0.09123092,0.05
2004-06-29 07:30:00,471.39044,126.97771,9.725543,0.08087753,0.05
2004-06-29 08:00:00,491.8215,164.87067,13.17025,0.092268996,0.05
2004-06-29 08:30:00,511.3598,189.30353,14.810166,0.08285674,0.05
2004-06-29 09:00:00,528.964,223.91063,17.926733,0.10810042,0.05
2004-06-29 09:30:00,549.402,245.85432,21.895588,0.09352758,0.05
2004-06-29 10:00:00,568.35156,266.3299,26.196535,0.07622806,0.05
2004-06-29 10:30:00,583.2202,299.2505,30.780977,0.09459832,0.05
2004-06-29 11:00:00,597.58795,322.094,34.842278,0.1048012,0.05
2004-06-29 11:30:00,608.68225,339.09116,38.505615,0.10366189,0.05
2004-06-29 12:00:00,614.1103,361.83505,42.614243,0.1398819,0.05
2004-06-29 12:30:00,622.7451,350.88574,43.136436,0.0860848,0.05
2004-06-29 13:00:00,622.07886,357.35205,45.124348,0.11693555,0.05
2004-06-29 13:30:00,623.111,342.63373,44.17575,0.097945884,0.05
2004-06-29 14:00:00,620.8069,329.19968,42.93784,0.08776975,0.05
2004-06-29 14:30:00,613.55597,313.69498,41.477085,0.0906099,0.05
2004-06-29 15:00:00,603.628,297.8516,38.096024,0.09655341,0.05
2004-06-29 15:30:00,593.5601,269.12265,34.584476,0.08465717,0.05
2004-06-29 16:00:00,577.48395,252.4302,31.824726,0.11088428,0.05
2004-06-29 16:30:00,565.1548,208.70334,29.212875,0.0626137,0.05
2004-06-29 17:00:00,548.4456,178.27216,29.356415,0.07587753,0.05
2004-06-29 17:30:00,531.1024,146.57469,27.52283,0.0629394,0.05
2004-06-29 18:00:00,512.7686,112.85986,26.264153,0.07248912,0.05
2004-06-29 18:30:00,496.0006,83.72013,24.278217,0.07612851,0.05
2004-06-29 19:00:00,480.27652,60.142227,23.22916,0.09518355,0.05
2004-06-29 19:30:00,467.72153,34.310944,20.920755,0.059636462,0.05
2004-06-29 20:00:00,458.3065,19.764076,18.207134,0.027705051,0.05
2004-06-29 20:30:00,452.48764,13.008021,17.29239,0.017779276,0.05
2004-06-29 21:00:00,446.90778,6.6451697,16.732971,0.020013848,0.05
2004-06-29 21:30:00,442.4986,5.651604,16.598173,0.03637743,0.05
2004-06-29 22:00:00,437.9518,6.2937346,15.292457,0.044305343,0.05
2004-06-29 22:30:00,434.2039,11.736902,13.705158,0.0528098,0.05
2004-06-29 23:00:00,430.78378,12.854445,11.705974,0.023613388,0.05
2004-06-29 23:30:00,427.82703,11.761639,10.80697,0.018128416,0.05
2004-06-30 00:00:00,424.59882,16.430868,8.9184675,0.0142842885,0.05
2004-06-30 00:30:00,419.164,34.82752,7.7594295,0.036406778,0.05
2004-06-30 01:00:00,414.73825,40.544827,6.6448846,0.06336906,0.05
2004-06-30 01:30:00,413.40448,36.976574,5.9592986,0.049911898,0.05
2004-06-30 02:00:00,411.18002,35.985645,5.2422976,0.051831238,0.05
2004-06-30 02:30:00,409.54327,35.494637,4.301244,0.06133031,0.05
2004-06-30 03:00:00,407.58615,29.497791,3.7965329,0.041717064,0.05
2004-06-30 03:30:00,405.61722,29.24266,3.3371327,0.038225874,0.05
2004-06-30 04:00:00,404.24127,26.420902,2.6306105,0.035255875,0.05
2004-06-30 04:30:00,403.00906,23.711887,3.181754,0.021723468,0.05
2004-06-30 05:00:00,405.16815,30.821398,4.102127,0.027144521,0.05
2004-06-30 05:30:00,411.81293,46.0854,4.0769143,0.032064293,0.05
2004-06-30 06:00:00,424.2037,55.758423,4.2567673,0.023533013,0.05
2004-06-30 06:30:00,438.145,68.85062,4.5810957,0.019509148,0.05
2004-06-30 07:00:00,456.0436,88.54533,5.8969984,0.024379453,0.05
2004-06-30 07:30:00,473.59415,109.85703,6.328123,0.016659439,0.05
2004-06-30 08:00:00,495.71634,137.53316,9.592216,0.017013447,0.05
2004-06-30 08:30:00,516.1532,153.88025,12.702644,0.01583229,0.05
2004-06-30 09:00:00,537.4696,168.81058,15.007361,0.045763638,0.05
2004-06-30 09:30:00,558.3827,191.27533,19.295557,0.055485655,0.05
2004-06-30 10:00:00,576.91077,222.7708,24.356075,0.07555602,0.05
2004-06-30 10:30:00,594.3584,251.5779,30.30028,0.08202512,0.05
2004-06-30 11:00:00,608.8202,273.49323,35.984894,0.082519256,0.05
2004-06-30 11:30:00,621.77637,286.89847,38.301052,0.069209285,0.05
2004-06-30 12:00:00,630.3953,301.92877,40.99893,0.078952394,0.05
2004-06-30 12:30:00,638.56696,300.9229,40.738888,0.058811188,0.05
2004-06-30 13:00:00,637.4979,313.3357,41.328285,0.10149659,0.05
2004-06-30 13:30:00,637.5243,310.523,41.33668,0.09706815,0.05
2004-06-30 14:00:00,633.2254,307.28525,40.91679,0.118027516,0.05
2004-06-30 14:30:00,625.77844,296.96262,39.14307,0.13287315,0.05
2004-06-30 15:00:00,617.3728,272.6751,36.12244,0.115979515,0.05
2004-06-30 15:30:00,603.8234,258.95135,34.27544,0.15602596,0.05
2004-06-30 16:00:00,586.67487,243.97018,32.538574,0.19506036,0.05
2004-06-30 16:30:00,571.8105,214.50931,29.818645,0.17918727,0.05
2004-06-30 17:00:00,556.00574,183.18968,26.716478,0.17338966,0.05
2004-06-30 17:30:00,538.3672,151.30676,24.488907,0.1787597,0.05
2004-06-30 18:00:00,521.2605,118.37167,20.802895,0.175847,0.05
2004-06-30 18:30:00,509.79483,99.71645,18.148424,0.18190026,0.05
2004-06-30 19:00:00,493.98212,114.55635,11.123935,0.30329782,0.05
2004-06-30 19:30:00,482.072,115.74014,9.829412,0.33485445,0.05
2004-06-30 20:00:00,470.034,109.18756,11.109462,0.35076788,0.05
2004-06-30 20:30:00,459.94476,86.72951,10.94414,0.24935336,0.05
2004-06-30 21:00:00,453.96326,78.66671,16.059261,0.25099137,0.05
2004-06-30 21:30:00,451.65097,71.16184,14.594623,0.15786944,0.05
2004-06-30 22:00:00,440.3648,71.501114,12.70475,0.22571205,0.05
2004-06-30 22:30:00,435.76212,75.16725,11.078492,0.23403391,0.05
2004-06-30 23:00:00,433.58743,67.066444,9.6936035,0.14831688,0.05
2004-06-30 23:30:00,433.77304,72.253426,9.304385,0.17174691,0.05
2004-07-01 00:00:00,429.13574,73.75857,8.796922,0.19054945,0.05
2004-07-01 00:30:00,427.7929,74.264755,7.618192,0.16442272,0.05
2004-07-01 01:00:00,427.80862,75.48905,6.003843,0.17751898,0.05
2004-07-01 01:30:00,428.49976,77.006584,5.174735,0.17442559,0.05
2004-07-01 02:00:00,427.3969,75.078995,4.2913904,0.19246823,0.05
2004-07-01 02:30:00,426.09637,73.79404,3.9134278,0.20414197,0.05
2004-07-01 03:00:00,422.3582,75.42459,2.428818,0.21926422,0.05
2004-07-01 03:30:00,419.90714,73.0072,2.146797,0.2083298,0.05
2004-07-01 04:00:00,416.2157,62.897934,2.0106695,0.14657778,0.05
2004-07-01 04:30:00,411.55713,53.316895,1.3852718,0.110190034,0.05
2004-07-01 05:00:00,415.9642,63.109016,0.6077467,0.10991895,0.05
2004-07-01 05:30:00,417.92746,62.84355,0.51379424,0.09950316,0.05
2004-07-01 06:00:00,421.50092,71.06632,1.0113825,0.11061212,0.05
2004-07-01 06:30:00,421.32233,72.14425,0.90764856,0.13638839,0.05
2004-07-01 07:00:00,423.41818,76.397835,1.9967687,0.13859096,0.05
2004-07-01 07:30:00,425.0392,69.73302,2.586628,0.08572406,0.05
2004-07-01 08:00:00,435.39554,90.34859,4.4815016,0.07290738,0.05
2004-07-01 08:30:00,448.58292,114.51962,5.550535,0.07161561,0.05
2004-07-01 09:00:00,462.79956,140.86394,7.2491603,0.085725695,0.05
2004-07-01 09:30:00,484.51175,183.46301,9.991959,0.08340814,0.05
2004-07-01 10:00:00,521.2942,258.60617,15.652643,0.10157866,0.05
2004-07-01 10:30:00,532.48334,254.12961,17.96631,0.0651574,0.05
2004-07-01 11:00:00,522.4572,229.273,18.388395,0.102167405,0.05
2004-07-01 11:30:00,539.1992,255.43532,22.1026,0.093599856,0.05
2004-07-01 12:00:00,533.0178,244.02214,22.72943,0.10566155,0.05
2004-07-01 12:30:00,548.3657,263.9784,26.783484,0.12841326,0.05
2004-07-01 13:00:00,505.05624,187.59155,17.796509,0.14767176,0.05
2004-07-01 13:30:00,525.44934,215.06325,20.412018,0.10640062,0.05
2004-07-01 14:00:00,519.40936,194.81133,18.938644,0.10073366,0.05
2004-07-01 14:30:00,511.60214,181.85602,17.367609,0.10105736,0.05
2004-07-01 15:00:00,508.9456,169.26622,16.526503,0.10155205,0.05
2004-07-01 15:30:00,489.92072,143.2984,14.642305,0.13494973,0.05
2004-07-01 16:00:00,479.96222,117.067856,13.080011,0.13416375,0.05
2004-07-01 16:30:00,476.1214,111.31406,11.396487,0.11269652,0.05
2004-07-01 17:00:00,476.14087,115.7007,11.317855,0.13466838,0.05
2004-07-01 17:30:00,473.75452,109.662155,11.109364,0.13742203,0.05
2004-07-01 18:00:00,465.02286,95.05552,10.140862,0.1729474,0.05
2004-07-01 18:30:00,457.3868,79.88903,9.737424,0.18648866,0.05
2004-07-01 19:00:00,449.14386,69.24822,9.044136,0.21540867,0.05
2004-07-01 19:30:00,442.54062,55.6353,6.763478,0.16967836,0.05
2004-07-01 20:00:00,436.4454,47.814354,5.5871434,0.16054645,0.05
2004-07-01 20:30:00,433.67593,44.936516,5.2733707,0.1537556,0.05
2004-07-01 21:00:00,432.0967,41.41275,5.511961,0.14298855,0.05
2004-07-01 21:30:00,430.66733,42.964424,8.314731,0.16677938,0.05
2004-07-01 22:00:00,428.2323,41.992386,8.7247095,0.17227851,0.05
2004-07-01 22:30:00,426.2524,46.570957,8.093642,0.20533502,0.05
2004-07-01 23:00:00,424.12457,49.076973,7.3591866,0.20542686,0.05
2004-07-01 23:30:00,420.07986,52.52739,7.3108068,0.22945307,0.05
2004-07-02 00:00:00,415.7191,53.955036,6.9969635,0.26579052,0.05
2004-07-02 00:30:00,407.0568,46.076897,5.9986234,0.23026139,0.05
2004-07-02 01:00:00,403.8169,41.80541,4.2575145,0.1489334,0.05
2004-07-02 01:30:00,401.8908,42.122944,3.6392918,0.12816642,0.05
2004-07-02 02:00:00,399.44284,43.22105,2.9088821,0.14587623,0.05
2004-07-02 02:30:00,400.01105,41.548565,2.2592375,0.10166928,0.05
2004-07-02 03:00:00,396.5695,38.464695,1.3684006,0.11655773,0.05
2004-07-02 03:30:00,390.51562,31.048536,0.7482507,0.09376972,0.05
2004-07-02 04:00:00,388.71732,24.73485,0.26036614,0.059156477,0.05
2004-07-02 04:30:00,386.8831,23.92172,-0.08843672,0.06394463,0.05
2004-07-02 05:00:00,395.4284,40.17679,0.0,0.07362853,0.05
2004-07-02 05:30:00,396.8543,40.17263,-6.378983e-15,0.07993107,0.05
2004-07-02 06:00:00,406.00833,57.917942,0.0,0.071502805,0.05
2004-07-02 06:30:00,420.7045,79.942024,1.149845,0.070272624,0.05
2004-07-02 07:00:00,427.39166,86.56794,2.3180249,0.10045804,0.05
2004-07-02 07:30:00,450.31552,128.3907,2.9518142,0.10656323,0.05
2004-07-02 08:00:00,459.59918,169.22615,6.9723063,0.19458708,0.05
2004-07-02 08:30:00,475.11588,182.65822,8.649899,0.12668836,0.05
2004-07-02 09:00:00,483.5087,189.72986,10.367207,0.12823126,0.05
2004-07-02 09:30:00,494.6076,204.64047,12.652834,0.12264299,0.05
2004-07-02 10:00:00,488.62677,193.15567,13.812755,0.13922115,0.05
2004-07-02 10:30:00,504.7641,225.1346,18.181063,0.14828795,0.05
2004-07-02 11:00:00,530.9046,275.38217,23.22346,0.14358348,0.05
2004-07-02 11:30:00,524.8111,245.05212,23.0054,0.14358334,0.05
2004-07-02 12:00:00,555.3703,315.97244,30.059134,0.16020596,0.05
2004-07-02 12:30:00,551.0124,290.23236,29.202517,0.14692473,0.05
2004-07-02 13:00:00,574.90765,351.7252,33.868084,0.18890792,0.05
2004-07-02 13:30:00,543.05756,280.70233,28.028828,0.18654066,0.05
2004-07-02 14:00:00,565.91724,336.7346,32.376034,0.22421885,0.05
2004-07-02 14:30:00,547.67914,288.6363,28.276142,0.22311619,0.05
2004-07-02 15:00:00,531.9432,237.74347,24.106201,0.1742739,0.05
2004-07-02 15:30:00,501.8273,189.35304,21.171194,0.23254755,0.05
2004-07-02 16:00:00,513.01514,203.46097,20.53622,0.21156463,0.05
2004-07-02 16:30:00,520.4049,209.63205,20.336412,0.1993921,0.05
2004-07-02 17:00:00,497.06665,153.66098,18.603693,0.19017881,0.05
2004-07-02 17:30:00,483.20532,132.03331,17.014565,0.20202838,0.05
2004-07-02 18:00:00,470.3101,113.2618,15.248337,0.22888097,0.05
2004-07-02 18:30:00,463.02835,92.493004,15.210947,0.23303069,0.05
2004-07-02 19:00:00,448.6236,56.791393,12.461297,0.1621067,0.05
2004-07-02 19:30:00,438.13077,37.979446,10.762561,0.114352636,0.05
2004-07-02 20:00:00,429.89032,29.20571,9.73421,0.11755262,0.05
2004-07-02 20:30:00,425.3312,27.643736,8.660009,0.111643195,0.05
2004-07-02 21:00:00,419.81256,28.460575,7.325589,0.1302135,0.05
2004-07-02 21:30:00,415.3847,31.544043,6.2422023,0.14139692,0.05
2004-07-02 22:00:00,412.47354,31.836521,5.249946,0.12672023,0.05
2004-07-02 22:30:00,408.65118,26.879667,4.58907,0.09209993,0.05
2004-07-02 23:00:00,405.45444,27.915197,4.531551,0.10758162,0.05
2004-07-02 23:30:00,403.8447,27.332777,4.3435135,0.07487153,0.05
2004-07-03 00:00:00,403.68002,28.772604,4.4413924,0.077257946,0.05
2004-07-03 00:30:00,401.89017,28.358967,4.2823052,0.09637128,0.05
2004-07-03 01:00:00,398.05322,21.06237,3.167082,0.072652735,0.05
2004-07-03 01:30:00,396.35657,20.319054,2.816661,0.077957444,0.05
2004-07-03 02:00:00,395.29745,18.142302,2.322681,0.0565467,0.05
2004-07-03 02:30:00,393.58453,14.8948965,1.8461965,0.03612442,0.05
2004-07-03 03:00:00,392.02127,15.525003,1.2860092,0.040807735,0.05
2004-07-03 03:30:00,389.66827,13.384938,1.0626618,0.03674162,0.05
2004-07-03 04:00:00,386.66223,9.754776,0.74728686,0.02967757,0.05
2004-07-03 04:30:00,385.19162,10.660828,0.4739839,0.039182015,0.05
2004-07-03 05:00:00,387.4588,17.882694,0.48503727,0.037578765,0.05
2004-07-03 05:30:00,393.52335,34.020004,0.67515475,0.058107276,0.05
2004-07-03 06:00:00,404.58783,55.21534,1.3357286,0.061989833,0.05
2004-07-03 06:30:00,417.90402,76.50891,1.9131436,0.05405438,0.05
2004-07-03 07:00:00,434.17,107.23398,3.6505175,0.0647162,0.05
2004-07-03 07:30:00,450.7135,136.70447,4.6657543,0.071199544,0.05
2004-07-03 08:00:00,469.29333,185.76863,7.9921455,0.11527201,0.05
2004-07-03 08:30:00,487.68768,210.49258,10.745119,0.09303091,0.05
2004-07-03 09:00:00,504.63727,241.08072,13.875698,0.101264365,0.05
2004-07-03 09:30:00,526.2852,275.29138,16.92797,0.09760317,0.05
2004-07-03 10:00:00,540.32214,293.66757,18.8861,0.085107565,0.05
2004-07-03 10:30:00,567.55084,336.65762,23.546593,0.08292225,0.05
2004-07-03 11:00:00,555.1656,307.83273,24.496405,0.09968539,0.05
2004-07-03 11:30:00,580.13153,359.33606,30.589987,0.10024147,0.05
2004-07-03 12:00:00,573.568,355.492,32.240368,0.13988891,0.05
2004-07-03 12:30:00,592.0078,366.4717,34.9541,0.094022214,0.05
2004-07-03 13:00:00,592.0739,366.2351,35.237705,0.10381573,0.05
2004-07-03 13:30:00,592.32837,359.2424,34.25731,0.10345489,0.05
2004-07-03 14:00:00,587.0017,357.02527,32.77299,0.11843006,0.05
2004-07-03 14:30:00,579.71924,342.4889,30.047785,0.12406898,0.05
2004-07-03 15:00:00,570.4586,323.7187,26.6971,0.115254566,0.05
2004-07-03 15:30:00,559.928,300.1453,24.47431,0.11969407,0.05
2004-07-03 16:00:00,546.1644,268.6248,22.310766,0.12190555,0.05
2004-07-03 16:30:00,530.9425,242.71391,20.939644,0.13754182,0.05
2004-07-03 17:00:00,517.07336,201.6241,19.835693,0.115834765,0.05
2004-07-03 17:30:00,499.51096,172.24275,18.722013,0.14407778,0.05
2004-07-03 18:00:00,482.4397,132.8743,17.081184,0.1285907,0.05
2004-07-03 18:30:00,466.78473,96.33313,15.839091,0.114547625,0.05
2004-07-03 19:00:00,453.62045,67.79351,14.506649,0.11223957,0.05
2004-07-03 19:30:00,442.8379,47.826992,12.383326,0.1000851,0.05
2004-07-03 20:00:00,434.90625,33.297733,10.465411,0.06792951,0.05
2004-07-03 20:30:00,429.94464,25.592848,9.584987,0.047402527,0.05
2004-07-03 21:00:00,425.41965,17.018064,9.067447,0.03935625,0.05
2004-07-03 21:30:00,421.95456,13.28651,8.572636,0.03167251,0.05
2004-07-03 22:00:00,418.51456,8.577565,7.6362696,0.021791765,0.05
2004-07-03 22:30:00,416.5581,3.073958,7.2755256,0.014569626,0.05
2004-07-03 23:00:00,412.7608,9.512391,6.4816966,0.019112792,0.05
2004-07-03 23:30:00,410.11862,12.655353,5.690853,0.024103915,0.05
2004-07-04 00:00:00,407.37814,14.768706,4.90328,0.015410234,0.05
2004-06-27 00:30:00,441.96527,23.631218,6.4188333,0.038253333,0.1
2004-06-27 01:00:00,438.59354,24.28914,5.044081,0.050693158,0.1
2004-06-27 01:30:00,435.86792,32.305897,3.3401062,0.104412764,0.1
2004-06-27 02:00:00,431.81543,46.04469,1.2913587,0.12772958,0.1
2004-06-27 02:30:00,428.44412,51.095306,1.3351113,0.11650042,0.1
2004-06-27 03:00:00,425.57953,47.21181,0.959336,0.0996902,0.1
2004-06-27 03:30:00,423.59116,45.463833,0.76671255,0.09783406,0.1
2004-06-27 04:00:00,421.2613,44.66236,0.57695204,0.09219324,0.1
2004-06-27 04:30:00,420.20053,43.28574,0.4160072,0.082538106,0.1
2004-06-27 05:00:00,420.91995,49.42259,0.35348237,0.09647366,0.1
2004-06-27 05:30:00,425.9494,53.080914,0.66601664,0.07289654,0.1
2004-06-27 06:00:00,434.5006,68.10288,1.5379325,0.06895395,0.1
2004-06-27 06:30:00,445.59235,87.74387,2.4734895,0.08072098,0.1
2004-06-27 07:00:00,460.97733,107.545,4.3914413,0.06384279,0.1
2004-06-27 07:30:00,472.27914,128.74898,5.8456163,0.08435771,0.1
2004-06-27 08:00:00,499.48953,167.92314,9.39054,0.057946555,0.1
2004-06-27 08:30:00,514.87665,196.89697,11.7276,0.07069943,0.1
2004-06-27 09:00:00,533.41486,222.53984,13.888576,0.06616082,0.1
2004-06-27 09:30:00,552.0573,245.77533,16.421215,0.06465601,0.1
2004-06-27 10:00:00,571.30475,265.417,19.557785,0.050965603,0.1
2004-06-27 10:30:00,586.8153,290.9401,23.991693,0.060689416,0.1
2004-06-27 11:00:00,604.1931,299.81793,28.027187,0.045356516,0.1
2004-06-27 11:30:00,614.8439,319.09967,32.063004,0.059724096,0.1
2004-06-27 12:00:00,624.35626,330.63,35.680164,0.07657683,0.1
2004-06-27 12:30:00,628.7291,339.00922,37.94907,0.094931014,0.1
2004-06-27 13:00:00,632.34326,337.21606,37.687046,0.08436108,0.1
2004-06-27 13:30:00,630.9631,336.0553,37.098053,0.10389098,0.1
2004-06-27 14:00:00,629.9795,322.73718,34.70914,0.08180358,0.1
2004-06-27 14:30:00,621.1356,313.41284,32.633785,0.10504725,0.1
2004-06-27 15:00:00,612.02954,295.2262,29.516068,0.10563485,0.1
2004-06-27 15:30:00,603.5567,263.17926,25.987478,0.07731761,0.1
2004-06-27 16:00:00,587.54785,248.25284,23.65442,0.11701809,0.1
2004-06-27 16:30:00,572.15106,221.36613,21.942635,0.1326122,0.1
2004-06-27 17:00:00,553.3257,193.54836,20.256752,0.16262206,0.1
2004-06-27 17:30:00,536.811,161.27383,18.399899,0.16113119,0.1
2004-06-27 18:00:00,516.69165,127.15283,16.837961,0.18408783,0.1
2004-06-27 18:30:00,508.4891,110.89919,16.517826,0.18229629,0.1
2004-06-27 19:00:00,495.4596,94.10487,15.335715,0.22491683,0.1
2004-06-27 19:30:00,482.68604,71.47688,13.87393,0.20591247,0.1
2004-06-27 20:00:00,473.3154,57.125,12.445192,0.17199033,0.1
2004-06-27 20:30:00,467.0958,50.000633,11.500891,0.12047676,0.1
2004-06-27 21:00:00,460.79205,48.21257,11.142343,0.14928362,0.1
2004-06-27 21:30:00,456.5906,47.240532,10.23764,0.16482995,0.1
2004-06-27 22:00:00,452.6656,44.380634,8.591635,0.14188924,0.1
2004-06-27 22:30:00,450.34058,39.71773,7.5242195,0.093614,0.1
2004-06-27 23:00:00,448.51178,38.981922,6.8097835,0.08219084,0.1
2004-06-27 23:30:00,445.3405,36.911064,6.0768766,0.0739701,0.1
2004-06-28 00:00:00,443.11667,37.02134,5.424537,0.059021898,0.1
2004-06-28 00:30:00,445.9686,43.56421,5.5682535,0.059644405,0.1
2004-06-28 01:00:00,447.12183,42.005177,5.0385795,0.06754121,0.1
2004-06-28 01:30:00,445.62576,40.148186,5.055052,0.08143711,0.1
2004-06-28 02:00:00,444.0219,37.086876,4.612133,0.06694719,0.1
2004-06-28 02:30:00,442.68216,36.383274,4.2046876,0.06777862,0.1
2004-06-28 03:00:00,440.54495,37.44448,3.2953491,0.066724755,0.1
2004-06-28 03:30:00,441.29642,36.820057,3.2752113,0.052809287,0.1
2004-06-28 04:00:00,440.54474,38.196342,3.0948577,0.06798722,0.1
2004-06-28 04:30:00,439.16284,44.430546,3.757765,0.10462461,0.1
2004-06-28 05:00:00,439.29547,49.35131,4.1746063,0.10467618,0.1
2004-06-28 05:30:00,438.1905,48.134663,4.2642236,0.09735281,0.1
2004-06-28 06:00:00,438.60303,54.59256,4.4334717,0.09154466,0.1
2004-06-28 06:30:00,443.57007,83.41605,3.9898157,0.10463751,0.1
2004-06-28 07:00:00,454.8524,98.93167,5.76483,0.09932736,0.1
2004-06-28 07:30:00,459.75204,114.55256,6.6986923,0.12978111,0.1
2004-06-28 08:00:00,472.99557,131.41154,9.097074,0.10375404,0.1
2004-06-28 08:30:00,485.97592,157.63481,10.025203,0.10420731,0.1
2004-06-28 09:00:00,506.96753,184.85735,11.487748,0.07797027,0.1
2004-06-28 09:30:00,535.6544,225.74606,14.961515,0.081423655,0.1
2004-06-28 10:00:00,560.05176,271.90652,19.707521,0.10154721,0.1
2004-06-28 10:30:00,581.5874,325.5899,25.562294,0.14124794,0.1
2004-06-28 11:00:00,586.21545,324.9803,28.225035,0.14532158,0.1
2004-06-28 11:30:00,602.8256,346.58813,33.659874,0.14423431,0.1
2004-06-28 12:00:00,611.36017,350.52228,37.098423,0.13438153,0.1
2004-06-28 12:30:00,619.67554,348.79855,39.28545,0.12191876,0.1
2004-06-28 13:00:00,620.8335,351.78668,39.302513,0.14474985,0.1
2004-06-28 13:30:00,621.12616,343.383,37.703545,0.13326125,0.1
2004-06-28 14:00:00,603.75336,381.0337,38.71959,0.16151515,0.1
2004-06-28 14:30:00,601.71387,320.17175,32.180305,0.16344318,0.1
2004-06-28 15:00:00,593.9914,298.33243,28.157509,0.13329506,0.1
2004-06-28 15:30:00,586.83765,297.1938,26.98394,0.16221336,0.1
2004-06-28 16:00:00,568.42426,278.48303,25.006697,0.21156238,0.1
2004-06-28 16:30:00,556.5848,243.12926,22.832312,0.18615372,0.1
2004-06-28 17:00:00,540.7682,220.14238,22.525816,0.22923264,0.1
2004-06-28 17:30:00,523.1525,187.83514,21.176975,0.23756638,0.1
2004-06-28 18:00:00,502.7241,161.32942,19.823788,0.2842058,0.1
2004-06-28 18:30:00,485.99637,125.22729,18.05313,0.22510155,0.1
2004-06-28 19:00:00,476.05362,108.66427,17.57899,0.21772942,0.1
2004-06-28 19:30:00,465.09903,91.26784,16.495579,0.2142182,0.1
2004-06-28 20:00:00,454.86337,80.795135,15.829401,0.20360088,0.1
2004-06-28 20:30:00,453.7782,74.145355,14.914596,0.12347643,0.1
2004-06-28 21:00:00,448.56622,68.18752,14.333021,0.14308313,0.1
2004-06-28 21:30:00,445.2023,57.66068,13.8295,0.106929265,0.1
2004-06-28 22:00:00,441.90717,49.047512,13.581276,0.08816087,0.1
2004-06-28 22:30:00,436.9615,42.16423,12.278629,0.07355857,0.1
2004-06-28 23:00:00,434.30634,42.53746,11.802338,0.07782958,0.1
2004-06-28 23:30:00,433.45105,41.616055,11.033484,0.06057002,0.1
2004-06-29 00:00:00,433.7699,42.54553,10.782033,0.058666237,0.1
2004-06-29 00:30:00,436.62506,42.89701,10.723356,0.07062811,0.1
2004-06-29 01:00:00,435.4324,41.661224,9.764885,0.07976721,0.1
2004-06-29 01:30:00,434.3101,45.679783,9.277196,0.09224385,0.1
2004-06-29 02:00:00,433.21384,47.667454,8.590539,0.103914894,0.1
2004-06-29 02:30:00,431.16745,41.261814,7.6985373,0.06917857,0.1
2004-06-29 03:00:00,430.33417,38.163315,6.6782923,0.054211337,0.1
2004-06-29 03:30:00,430.31512,37.80164,6.2238564,0.052759837,0.1
2004-06-29 04:00:00,429.1534,39.519005,5.9982038,0.06466613,0.1
2004-06-29 04:30:00,428.91595,39.10941,5.875119,0.05604044,0.1
2004-06-29 05:00:00,429.8445,42.896637,6.3625913,0.071240366,0.1
2004-06-29 05:30:00,431.40445,46.497677,6.522603,0.07704583,0.1
2004-06-29 06:00:00,435.71167,58.857937,6.612363,0.07784636,0.1
2004-06-29 06:30:00,442.54593,73.311745,7.0907273,0.082822874,0.1
2004-06-29 07:00:00,454.57333,95.90722,8.884499,0.091058575,0.1
2004-06-29 07:30:00,471.1719,126.04813,9.542674,0.08070254,0.1
2004-06-29 08:00:00,491.38733,163.38132,12.821991,0.09210164,0.1
2004-06-29 08:30:00,510.9884,187.77568,14.438914,0.08266903,0.1
2004-06-29 09:00:00,528.6386,222.36574,17.56006,0.107886076,0.1
2004-06-29 09:30:00,549.0327,244.25128,21.51472,0.09336092,0.1
2004-06-29 10:00:00,568.0257,264.82608,25.848255,0.07610114,0.1
2004-06-29 10:30:00,582.87177,297.6999,30.415194,0.094469406,0.1
2004-06-29 11:00:00,597.2377,320.53574,34.438084,0.10467022,0.1
2004-06-29 11:30:00,608.3254,337.53,38.09331,0.10354255,0.1
2004-06-29 12:00:00,613.7618,360.23572,42.19365,0.13973661,0.1
2004-06-29 12:30:00,622.3766,349.3353,42.723198,0.08599012,0.1
2004-06-29 13:00:00,621.78864,355.88968,44.762375,0.11681732,0.1
2004-06-29 13:30:00,622.7896,341.19275,43.82301,0.09784869,0.1
2004-06-29 14:00:00,620.42755,327.6636,42.550896,0.08768044,0.1
2004-06-29 14:30:00,613.2076,312.15475,41.10071,0.09051146,0.1
2004-06-29 15:00:00,603.2825,296.2909,37.724804,0.09644644,0.1
2004-06-29 15:30:00,593.2078,267.5597,34.237385,0.08455365,0.1
2004-06-29 16:00:00,577.2022,250.95358,31.522652,0.11074947,0.1
2004-06-29 16:30:00,564.8344,207.27466,28.917204,0.0625227,0.1
2004-06-29 17:00:00,548.07214,176.72917,29.053637,0.075763874,0.1
2004-06-29 17:30:00,530.74854,145.05072,27.230621,0.06282361,0.1
2004-06-29 18:00:00,512.4751,111.443115,26.007093,0.072338276,0.1
2004-06-29 18:30:00,495.6828,82.304276,24.017769,0.07595107,0.1
2004-06-29 19:00:00,479.9645,58.720104,22.970507,0.09493354,0.1
2004-06-29 19:30:00,467.39282,32.970535,20.668524,0.05941389,0.1
2004-06-29 20:00:00,457.9662,18.506086,17.961615,0.027548717,0.1
2004-06-29 20:30:00,452.1423,11.794175,17.047358,0.017628053,0.1
2004-06-29 21:00:00,446.55734,5.4620414,16.485182,0.01981086,0.1
2004-06-29 21:30:00,442.153,4.4311385,16.345423,0.036000337,0.1
2004-06-29 22:00:00,437.66254,5.151958,15.074503,0.043872897,0.1
2004-06-29 22:30:00,433.8992,10.542826,13.489001,0.052391045,0.1
2004-06-29 23:00:00,430.4673,11.732907,11.501434,0.023399033,0.1
2004-06-29 23:30:00,427.51462,10.670344,10.605541,0.017937943,0.1
2004-06-30 00:00:00,424.293,15.309177,8.719824,0.014140342,0.1
2004-06-30 00:30:00,418.8764,33.625996,7.560307,0.03621771,0.1
2004-06-30 01:00:00,414.56912,39.535786,6.5137477,0.06309459,0.1
2004-06-30 01:30:00,413.19022,36.002544,5.8320003,0.049691252,0.1
2004-06-30 02:00:00,410.97565,35.057686,5.125674,0.0516119,0.1
2004-06-30 02:30:00,409.34717,34.59025,4.1884146,0.06108226,0.1
2004-06-30 03:00:00,407.4418,28.77262,3.7228067,0.0415222,0.1
2004-06-30 03:30:00,405.46005,28.542082,3.2679365,0.038066175,0.1
2004-06-30 04:00:00,404.08936,25.763632,2.5681229,0.03510152,0.1
2004-06-30 04:30:00,402.8602,23.099953,3.12401,0.021618877,0.1
2004-06-30 05:00:00,405.0251,30.226675,4.047039,0.027020536,0.1
2004-06-30 05:30:00,411.67487,45.494377,4.0237536,0.031937096,0.1
2004-06-30 06:00:00,424.0121,55.075825,4.1746736,0.02343019,0.1
2004-06-30 06:30:00,437.92047,68.5381,4.496136,0.019640913,0.1
2004-06-30 07:00:00,455.75034,87.71204,5.743814,0.024369491,0.1
2004-06-30 07:30:00,473.34344,108.88143,6.1661367,0.016603336,0.1
2004-06-30 08:00:00,495.2609,135.91985,9.2785425,0.017060092,0.1
2004-06-30 08:30:00,515.76575,152.24133,12.364044,0.015845545,0.1
2004-06-30 09:00:00,537.1133,167.28406,14.659395,0.045626372,0.1
2004-06-30 09:30:00,557.99286,189.66931,18.910063,0.05534075,0.1
2004-06-30 10:00:00,576.57086,221.21233,23.994007,0.07539225,0.1
2004-06-30 10:30:00,593.986,249.98254,29.929195,0.081880115,0.1
2004-06-30 11:00:00,608.4428,271.89194,35.609722,0.08238976,0.1
2004-06-30 11:30:00,621.3927,285.30524,37.91877,0.06910514,0.1
2004-06-30 12:00:00,630.0144,300.32486,40.608727,0.078844376,0.1
2004-06-30 12:30:00,638.1806,299.32593,40.347042,0.05872638,0.1
2004-06-30 13:00:00,637.1893,311.82413,40.980698,0.101373866,0.1
2004-06-30 13:30:00,637.1857,309.02182,40.997314,0.09695829,0.1
2004-06-30 14:00:00,632.8357,305.66196,40.53661,0.11789966,0.1
2004-06-30 14:30:00,625.419,295.32837,38.76918,0.13272183,0.1
2004-06-30 15:00:00,617.008,271.05112,35.75706,0.11583907,0.1
2004-06-30 15:30:00,603.47314,257.27728,33.91032,0.1558352,0.1
2004-06-30 16:00:00,586.3896,242.37599,32.222775,0.19483078,0.1
2004-06-30 16:30:00,571.49615,212.9384,29.509861,0.17896909,0.1
2004-06-30 17:00:00,555.6375,181.52205,26.36899,0.17316127,0.1
2004-06-30 17:30:00,538.0254,149.64758,24.141727,0.17849027,0.1
2004-06-30 18:00:00,520.9717,116.837776,20.51135,0.17554435,0.1
2004-06-30 18:30:00,509.48734,98.17927,17.854176,0.18157008,0.1
2004-06-30 19:00:00,493.70367,112.92032,10.81734,0.30286226,0.1
2004-06-30 19:30:00,481.79373,114.09383,9.516447,0.3343975,0.1
2004-06-30 20:00:00,469.75797,107.54293,10.81659,0.35029078,0.1
2004-06-30 20:30:00,459.65454,85.1808,10.663465,0.24892642,0.1
2004-06-30 21:00:00,453.6801,77.128456,15.789641,0.25051865,0.1
2004-06-30 21:30:00,451.34946,69.716606,14.331307,0.15748361,0.1
2004-06-30 22:00:00,440.13992,70.117516,12.480632,0.2252496,0.1
2004-06-30 22:30:00,435.51465,73.77349,10.853076,0.2335816,0.1
2004-06-30 23:00:00,433.3261,65.77333,9.480461,0.14795625,0.1
2004-06-30 23:30:00,433.52414,70.9534,9.091616,0.17133771,0.1
2004-07-01 00:00:00,428.89114,72.44163,8.585767,0.19014111,0.1
2004-07-01 00:30:00,427.54388,72.97906,7.4104676,0.16404624,0.1
2004-07-01 01:00:00,427.66708,74.467636,5.8712845,0.17711467,0.1
2004-07-01 01:30:00,428.32077,75.9936,5.043977,0.17408325,0.1
2004-07-01 02:00:00,427.2261,74.09978,4.169921,0.1921221,0.1
2004-07-01 02:30:00,425.93103,72.84405,3.7964945,0.20379807,0.1
2004-07-01 03:00:00,422.24805,74.629105,2.3533049,0.21893582,0.1
2004-07-01 03:30:00,419.7813,72.24434,2.0755794,0.20804878,0.1
2004-07-01 04:00:00,416.09018,62.20958,1.9477975,0.14635748,0.1
2004-07-01 04:30:00,411.43478,52.68369,1.3269402,0.110005215,0.1
2004-07-01 05:00:00,415.84564,62.499077,0.55168617,0.10972901,0.1
2004-07-01 05:30:00,417.81076,62.258026,0.46009776,0.09933132,0.1
2004-07-01 06:00:00,421.33752,70.359024,0.9250567,0.11043593,0.1
2004-07-01 06:30:00,421.18225,71.432365,0.8207722,0.13617775,0.1
2004-07-01 07:00:00,423.1777,75.41737,1.837442,0.13837601,0.1
2004-07-01 07:30:00,424.82333,68.79936,2.428295,0.08552103,0.1
2004-07-01 08:00:00,434.9639,88.89217,4.1752195,0.07271103,0.1
2004-07-01 08:30:00,448.21765,113.02152,5.223735,0.07136395,0.1
2004-07-01 09:00:00,462.4756,139.34888,6.9278092,0.08545708,0.1
2004-07-01 09:30:00,484.1491,181.85464,9.653123,0.08317809,0.1
2004-07-01 10:00:00,520.97437,257.04456,15.32704,0.101346366,0.1
2004-07-01 10:30:00,532.13275,252.55165,17.641602,0.06504603,0.1
2004-07-01 11:00:00,522.1262,227.6715,18.047731,0.102014445,0.1
2004-07-01 11:30:00,538.8476,253.84834,21.750057,0.09345076,0.1
2004-07-01 12:00:00,532.676,242.40945,22.379267,0.105508655,0.1
2004-07-01 12:30:00,548.01855,262.3442,26.421799,0.12821509,0.1
2004-07-01 13:00:00,504.7939,186.03494,17.504131,0.14747666,0.1
2004-07-01 13:30:00,525.12933,213.57693,20.125551,0.106224544,0.1
2004-07-01 14:00:00,519.0446,193.21994,18.60963,0.10057164,0.1
2004-07-01 14:30:00,511.26172,180.26263,17.052982,0.10088586,0.1
2004-07-01 15:00:00,508.60233,167.66373,16.209097,0.10135839,0.1
2004-07-01 15:30:00,489.59134,141.63972,14.325101,0.1347125,0.1
2004-07-01 16:00:00,479.68097,115.53958,12.803157,0.133884,0.1
2004-07-01 16:30:00,475.81155,109.81588,11.120682,0.112437055,0.1
2004-07-01 17:00:00,475.78464,114.06322,11.00247,0.13435517,0.1
2004-07-01 17:30:00,473.41666,108.02807,10.794602,0.1370797,0.1
2004-07-01 18:00:00,464.74716,93.49717,9.861414,0.17254332,0.1
2004-07-01 18:30:00,457.08997,78.31645,9.457666,0.18605061,0.1
2004-07-01 19:00:00,448.85422,67.667114,8.768281,0.21490568,0.1
2004-07-01 19:30:00,442.24026,54.120354,6.4933195,0.1692033,0.1
2004-07-01 20:00:00,436.1474,46.324375,5.321153,0.16004714,0.1
2004-07-01 20:30:00,433.37634,43.464348,5.0093527,0.15322061,0.1
2004-07-01 21:00:00,431.794,39.96093,5.2507415,0.14243077,0.1
2004-07-01 21:30:00,430.37122,41.481792,8.056632,0.16616243,0.1
2004-07-01 22:00:00,427.987,40.633694,8.5062475,0.17165698,0.1
2004-07-01 22:30:00,425.9976,45.179573,7.875718,0.20471139,0.1
2004-07-01 23:00:00,423.87042,47.702297,7.1476264,0.2048358,0.1
2004-07-01 23:30:00,419.83435,51.145172,7.1034026,0.22887208,0.1
2004-07-02 00:00:00,415.4807,52.557816,6.7917533,0.2651873,0.1
2004-07-02 00:30:00,406.8156,44.719456,5.800326,0.22972386,0.1
2004-07-02 01:00:00,403.66617,40.80474,4.1357293,0.14848216,0.1
2004-07-02 01:30:00,401.70728,41.147137,3.5211082,0.12779674,0.1
2004-07-02 02:00:00,399.26904,42.2698,2.7987556,0.14549404,0.1
2004-07-02 02:30:00,399.83344,40.669876,2.1548636,0.101355836,0.1
2004-07-02 03:00:00,396.45114,37.726433,1.2993603,0.11623084,0.1
2004-07-02 03:30:00,390.37952,30.344223,0.6835769,0.0935202,0.1
2004-07-02 04:00:00,388.5812,24.10526,0.20288408,0.058948897,0.1
2004-07-02 04:30:00,386.75394,23.315514,-0.1428465,0.06372075,0.1
2004-07-02 05:00:00,395.29578,39.567013,0.0,0.07336376,0.1
2004-07-02 05:30:00,396.72876,39.572815,0.0,0.07969093,0.1
2004-07-02 06:00:00,405.8286,57.19904,0.0,0.07128493,0.1
2004-07-02 06:30:00,420.556,79.25804,1.0610638,0.07005907,0.1
2004-07-02 07:00:00,427.1424,85.58085,2.1588035,0.100253776,0.1
2004-07-02 07:30:00,450.09875,127.39143,2.7852535,0.10629123,0.1
2004-07-02 08:00:00,459.19327,167.5588,6.646965,0.19431745,0.1
2004-07-02 08:30:00,474.75128,181.02649,8.317199,0.12643723,0.1
2004-07-02 09:00:00,483.189,188.12581,10.046798,0.1279763,0.1
2004-07-02 09:30:00,494.25342,202.96375,12.319166,0.122405805,0.1
2004-07-02 10:00:00,488.3294,191.5439,13.513317,0.13897859,0.1
2004-07-02 10:30:00,504.4326,223.49246,17.865723,0.14803067,0.1
2004-07-02 11:00:00,530.5591,273.74005,22.894064,0.14335036,0.1
2004-07-02 11:30:00,524.4771,243.39944,22.66753,0.14337394,0.1
2004-07-02 12:00:00,555.01996,314.31052,29.697704,0.15998437,0.1
2004-07-02 12:30:00,550.66833,288.56857,28.84805,0.14673567,0.1
2004-07-02 13:00:00,574.6195,350.1546,33.542797,0.1886907,0.1
2004-07-02 13:30:00,542.7648,279.12335,27.728088,0.18635413,0.1
2004-07-02 14:00:00,565.56305,335.0246,32.0264,0.2239875,0.1
2004-07-02 14:30:00,547.3569,286.92755,27.938374,0.22289084,0.1
2004-07-02 15:00:00,531.6128,236.07607,23.781097,0.17406964,0.1
2004-07-02 15:30:00,501.51843,187.61661,20.86129,0.23227462,0.1
2004-07-02 16:00:00,512.7412,201.8826,20.260277,0.21124835,0.1
2004-07-02 16:30:00,520.1072,208.06422,20.059816,0.19910052,0.1
2004-07-02 17:00:00,496.7221,151.98192,18.29717,0.1899139,0.1
2004-07-02 17:30:00,482.88507,130.34845,16.708849,0.20170303,0.1
2004-07-02 18:00:00,470.04648,111.67896,14.97755,0.2284812,0.1
2004-07-02 18:30:00,462.74103,90.91028,14.940146,0.23258701,0.1
2004-07-02 19:00:00,448.32443,55.298912,12.2021265,0.1617188,0.1
2004-07-02 19:30:00,437.82568,36.56376,10.512339,0.113984436,0.1
2004-07-02 20:00:00,429.5894,27.796307,9.484725,0.11711187,0.1
2004-07-02 20:30:00,425.02686,26.246984,8.411404,0.11115553,0.1
2004-07-02 21:00:00,419.51526,27.032679,7.076428,0.1296732,0.1
2004-07-02 21:30:00,415.08844,30.092365,5.9930983,0.14083143,0.1
2004-07-02 22:00:00,412.2245,30.53193,5.039432,0.12617359,0.1
2004-07-02 22:30:00,408.37607,25.621576,4.384876,0.09165319,0.1
2004-07-02 23:00:00,405.18958,26.65062,4.3314586,0.10708297,0.1
2004-07-02 23:30:00,403.57043,26.12501,4.1499057,0.074465856,0.1
2004-07-03 00:00:00,403.41034,27.57191,4.2496123,0.07682169,0.1
2004-07-03 00:30:00,401.62677,27.131832,4.089543,0.09587376,0.1
2004-07-03 01:00:00,397.88614,20.127033,3.043219,0.07222531,0.1
2004-07-03 01:30:00,396.1569,19.378578,2.69512,0.07753871,0.1
2004-07-03 02:00:00,395.09726,17.273207,2.211864,0.056196034,0.1
2004-07-03 02:30:00,393.38492,14.091836,1.7417127,0.035856653,0.1
2004-07-03 03:00:00,391.88126,14.850963,1.2138677,0.040526267,0.1
2004-07-03 03:30:00,389.512,12.726486,0.9943713,0.036506493,0.1
2004-07-03 04:00:00,386.50992,9.142995,0.6858372,0.029471232,0.1
2004-07-03 04:30:00,385.0469,10.061885,0.4153789,0.038923994,0.1
2004-07-03 05:00:00,387.31628,17.303907,0.42921978,0.037322816,0.1
2004-07-03 05:30:00,393.3895,33.423584,0.6206288,0.057814594,0.1
2004-07-03 06:00:00,404.4062,54.492565,1.2540764,0.061746206,0.1
2004-07-03 06:30:00,417.74222,75.8002,1.8313185,0.05387033,0.1
2004-07-03 07:00:00,433.90814,106.246506,3.5046725,0.06455619,0.1
2004-07-03 07:30:00,450.48853,135.69342,4.5110774,0.07103176,0.1
2004-07-03 08:00:00,468.86493,184.15207,7.688137,0.11508452,0.1
2004-07-03 08:30:00,487.31528,208.85399,10.423973,0.0928375,0.1
2004-07-03 09:00:00,504.3064,239.45103,13.560627,0.101072595,0.1
2004-07-03 09:30:00,525.9166,273.59155,16.594082,0.097439595,0.1
2004-07-03 10:00:00,539.99866,292.06284,18.576635,0.08497734,0.1
2004-07-03 10:30:00,567.1947,335.0392,23.19942,0.08280712,0.1
2004-07-03 11:00:00,554.8236,306.18774,24.151266,0.099566266,0.1
2004-07-03 11:30:00,579.7705,357.69925,30.226559,0.10012027,0.1
2004-07-03 12:00:00,573.22406,353.80646,31.872719,0.13974033,0.1
2004-07-03 12:30:00,591.6374,364.83856,34.582806,0.093914784,0.1
2004-07-03 13:00:00,591.7774,364.70578,34.913857,0.10370528,0.1
2004-07-03 13:30:00,592.0091,357.7199,33.93913,0.10335143,0.1
2004-07-03 14:00:00,586.63153,355.3827,32.419025,0.11831764,0.1
2004-07-03 14:30:00,579.3771,340.8423,29.701021,0.123943344,0.1
2004-07-03 15:00:00,570.11554,322.06744,26.3577,0.11513276,0.1
2004-07-03 15:30:00,559.5872,298.482,24.139954,0.11956013,0.1
2004-07-03 16:00:00,545.8807,267.07358,22.021465,0.1217591,0.1
2004-07-03 16:30:00,530.6412,241.15022,20.654335,0.1373755,0.1
2004-07-03 17:00:00,516.70856,199.97758,19.530903,0.11567592,0.1
2004-07-03 17:30:00,499.17932,170.57045,18.416555,0.14385958,0.1
2004-07-03 18:00:00,482.15646,131.34326,16.815126,0.12836136,0.1
2004-07-03 18:30:00,466.47745,94.8259,15.575943,0.11431011,0.1
2004-07-03 19:00:00,453.31448,66.31289,14.248318,0.11195585,0.1
2004-07-03 19:30:00,442.5281,46.38197,12.127664,0.099771716,0.1
2004-07-03 20:00:00,434.584,31.920916,10.222233,0.06764152,0.1
2004-07-03 20:30:00,429.61426,24.272142,9.352247,0.047126226,0.1
2004-07-03 21:00:00,425.08362,15.730873,8.840851,0.03905615,0.1
2004-07-03 21:30:00,421.6112,12.025582,8.351484,0.031370766,0.1
2004-07-03 22:00:00,418.21796,7.4680376,7.4524055,0.021527814,0.1
2004-07-03 22:30:00,416.22906,2.023802,7.0940843,0.01430404,0.1
2004-07-03 23:00:00,412.44797,8.391768,6.311289,0.018884994,0.1
2004-07-03 23:30:00,409.80728,11.508608,5.524182,0.023847952,0.1
2004-07-04 00:00:00,407.06693,13.618722,4.7429414,0.01523984,0.1
2004-06-27 00:30:00,441.7459,23.166525,6.2598767,0.038253333,0.15
2004-06-27 01:00:00,438.5609,24.066942,4.9602804,0.05060822,0.15
2004-06-27 01:30:00,435.7905,31.98375,3.2333648,0.10430785,0.15
2004-06-27 02:00:00,431.7347,45.6856,1.1858356,0.12762313,0.15
2004-06-27 02:30:00,428.36105,50.722042,1.2290974,0.116399094,0.15
2004-06-27 03:00:00,425.54388,46.955185,0.89497674,0.0995897,0.15
2004-06-27 03:30:00,423.53604,45.196327,0.7019922,0.09774969,0.15
2004-06-27 04:00:00,421.20636,44.403168,0.51652336,0.09211529,0.15
2004-06-27 04:30:00,420.1458,43.035267,0.3571429,0.08246424,0.15
2004-06-27 05:00:00,420.86612,49.170258,0.29494363,0.09639271,0.15
2004-06-27 05:30:00,425.89362,52.838005,0.6086147,0.07282501,0.15
2004-06-27 06:00:00,434.39325,67.73794,1.4421352,0.06888866,0.15
2004-06-27 06:30:00,445.50388,87.37256,2.3745081,0.080634974,0.15
2004-06-27 07:00:00,460.77872,106.9155,4.2094502,0.063772015,0.15
2004-06-27 07:30:00,472.11816,128.08409,5.652993,0.08425278,0.15
2004-06-27 08:00:00,499.09897,166.74202,9.023234,0.057867475,0.15
2004-06-27 08:30:00,514.55896,195.63469,11.3336115,0.07058196,0.15
2004-06-27 09:00:00,533.12946,221.28299,13.505077,0.066052616,0.15
2004-06-27 09:30:00,551.73517,244.43504,16.01849,0.06455911,0.15
2004-06-27 10:00:00,571.02625,264.1432,19.187565,0.05088733,0.15
2004-06-27 10:30:00,586.50854,289.6295,23.605358,0.060611367,0.15
2004-06-27 11:00:00,603.87756,298.48807,27.635645,0.04529586,0.15
2004-06-27 11:30:00,614.5308,317.76718,31.630962,0.059653603,0.15
2004-06-27 12:00:00,624.03766,329.2848,35.237896,0.0764953,0.15
2004-06-27 12:30:00,628.4101,337.64212,37.503586,0.094837934,0.15
2004-06-27 13:00:00,632.0796,335.95984,37.299572,0.084277175,0.15
2004-06-27 13:30:00,630.6815,334.78625,36.7151,0.1037992,0.15
2004-06-27 14:00:00,629.632,321.37665,34.286945,0.0817276,0.15
2004-06-27 14:30:00,620.8237,312.02997,32.21547,0.10494801,0.15
2004-06-27 15:00:00,611.7147,293.82498,29.102392,0.105530545,0.15
2004-06-27 15:30:00,603.2299,261.78287,25.60612,0.077229396,0.15
2004-06-27 16:00:00,587.2954,246.93079,23.318365,0.11688766,0.15
2004-06-27 16:30:00,571.87244,220.02509,21.613111,0.13246243,0.15
2004-06-27 17:00:00,552.998,192.07005,19.879023,0.16243799,0.15
2004-06-27 17:30:00,536.5022,159.80325,18.025291,0.16091546,0.15
2004-06-27 18:00:00,516.4432,125.77844,16.51059,0.18382104,0.15
2004-06-27 18:30:00,508.21432,109.52792,16.189796,0.18200123,0.15
2004-06-27 19:00:00,495.195,92.71113,15.009137,0.22455983,0.15
2004-06-27 19:30:00,482.41608,70.11012,13.553829,0.20554423,0.15
2004-06-27 20:00:00,473.04007,55.800278,12.132787,0.17161772,0.15
2004-06-27 20:30:00,466.81058,48.734592,11.1982765,0.12014479,0.15
2004-06-27 21:00:00,460.51813,46.914143,10.838087,0.14887765,0.15
2004-06-27 21:30:00,456.3165,45.92258,9.931543,0.16437395,0.15
2004-06-27 22:00:00,452.43777,43.21053,8.334698,0.1414564,0.15
2004-06-27 22:30:00,450.08353,38.60071,7.274948,0.09327751,0.15
2004-06-27 23:00:00,448.25745,37.893303,6.567224,0.081871085,0.15
2004-06-27 23:30:00,445.08667,35.83858,5.8377013,0.0736714,0.15
2004-06-28 00:00:00,442.8597,35.9713,5.189828,0.058766395,0.15
2004-06-28 00:30:00,445.71326,42.514103,5.333779,0.05937677,0.15
2004-06-28 01:00:00,446.97632,41.186337,4.886045,0.067241825,0.15
2004-06-28 01:30:00,445.44543,39.308407,4.9036593,0.081154175,0.15
2004-06-28 02:00:00,443.84302,36.299515,4.4730463,0.06670959,0.15
2004-06-28 02:30:00,442.50986,35.625263,4.0704346,0.06754499,0.15
2004-06-28 03:00:00,440.42978,36.82559,3.2056742,0.06651227,0.15
2004-06-28 03:30:00,441.16327,36.232834,3.190047,0.052643105,0.15
2004-06-28 04:00:00,440.42084,37.62686,3.0160117,0.067805395,0.15
2004-06-28 04:30:00,439.04834,43.85762,3.6818914,0.10441539,0.15
2004-06-28 05:00:00,439.1832,48.800453,4.1025515,0.1044837,0.15
2004-06-28 05:30:00,438.08185,47.60917,4.1957693,0.09718306,0.15
2004-06-28 06:00:00,438.44562,53.961575,4.3286023,0.09139192,0.15
2004-06-28 06:30:00,443.43597,82.7845,3.8846536,0.104473926,0.15
2004-06-28 07:00:00,454.61234,98.045265,5.576967,0.0991752,0.15
2004-06-28 07:30:00,459.5543,113.63113,6.5038567,0.12958294,0.15
2004-06-28 08:00:00,472.57526,129.97029,8.729684,0.103575505,0.15
2004-06-28 08:30:00,485.62448,156.14984,9.638953,0.10398217,0.15
2004-06-28 09:00:00,506.64362,183.4166,11.116519,0.07778105,0.15
2004-06-28 09:30:00,535.2965,224.22075,14.567196,0.08124772,0.15
2004-06-28 10:00:00,559.7439,270.4275,19.338556,0.10137465,0.15
2004-06-28 10:30:00,581.2612,324.01776,25.173206,0.1410586,0.15
2004-06-28 11:00:00,585.8801,323.4196,27.837248,0.1451552,0.15
2004-06-28 11:30:00,602.48706,345.0445,33.22942,0.14407206,0.15
2004-06-28 12:00:00,611.0155,348.9847,36.668404,0.1342405,0.15
2004-06-28 12:30:00,619.32715,347.27292,38.858395,0.12179216,0.15
2004-06-28 13:00:00,620.55383,350.35452,38.927834,0.14460555,0.15
2004-06-28 13:30:00,620.81934,341.9643,37.33749,0.13313685,0.15
2004-06-28 14:00:00,603.44696,379.31088,38.31012,0.16137071,0.15
2004-06-28 14:30:00,601.37286,318.628,31.778618,0.16328688,0.15
2004-06-28 15:00:00,593.65967,296.80948,27.76436,0.13315889,0.15
2004-06-28 15:30:00,586.51196,295.6196,26.61922,0.16204365,0.15
2004-06-28 16:00:00,568.16705,276.97766,24.689907,0.2113536,0.15
2004-06-28 16:30:00,556.2958,241.65059,22.513794,0.1859577,0.15
2004-06-28 17:00:00,540.4374,218.5137,22.162119,0.22899261,0.15
2004-06-28 17:30:00,522.8434,186.20593,20.817442,0.23728871,0.15
2004-06-28 18:00:00,502.4777,159.78757,19.510178,0.28386834,0.15
2004-06-28 18:30:00,485.71722,123.73234,17.746042,0.22479834,0.15
2004-06-28 19:00:00,475.7782,107.19569,17.280392,0.21739219,0.15
2004-06-28 19:30:00,464.82516,89.812386,16.201124,0.21385573,0.15
2004-06-28 20:00:00,454.58887,79.35292,15.54132,0.20322488,0.15
2004-06-28 20:30:00,453.48544,72.79116,14.637047,0.123169355,0.15
2004-06-28 21:00:00,448.28503,66.81288,14.054726,0.14271985,0.15
2004-06-28 21:30:00,444.90826,56.32797,13.55658,0.10659798,0.15
2004-06-28 22:00:00,441.66382,47.865818,13.352279,0.087837994,0.15
2004-06-28 22:30:00,436.69592,40.99755,12.052136,0.073275335,0.15
2004-06-28 23:00:00,434.04492,41.37532,11.580116,0.07752451,0.15
2004-06-28 23:30:00,433.18433,40.48811,10.815298,0.060305037,0.15
2004-06-29 00:00:00,433.5045,41.425957,10.5654955,0.058397166,0.15
2004-06-29 00:30:00,436.36215,41.76891,10.503797,0.07029088,0.15
2004-06-29 01:00:00,435.27887,40.762196,9.6195755,0.07942251,0.15
2004-06-29 01:30:00,434.12216,44.758617,9.134105,0.09193941,0.15
2004-06-29 02:00:00,433.0335,46.773792,8.457014,0.10361125,0.15
2004-06-29 02:30:00,430.98502,40.439037,7.572776,0.06895065,0.15
2004-06-29 03:00:00,430.20773,37.50686,6.592707,0.054014575,0.15
2004-06-29 03:30:00,430.17426,37.16377,6.141936,0.052584797,0.15
2004-06-29 04:00:00,429.02078,38.89934,5.9225316,0.06448292,0.15
2004-06-29 04:30:00,428.7861,38.524994,5.8036504,0.055880964,0.15
2004-06-29 05:00:00,429.7212,42.322113,6.293735,0.07105818,0.15
2004-06-29 05:30:00,431.2848,45.9368,6.4560404,0.07686636,0.15
2004-06-29 06:00:00,435.54324,58.184727,6.5130734,0.07768402,0.15
2004-06-29 06:30:00,442.399,72.648094,6.990846,0.08264794,0.15
2004-06-29 07:00:00,454.3225,94.97568,8.708681,0.09088489,0.15
2004-06-29 07:30:00,470.95328,125.11794,9.3605795,0.08052615,0.15
2004-06-29 08:00:00,490.9536,161.89093,12.475318,0.09193328,0.15
2004-06-29 08:30:00,510.6173,186.24698,14.06954,0.08247979,0.15
2004-06-29 09:00:00,528.3133,220.81999,17.194996,0.10767049,0.15
2004-06-29 09:30:00,548.66364,242.64702,21.13553,0.0931931,0.15
2004-06-29 10:00:00,567.69977,263.32126,25.501314,0.07597348,0.15
2004-06-29 10:30:00,582.5234,296.14795,30.050797,0.09433981,0.15
2004-06-29 11:00:00,596.8876,318.9761,34.03512,0.104538575,0.15
2004-06-29 11:30:00,607.9686,335.96744,37.682205,0.103422664,0.15
2004-06-29 12:00:00,613.4134,358.63492,41.774216,0.13959065,0.15
2004-06-29 12:30:00,622.00824,347.78354,42.311134,0.08589508,0.15
2004-06-29 13:00:00,621.4983,354.4261,44.401302,0.11669859,0.15
2004-06-29 13:30:00,622.4682,339.75055,43.47121,0.097751126,0.15
2004-06-29 14:00:00,620.0485,326.12625,42.165173,0.0875908,0.15
2004-06-29 14:30:00,612.85944,310.61328,40.725616,0.09041264,0.15
2004-06-29 15:00:00,602.93713,294.72894,37.354908,0.09633904,0.15
2004-06-29 15:30:00,592.8553,265.9947,33.8948,0.08444972,0.15
2004-06-29 16:00:00,576.9206,249.47595,31.221674,0.11061395,0.15
2004-06-29 16:30:00,564.5141,205.84494,28.622478,0.06243128,0.15
2004-06-29 17:00:00,547.70264,175.1933,28.722748,0.07564932,0.15
2004-06-29 17:30:00,530.3946,143.52881,26.92845,0.06270764,0.15
2004-06-29 18:00:00,512.181,110.026924,25.752863,0.072186776,0.15
2004-06-29 18:30:00,495.36505,80.88905,23.75987,0.07577235,0.15
2004-06-29 19:00:00,479.6525,57.29847,22.71388,0.09468137,0.15
2004-06-29 19:30:00,467.0641,31.631187,20.418089,0.05918854,0.15
2004-06-29 20:00:00,457.62558,17.250551,17.717693,0.027390141,0.15
2004-06-29 20:30:00,451.7963,10.58492,16.803726,0.017473955,0.15
2004-06-29 21:00:00,446.20602,4.2844825,16.238619,0.01960233,0.15
2004-06-29 21:30:00,441.80646,3.2158687,16.093775,0.035610516,0.15
2004-06-29 22:00:00,437.372,4.0149217,14.857384,0.04342604,0.15
2004-06-29 22:30:00,433.59348,9.351479,13.273852,0.0519604,0.15
2004-06-29 23:00:00,430.1497,10.614531,11.297876,0.023178685,0.15
2004-06-29 23:30:00,427.20093,9.583291,10.405025,0.017741945,0.15
2004-06-30 00:00:00,423.9859,14.191429,8.522158,0.013993005,0.15
2004-06-30 00:30:00,418.58804,32.42437,7.3622427,0.036025204,0.15
2004-06-30 01:00:00,414.39896,38.52592,6.383189,0.062815495,0.15
2004-06-30 01:30:00,412.97513,35.0278,5.705419,0.049467545,0.15
2004-06-30 02:00:00,410.7706,34.128956,5.0097585,0.05138926,0.15
2004-06-30 02:30:00,409.15042,33.685055,4.0762954,0.060830306,0.15
2004-06-30 03:00:00,407.2967,28.047031,3.6496334,0.041323826,0.15
2004-06-30 03:30:00,405.30225,27.84084,3.199325,0.03790385,0.15
2004-06-30 04:00:00,403.93686,25.1058,2.5062144,0.034944553,0.15
2004-06-30 04:30:00,402.71072,22.487774,3.0668144,0.02151267,0.15
2004-06-30 05:00:00,404.88147,29.631508,3.9924963,0.026894502,0.15
2004-06-30 05:30:00,411.53632,44.90259,3.9711504,0.03180793,0.15
2004-06-30 06:00:00,423.82004,54.392673,4.0932035,0.023325874,0.15
2004-06-30 06:30:00,437.6914,68.252014,4.4115844,0.019772898,0.15
2004-06-30 07:00:00,455.41696,87.132774,5.590412,0.024576211,0.15
2004-06-30 07:30:00,473.0871,107.91647,6.004287,0.01654758,0.15
2004-06-30 08:00:00,494.79822,134.27779,8.965506,0.017107217,0.15
2004-06-30 08:30:00,515.3741,150.5833,12.026715,0.015859054,0.15
2004-06-30 09:00:00,536.7526,165.74425,14.312558,0.045486577,0.15
2004-06-30 09:30:00,557.60034,188.05206,18.525915,0.05519323,0.15
2004-06-30 10:00:00,576.22833,219.6437,23.63296,0.07522603,0.15
2004-06-30 10:30:00,593.6119,248.37828,29.55918,0.081733264,0.15
2004-06-30 11:00:00,608.06396,270.2826,35.23565,0.08225886,0.15
2004-06-30 11:30:00,621.0079,283.70493,37.537613,0.069000036,0.15
2004-06-30 12:00:00,629.6325,298.71432,40.21967,0.07873543,0.15
2004-06-30 12:30:00,637.79333,297.72305,39.95638,0.05864092,0.15
2004-06-30 13:00:00,636.8796,310.30692,40.63404,0.1012502,0.15
2004-06-30 13:30:00,636.8465,307.5153,40.658947,0.09684762,0.15
2004-06-30 14:00:00,632.44556,304.03345,40.15769,0.11777087,0.15
2004-06-30 14:30:00,625.0591,293.68924,38.3966,0.1325694,0.15
2004-06-30 15:00:00,616.6427,269.42258,35.39304,0.11569764,0.15
2004-06-30 15:30:00,603.1224,255.59882,33.546585,0.15564322,0.15
2004-06-30 16:00:00,586.10376,240.77762,31.908115,0.19459964,0.15
2004-06-30 16:30:00,571.1814,211.36351,29.202255,0.17874941,0.15
2004-06-30 17:00:00,555.26904,179.85057,26.022932,0.17293125,0.15
2004-06-30 17:30:00,537.68335,147.98492,23.796019,0.17821878,0.15
2004-06-30 18:00:00,520.6824,115.3008,20.221184,0.17523916,0.15
2004-06-30 18:30:00,509.17938,96.63912,17.561378,0.18123698,0.15
2004-06-30 19:00:00,493.4248,111.28102,10.512255,0.30242306,0.15
2004-06-30 19:30:00,481.51508,112.4443,9.204747,0.3339368,0.15
2004-06-30 20:00:00,469.48154,105.8951,10.525284,0.3498097,0.15
2004-06-30 20:30:00,459.36392,83.62939,10.384344,0.24849553,0.15
2004-06-30 21:00:00,453.3966,75.587776,15.521535,0.2500412,0.15
2004-06-30 21:30:00,451.0476,68.26937,14.069483,0.15709344,0.15
2004-06-30 22:00:00,439.91446,68.73185,12.257767,0.22478233,0.15
2004-06-30 22:30:00,435.26675,72.377464,10.628987,0.23312469,0.15
2004-06-30 23:00:00,433.06436,64.47835,9.268602,0.14759159,0.15
2004-06-30 23:30:00,433.27478,69.65156,8.880124,0.17092386,0.15
2004-07-01 00:00:00,428.64612,71.12271,8.375893,0.18972841,0.15
2004-07-01 00:30:00,427.29446,71.69147,7.2040143,0.16366567,0.15
2004-07-01 01:00:00,427.5248,73.44461,5.739582,0.17670588,0.15
2004-07-01 01:30:00,428.1413,74.97863,4.9142094,0.17373744,0.15
2004-07-01 02:00:00,427.0548,73.11856,4.0494523,0.19177257,0.15
2004-07-01 02:30:00,425.76526,71.89204,3.6805649,0.20345087,0.15
2004-07-01 03:00:00,422.13736,73.83159,2.2786884,0.2186045,0.15
2004-07-01 03:30:00,419.65503,71.479385,2.0052893,0.20776534,0.15
2004-07-01 04:00:00,415.96423,61.519333,1.8857995,0.14613527,0.15
2004-07-01 04:30:00,411.31204,52.048767,1.2694435,0.10981872,0.15
2004-07-01 05:00:00,415.72665,61.887463,0.49646938,0.10953728,0.15
2004-07-01 05:30:00,417.69363,61.670876,0.40723947,0.0991579,0.15
2004-07-01 06:00:00,421.1738,69.65004,0.8396425,0.11025818,0.15
2004-07-01 06:30:00,421.04184,70.71882,0.7348365,0.13596529,0.15
2004-07-01 07:00:00,422.937,74.43521,1.6792496,0.13815923,0.15
2004-07-01 07:30:00,424.6072,67.86445,2.2711177,0.08531597,0.15
2004-07-01 08:00:00,434.5325,87.43429,3.8708305,0.072512634,0.15
2004-07-01 08:30:00,447.85245,111.5226,4.899175,0.07110975,0.15
2004-07-01 09:00:00,462.1515,137.8328,6.608487,0.085185885,0.15
2004-07-01 09:30:00,483.78647,180.24461,9.316384,0.08294557,0.15
2004-07-01 10:00:00,520.6543,255.48106,15.003206,0.10111193,0.15
2004-07-01 10:30:00,531.78204,250.97183,17.31873,0.06493396,0.15
2004-07-01 11:00:00,521.79517,226.06783,17.70879,0.10186047,0.15
2004-07-01 11:30:00,538.496,252.25923,21.399246,0.09330069,0.15
2004-07-01 12:00:00,532.3342,240.7946,22.030838,0.10535479,0.15
2004-07-01 12:30:00,547.67126,260.70786,26.061852,0.12801555,0.15
2004-07-01 13:00:00,504.5315,184.4767,17.21336,0.14728057,0.15
2004-07-01 13:30:00,524.80914,212.08865,19.840803,0.10604726,0.15
2004-07-01 14:00:00,518.6788,191.62381,18.29224,0.10040862,0.15
2004-07-01 14:30:00,510.9218,178.66754,16.740025,0.100712866,0.15
2004-07-01 15:00:00,508.25897,166.05914,15.892651,0.10116314,0.15
2004-07-01 15:30:00,489.26187,139.97899,14.009318,0.13447347,0.15
2004-07-01 16:00:00,479.39938,114.00974,12.527512,0.13360187,0.15
2004-07-01 16:30:00,475.5015,108.31618,10.846237,0.11217519,0.15
2004-07-01 17:00:00,475.42834,112.42418,10.688752,0.134039,0.15
2004-07-01 17:30:00,473.07864,106.39262,10.48152,0.13673392,0.15
2004-07-01 18:00:00,464.47107,91.93757,9.583394,0.17213517,0.15
2004-07-01 18:30:00,456.79282,76.74255,9.179439,0.18560798,0.15
2004-07-01 19:00:00,448.56424,66.084785,8.493976,0.21439716,0.15
2004-07-01 19:30:00,441.93958,52.604527,6.224722,0.16872233,0.15
2004-07-01 20:00:00,435.849,44.83377,5.0567245,0.15954098,0.15
2004-07-01 20:30:00,433.07635,41.991825,4.7469015,0.15267736,0.15
2004-07-01 21:00:00,431.49084,38.509052,4.9910893,0.14186339,0.15
2004-07-01 21:30:00,430.07465,39.998974,7.8000875,0.16553485,0.15
2004-07-01 22:00:00,427.74252,39.278828,8.290165,0.17102487,0.15
2004-07-01 22:30:00,425.7417,43.787205,7.6591587,0.20407946,0.15
2004-07-01 23:00:00,423.61584,46.327137,6.9375606,0.20423648,0.15
2004-07-01 23:30:00,419.5884,49.762054,6.897417,0.22828366,0.15
2004-07-02 00:00:00,415.24194,51.159393,6.5879683,0.26457673,0.15
2004-07-02 00:30:00,406.57407,43.36083,5.60342,0.22917989,0.15
2004-07-02 01:00:00,403.5147,39.80349,4.0148673,0.1480248,0.15
2004-07-02 01:30:00,401.52325,40.17036,3.403926,0.12742226,0.15
2004-07-02 02:00:00,399.09476,41.317463,2.6896296,0.1451071,0.15
2004-07-02 02:30:00,399.65536,39.79026,2.0514538,0.1010382,0.15
2004-07-02 03:00:00,396.33224,36.98719,1.2311605,0.11589976,0.15
2004-07-02 03:30:00,390.24292,29.638773,0.6197531,0.09326771,0.15
2004-07-02 04:00:00,388.4446,23.474873,0.1462107,0.05873842,0.15
2004-07-02 04:30:00,386.62433,22.708525,-0.19644521,0.06349363,0.15
2004-07-02 05:00:00,395.16278,38.956654,-6.3309585e-15,0.073094785,0.15
2004-07-02 05:30:00,396.60284,38.97221,0.0,0.07944755,0.15
2004-07-02 06:00:00,405.64862,56.47933,6.2902945e-15,0.071064174,0.15
2004-07-02 06:30:00,420.40707,78.57296,0.9733343,0.069842875,0.15
2004-07-02 07:00:00,426.89294,84.59234,2.0009513,0.10004757,0.15
2004-07-02 07:30:00,449.88174,126.39095,2.620111,0.10601621,0.15
2004-07-02 08:00:00,458.78766,165.88931,6.3238645,0.19404589,0.15
2004-07-02 08:30:00,474.3868,179.39294,7.9869514,0.12618409,0.15
2004-07-02 09:00:00,482.86923,186.52017,9.728602,0.12771958,0.15
2004-07-02 09:30:00,493.8993,201.28525,11.98778,0.12216707,0.15
2004-07-02 10:00:00,488.03186,189.93042,13.215831,0.13873453,0.15
2004-07-02 10:30:00,504.10104,221.84836,17.552446,0.14777157,0.15
2004-07-02 11:00:00,530.2135,272.09592,22.566757,0.14311588,0.15
2004-07-02 11:30:00,524.14307,241.74469,22.331644,0.14316343,0.15
2004-07-02 12:00:00,554.66956,312.64645,29.338282,0.15976158,0.15
2004-07-02 12:30:00,550.32434,286.9025,28.495575,0.14654543,0.15
2004-07-02 13:00:00,574.3311,348.58185,33.219234,0.18847236,0.15
2004-07-02 13:30:00,542.47186,277.54214,27.429064,0.1861668,0.15
2004-07-02 14:00:00,565.2089,333.3123,31.678751,0.22375502,0.15
2004-07-02 14:30:00,547.0346,285.21655,27.602575,0.2226644,0.15
2004-07-02 15:00:00,531.2825,234.40656,23.457947,0.17386429,0.15
2004-07-02 15:30:00,501.20953,185.87808,20.55348,0.2320002,0.15
2004-07-02 16:00:00,512.467,200.30255,19.986187,0.21092997,0.15
2004-07-02 16:30:00,519.8093,206.49458,19.785128,0.19880706,0.15
2004-07-02 17:00:00,496.3777,150.30092,17.992773,0.18964736,0.15
2004-07-02 17:30:00,482.56476,128.66188,16.405241,0.20137535,0.15
2004-07-02 18:00:00,469.7826,110.09469,14.708607,0.22807825,0.15
2004-07-02 18:30:00,462.4535,89.32621,14.671251,0.2321394,0.15
2004-07-02 19:00:00,448.02505,53.805428,11.944814,0.16132696,0.15
2004-07-02 19:30:00,437.5203,35.147636,10.263922,0.1136116,0.15
2004-07-02 20:00:00,429.2881,26.386915,9.237036,0.11666448,0.15
2004-07-02 20:30:00,424.72308,24.85325,8.16527,0.11065925,0.15
2004-07-02 21:00:00,419.21707,25.60493,6.8290615,0.12912406,0.15
2004-07-02 21:30:00,414.79172,28.641083,5.7458835,0.1402562,0.15
2004-07-02 22:00:00,411.97473,29.227856,4.8304696,0.12561701,0.15
2004-07-02 22:30:00,408.1003,24.36388,4.1822457,0.09119794,0.15
2004-07-02 23:00:00,404.92407,25.386309,4.132908,0.10657472,0.15
2004-07-02 23:30:00,403.2955,24.917692,3.957803,0.074051864,0.15
2004-07-03 00:00:00,403.13995,26.371796,4.059323,0.07637593,0.15
2004-07-03 00:30:00,401.36267,25.905027,3.8982809,0.09536558,0.15
2004-07-03 01:00:00,397.71802,19.19247,2.920354,0.07178823,0.15
2004-07-03 01:30:00,395.9564,18.438208,2.5746865,0.07711079,0.15
2004-07-03 02:00:00,394.8962,16.404453,2.1021132,0.05583712,0.15
2004-07-03 02:30:00,393.18448,13.289394,1.6382587,0.03558199,0.15
2004-07-03 03:00:00,391.74033,14.177305,1.1426033,0.04023781,0.15
2004-07-03 03:30:00,389.35492,12.067918,0.9269842,0.036265872,0.15
2004-07-03 04:00:00,386.35675,8.531224,0.6252688,0.029259823,0.15
2004-07-03 04:30:00,384.9014,9.462921,0.35766757,0.038659632,0.15
2004-07-03 05:00:00,387.173,16.724989,0.37429315,0.037060343,0.15
2004-07-03 05:30:00,393.25497,32.8263,0.5670301,0.057515554,0.15
2004-07-03 06:00:00,404.22403,53.768402,1.1734487,0.06149833,0.15
2004-07-03 06:30:00,417.57986,75.08996,1.7505292,0.05368371,0.15
2004-07-03 07:00:00,433.646,105.25722,3.3601227,0.064394616,0.15
2004-07-03 07:30:00,450.26324,134.68063,4.357799,0.0708626,0.15
2004-07-03 08:00:00,468.43677,182.533,7.3864007,0.11489559,0.15
2004-07-03 08:30:00,486.94296,207.2132,10.105389,0.09264242,0.15
2004-07-03 09:00:00,503.97543,237.81915,13.247914,0.10087928,0.15
2004-07-03 09:30:00,525.5481,271.88928,16.262646,0.097274855,0.15
2004-07-03 10:00:00,539.675,290.45587,18.269306,0.08484633,0.15
2004-07-03 10:30:00,566.8385,333.41843,22.854395,0.08269136,0.15
2004-07-03 11:00:00,554.4816,304.5403,23.808254,0.09944651,0.15
2004-07-03 11:30:00,579.4095,356.05997,29.865267,0.09999845,0.15
2004-07-03 12:00:00,572.8801,352.11835,31.507212,0.13959096,0.15
2004-07-03 12:30:00,591.2669,363.20297,34.21364,0.09380685,0.15
2004-07-03 13:00:00,591.4806,363.17422,34.59184,0.10359432,0.15
2004-07-03 13:30:00,591.6897,356.19513,33.62278,0.10324751,0.15
2004-07-03 14:00:00,586.2615,353.73767,32.067127,0.11820471,0.15
2004-07-03 14:30:00,579.035,339.1933,29.356333,0.12381712,0.15
2004-07-03 15:00:00,569.7725,320.41394,26.020369,0.11501037,0.15
2004-07-03 15:30:00,559.2465,296.81647,23.807669,0.11942553,0.15
2004-07-03 16:00:00,545.5967,265.52036,21.73394,0.12161187,0.15
2004-07-03 16:30:00,530.3396,239.58417,20.371822,0.13720825,0.15
2004-07-03 17:00:00,516.34393,198.32901,19.228308,0.1155161,0.15
2004-07-03 17:30:00,498.84875,168.8989,18.114029,0.14364015,0.15
2004-07-03 18:00:00,481.87274,129.81104,16.551096,0.12813058,0.15
2004-07-03 18:30:00,466.16992,93.317566,15.314819,0.11407076,0.15
2004-07-03 19:00:00,453.00827,64.8315,13.991936,0.111669436,0.15
2004-07-03 19:30:00,442.21805,44.93654,11.873934,0.09945469,0.15
2004-07-03 20:00:00,434.26215,30.546001,9.974737,0.06734908,0.15
2004-07-03 20:30:00,429.28455,22.955957,9.109146,0.046845596,0.15
2004-07-03 21:00:00,424.7484,14.450783,8.599005,0.038750242,0.15
2004-07-03 21:30:00,421.26886,10.773938,8.110888,0.031059641,0.15
2004-07-03 22:00:00,417.92215,6.370803,7.245581,0.021254528,0.15
2004-07-03 22:30:00,415.90057,0.9908628,6.886756,0.014024817,0.15
2004-07-03 23:00:00,412.1366,7.2849855,6.112187,0.01864998,0.15
2004-07-03 23:30:00,409.4977,10.3754,5.3260336,0.02358426,0.15
2004-07-04 00:00:00,406.75754,12.483626,4.5501437,0.015065736,0.15
2004-06-27 00:30:00,441.52652,22.701832,6.10092,0.038253333,0.2
2004-06-27 01:00:00,438.52817,23.84496,4.8765135,0.050522845,0.2
2004-06-27 01:30:00,435.71307,31.661667,3.1267674,0.10420257,0.2
2004-06-27 02:00:00,431.65396,45.326557,1.0804454,0.12751634,0.2
2004-06-27 02:30:00,428.278,50.34881,1.1232146,0.11629744,0.2
2004-06-27 03:00:00,425.50818,46.69865,0.83065146,0.09948883,0.2
2004-06-27 03:30:00,423.48096,44.92884,0.6373289,0.09766506,0.2
2004-06-27 04:00:00,421.1514,44.143993,0.45615074,0.092037104,0.2
2004-06-27 04:30:00,420.09106,42.784813,0.29833332,0.08239013,0.2
2004-06-27 05:00:00,420.81226,48.91794,0.23645878,0.09631152,0.2
2004-06-27 05:30:00,425.83783,52.595116,0.5512667,0.07275323,0.2
2004-06-27 06:00:00,434.28592,67.37297,1.346451,0.06882315,0.2
2004-06-27 06:30:00,445.4154,87.00125,2.2756538,0.08054865,0.2
2004-06-27 07:00:00,460.58023,106.28593,4.027788,0.06370104,0.2
2004-06-27 07:30:00,471.95724,127.4192,5.460773,0.0841475,0.2
2004-06-27 08:00:00,498.70892,165.56052,8.657082,0.057788033,0.2
2004-06-27 08:30:00,514.2417,194.37216,10.94107,0.070463866,0.2
2004-06-27 09:00:00,532.8444,220.02592,13.122779,0.06594386,0.2
2004-06-27 09:30:00,551.41345,243.09436,15.616973,0.06446176,0.2
2004-06-27 10:00:00,570.748,262.86914,18.818205,0.05080874,0.2
2004-06-27 10:30:00,586.202,288.31842,23.219893,0.060533036,0.2
2004-06-27 11:00:00,603.5622,297.15778,27.244959,0.04523498,0.2
2004-06-27 11:30:00,614.2159,316.42993,31.215672,0.05958298,0.2
2004-06-27 12:00:00,623.72034,327.93918,34.795475,0.07641321,0.2
2004-06-27 12:30:00,628.0912,336.2738,37.057423,0.094744496,0.2
2004-06-27 13:00:00,631.816,334.70285,36.912064,0.08419296,0.2
2004-06-27 13:30:00,630.40015,333.51636,36.332214,0.103707105,0.2
2004-06-27 14:00:00,629.28485,320.01526,33.865223,0.081651375,0.2
2004-06-27 14:30:00,620.512,310.6463,31.797726,0.104848415,0.2
2004-06-27 15:00:00,611.3975,292.41745,28.708942,0.10542607,0.2
2004-06-27 15:30:00,602.9047,260.38617,25.22429,0.07714048,0.2
2004-06-27 16:00:00,587.043,245.6079,22.979628,0.11675657,0.2
2004-06-27 16:30:00,571.59406,218.68346,21.282059,0.1323119,0.2
2004-06-27 17:00:00,552.6706,190.59117,19.500206,0.16225307,0.2
2004-06-27 17:30:00,536.1937,158.33235,17.649883,0.16069864,0.2
2004-06-27 18:00:00,516.1947,124.40403,16.182346,0.18355274,0.2
2004-06-27 18:30:00,507.9397,108.15667,15.861124,0.18170434,0.2
2004-06-27 19:00:00,494.93054,91.3175,14.682001,0.22420047,0.2
2004-06-27 19:30:00,482.14618,68.74357,13.233309,0.2051733,0.2
2004-06-27 20:00:00,472.76477,54.475967,11.82009,0.17124185,0.2
2004-06-27 20:30:00,466.5254,47.469177,10.895506,0.11980945,0.2
2004-06-27 21:00:00,460.24417,45.616413,10.533695,0.14846727,0.2
2004-06-27 21:30:00,456.04236,44.605385,9.625348,0.1639127,0.2
2004-06-27 22:00:00,452.20975,42.041374,8.077491,0.14101824,0.2
2004-06-27 22:30:00,449.82635,37.484566,7.02554,0.09293661,0.2
2004-06-27 23:00:00,448.00293,36.805637,6.3245616,0.081546895,0.2
2004-06-27 23:30:00,444.83267,34.76704,5.598457,0.07336851,0.2
2004-06-28 00:00:00,442.60257,34.922146,4.9550953,0.058507133,0.2
2004-06-28 00:30:00,445.4577,41.464905,5.0992937,0.059105054,0.2
2004-06-28 01:00:00,446.83026,40.36863,4.7330513,0.06693787,0.2
2004-06-28 01:30:00,445.2648,38.46908,4.7519455,0.080867626,0.2
2004-06-28 02:00:00,443.66388,35.51255,4.333675,0.06646901,0.2
2004-06-28 02:30:00,442.33728,34.867603,3.9359086,0.067308486,0.2
2004-06-28 03:00:00,440.31427,36.206963,3.115613,0.06629736,0.2
2004-06-28 03:30:00,441.02988,35.6457,3.1045594,0.05247507,0.2
2004-06-28 04:00:00,440.29675,37.057392,2.936847,0.06762177,0.2
2004-06-28 04:30:00,438.93365,43.284546,3.6056967,0.104204394,0.2
2004-06-28 05:00:00,439.0708,48.24941,4.030194,0.10428971,0.2
2004-06-28 05:30:00,437.97305,47.083492,4.1270323,0.09701209,0.2
2004-06-28 06:00:00,438.28812,53.33037,4.2235336,0.09123815,0.2
2004-06-28 06:30:00,443.3018,82.15274,3.7793045,0.10430931,0.2
2004-06-28 07:00:00,454.37238,97.15858,5.389131,0.09902212,0.2
2004-06-28 07:30:00,459.35654,112.7095,6.3091016,0.12938358,0.2
2004-06-28 08:00:00,472.1555,128.52855,8.36313,0.103395864,0.2
2004-06-28 08:30:00,485.27344,154.6646,9.25382,0.103755355,0.2
2004-06-28 09:00:00,506.31995,181.97565,10.746188,0.0775902,0.2
2004-06-28 09:30:00,534.9389,222.69505,14.173756,0.08107044,0.2
2004-06-28 10:00:00,559.43616,268.94797,18.97007,0.10120096,0.2
2004-06-28 10:30:00,580.93524,322.4452,24.784595,0.14086847,0.2
2004-06-28 11:00:00,585.54504,321.85806,27.449968,0.14498803,0.2
2004-06-28 11:30:00,602.1487,343.49988,32.7999,0.14390905,0.2
2004-06-28 12:00:00,610.6711,347.44623,36.23928,0.13409886,0.2
2004-06-28 12:30:00,618.97894,345.74637,38.4322,0.12166504,0.2
2004-06-28 13:00:00,620.2742,348.92157,38.55373,0.14446063,0.2
2004-06-28 13:30:00,620.51263,340.54474,36.972046,0.133012,0.2
2004-06-28 14:00:00,603.1404,377.58875,37.901478,0.16122574,0.2
2004-06-28 14:30:00,601.03235,317.0832,31.37782,0.16312987,0.2
2004-06-28 15:00:00,593.32825,295.2855,27.372164,0.13302216,0.2
2004-06-28 15:30:00,586.1866,294.0445,26.255163,0.16187333,0.2
2004-06-28 16:00:00,567.9098,275.4715,24.373568,0.21114397,0.2
2004-06-28 16:30:00,556.0069,240.17111,22.195911,0.18576087,0.2
2004-06-28 17:00:00,540.1069,216.88414,21.799332,0.22875154,0.2
2004-06-28 17:30:00,522.5344,184.57596,20.458847,0.23700967,0.2
2004-06-28 18:00:00,502.23123,158.2451,19.197285,0.2835291,0.2
2004-06-28 18:30:00,485.43817,122.236786,17.439796,0.22449344,0.2
2004-06-28 19:00:00,475.50284,105.72666,16.982658,0.21705276,0.2
2004-06-28 19:30:00,464.5513,88.35657,15.907551,0.21349066,0.2
2004-06-28 20:00:00,454.3144,77.91042,15.254142,0.20284596,0.2
2004-06-28 20:30:00,453.19272,71.43693,14.360434,0.12285945,0.2
2004-06-28 21:00:00,448.0038,65.43829,13.777362,0.14235295,0.2
2004-06-28 21:30:00,444.61414,54.99553,13.284617,0.106262945,0.2
2004-06-28 22:00:00,441.42017,46.684788,13.123975,0.087510936,0.2
2004-06-28 22:30:00,436.43015,39.831394,11.826389,0.072988294,0.2
2004-06-28 23:00:00,433.78326,40.213745,11.358632,0.077215254,0.2
2004-06-28 23:30:00,432.91733,39.360764,10.597856,0.060036067,0.2
2004-06-29 00:00:00,433.2388,40.307037,10.349699,0.05812387,0.2
2004-06-29 00:30:00,436.0989,40.641685,10.284968,0.069947965,0.2
2004-06-29 01:00:00,435.1247,39.863968,9.474522,0.07907237,0.2
2004-06-29 01:30:00,433.93387,43.837387,8.991408,0.091631085,0.2
2004-06-29 02:00:00,432.85284,45.87989,8.32389,0.103303984,0.2
2004-06-29 02:30:00,430.80222,39.61612,7.4474077,0.06872,0.2
2004-06-29 03:00:00,430.0809,36.850384,6.507369,0.05381526,0.2
2004-06-29 03:30:00,430.03305,36.52566,6.060301,0.052407634,0.2
2004-06-29 04:00:00,428.88785,38.27933,5.8471513,0.064297736,0.2
2004-06-29 04:30:00,428.6559,37.940212,5.7324724,0.05571977,0.2
2004-06-29 05:00:00,429.59756,41.74719,6.2251754,0.07087413,0.2
2004-06-29 05:30:00,431.1649,45.37546,6.3897796,0.076685175,0.2
2004-06-29 06:00:00,435.37463,57.51096,6.414169,0.07752027,0.2
2004-06-29 06:30:00,442.25186,71.98394,6.8913617,0.08247151,0.2
2004-06-29 07:00:00,454.07166,94.04349,8.533497,0.090709835,0.2
2004-06-29 07:30:00,470.73456,124.187225,9.179189,0.08034834,0.2
2004-06-29 08:00:00,490.52036,160.39957,12.130156,0.09176393,0.2
2004-06-29 08:30:00,510.24652,184.7175,13.701971,0.08228902,0.2
2004-06-29 09:00:00,527.98804,219.27347,16.831463,0.10745366,0.2
2004-06-29 09:30:00,548.29486,241.04164,20.75794,0.0930241,0.2
2004-06-29 10:00:00,567.3739,261.81543,25.155638,0.07584507,0.2
2004-06-29 10:30:00,582.1752,294.59476,29.687704,0.09420953,0.2
2004-06-29 11:00:00,596.53754,317.41522,33.63335,0.10440628,0.2
2004-06-29 11:30:00,607.61206,334.4036,37.272255,0.10330223,0.2
2004-06-29 12:00:00,613.0652,357.03278,41.355896,0.13944404,0.2
2004-06-29 12:30:00,621.64,346.2305,41.900208,0.085799664,0.2
2004-06-29 13:00:00,621.2079,352.96136,44.04108,0.11657938,0.2
2004-06-29 13:30:00,622.1469,338.30716,43.120308,0.097653195,0.2
2004-06-29 14:00:00,619.66974,324.58765,41.780636,0.087500826,0.2
2004-06-29 14:30:00,612.5114,309.07065,40.351765,0.09031343,0.2
2004-06-29 15:00:00,602.592,293.16583,36.986298,0.09623119,0.2
2004-06-29 15:30:00,592.5029,264.42853,33.553654,0.084345356,0.2
2004-06-29 16:00:00,576.6389,247.9973,30.92187,0.110477775,0.2
2004-06-29 16:30:00,564.19385,204.41434,28.329021,0.06233946,0.2
2004-06-29 17:00:00,547.3334,173.65642,28.393408,0.07553417,0.2
2004-06-29 17:30:00,530.0437,142.01253,26.604605,0.06259077,0.2
2004-06-29 18:00:00,511.888,108.61518,25.481024,0.07203454,0.2
2004-06-29 18:30:00,495.04645,79.474,23.504658,0.07559284,0.2
2004-06-29 19:00:00,479.34055,55.877846,22.46023,0.09442711,0.2
2004-06-29 19:30:00,466.73526,30.293133,20.169783,0.058960423,0.2
2004-06-29 20:00:00,457.28473,15.997718,17.475637,0.02722927,0.2
2004-06-29 20:30:00,451.44965,9.380565,16.56167,0.017316855,0.2
2004-06-29 21:00:00,445.85376,3.1128988,15.993403,0.019387875,0.2
2004-06-29 21:30:00,441.45883,2.006313,15.843315,0.035206974,0.2
2004-06-29 22:00:00,437.08014,2.883089,14.641169,0.042963628,0.2
2004-06-29 22:30:00,433.28668,8.1631365,13.059786,0.051517066,0.2
2004-06-29 23:00:00,429.83096,9.499552,11.095361,0.022951901,0.2
2004-06-29 23:30:00,426.88596,8.500774,10.205466,0.01753998,0.2
2004-06-30 00:00:00,423.6775,13.077856,8.325517,0.013842068,0.2
2004-06-30 00:30:00,418.2989,31.222685,7.1652894,0.035829104,0.2
2004-06-30 01:00:00,414.2277,37.515244,6.253258,0.06253159,0.2
2004-06-30 01:30:00,412.75925,34.052357,5.5796,0.04924066,0.2
2004-06-30 02:00:00,410.56488,33.199364,4.8945932,0.05116293,0.2
2004-06-30 02:30:00,408.95303,32.779064,3.9649272,0.060574323,0.2
2004-06-30 03:00:00,407.15082,27.321104,3.5770495,0.041122153,0.2
2004-06-30 03:30:00,405.14386,27.138943,3.131333,0.0377388,0.2
2004-06-30 04:00:00,403.78375,24.447416,2.4449174,0.03478486,0.2
2004-06-30 04:30:00,402.56064,21.875362,3.0101979,0.021404788,0.2
2004-06-30 05:00:00,404.73734,29.035912,3.938527,0.026766336,0.2
2004-06-30 05:30:00,411.39728,44.31004,3.919134,0.031676725,0.2
2004-06-30 06:00:00,423.62756,53.708992,4.0123844,0.023220044,0.2
2004-06-30 06:30:00,437.46674,67.93558,4.327911,0.019874481,0.2
2004-06-30 07:00:00,455.08215,86.561,5.437791,0.024782946,0.2
2004-06-30 07:30:00,472.83017,106.959496,5.8435097,0.016492892,0.2
2004-06-30 08:00:00,494.33624,132.63385,8.654291,0.017153282,0.2
2004-06-30 08:30:00,514.9828,148.92401,11.691485,0.015872555,0.2
2004-06-30 09:00:00,536.3919,164.20448,13.967636,0.04534573,0.2
2004-06-30 09:30:00,557.2058,186.42944,18.160524,0.055044577,0.2
2004-06-30 10:00:00,575.8868,218.07446,23.272467,0.07505801,0.2
2004-06-30 10:30:00,593.2376,246.77199,29.189417,0.08158536,0.2
2004-06-30 11:00:00,607.6851,268.67148,34.862534,0.082127124,0.2
2004-06-30 11:30:00,620.62305,282.1029,37.157497,0.06889436,0.2
2004-06-30 12:00:00,629.2506,297.10202,39.831768,0.07862593,0.2
2004-06-30 12:30:00,637.4061,296.11856,39.566933,0.058555055,0.2
2004-06-30 13:00:00,636.5697,308.7881,40.288387,0.10112591,0.2
2004-06-30 13:30:00,636.5072,306.00708,40.321655,0.09673644,0.2
2004-06-30 14:00:00,632.0556,302.40308,39.7801,0.11764147,0.2
2004-06-30 14:30:00,624.6992,292.0484,38.025406,0.13241622,0.2
2004-06-30 15:00:00,616.27747,267.79236,35.030445,0.115555465,0.2
2004-06-30 15:30:00,602.77167,253.91873,33.184307,0.15545039,0.2
2004-06-30 16:00:00,585.81775,239.17772,31.59467,0.19436733,0.2
2004-06-30 16:30:00,570.8666,209.78711,28.895895,0.17852859,0.2
2004-06-30 17:00:00,554.9007,178.17755,25.67837,0.17269996,0.2
2004-06-30 17:30:00,537.34125,146.32092,23.451841,0.17794558,0.2
2004-06-30 18:00:00,520.3929,113.762924,19.932,0.1749318,0.2
2004-06-30 18:30:00,508.8713,95.09807,17.269648,0.1809013,0.2
2004-06-30 19:00:00,493.14578,109.64059,10.208304,0.3019808,0.2
2004-06-30 19:30:00,481.23633,110.79347,8.894419,0.3334729,0.2
2004-06-30 20:00:00,469.205,104.24604,10.23521,0.34932524,0.2
2004-06-30 20:30:00,459.07324,82.07702,10.106449,0.24806118,0.2
2004-06-30 21:00:00,453.11298,74.04631,15.254661,0.24955943,0.2
2004-06-30 21:30:00,450.7456,66.82163,13.80891,0.15669924,0.2
2004-06-30 22:00:00,439.6887,67.34563,12.035922,0.2243106,0.2
2004-06-30 22:30:00,435.01862,70.98062,10.406005,0.23266354,0.2
2004-06-30 23:00:00,432.80237,63.18279,9.057831,0.14722316,0.2
2004-06-30 23:30:00,433.02518,68.349174,8.669719,0.17050561,0.2
2004-07-01 00:00:00,428.40088,69.80307,8.167115,0.18931165,0.2
2004-07-01 00:30:00,427.04483,70.40317,6.9986567,0.16328125,0.2
2004-07-01 01:00:00,427.382,72.42114,5.6085644,0.17629291,0.2
2004-07-01 01:30:00,427.9615,73.96281,4.7852645,0.17338848,0.2
2004-07-01 02:00:00,426.88318,72.13643,3.9298162,0.19141994,0.2
2004-07-01 02:30:00,425.59918,70.939064,3.5654724,0.20310071,0.2
2004-07-01 03:00:00,422.02634,73.033104,2.204804,0.21827056,0.2
2004-07-01 03:30:00,419.52844,70.713356,1.935766,0.20747983,0.2
2004-07-01 04:00:00,415.838,60.828125,1.8245276,0.14591138,0.2
2004-07-01 04:30:00,411.18903,51.41299,1.2126423,0.109630786,0.2
2004-07-01 05:00:00,415.6074,61.27502,0.44195688,0.10934401,0.2
2004-07-01 05:30:00,417.57626,61.08291,0.35508135,0.0989831,0.2
2004-07-01 06:00:00,421.0099,68.94017,0.7549976,0.110079065,0.2
2004-07-01 06:30:00,420.9012,70.004425,0.64969486,0.13575123,0.2
2004-07-01 07:00:00,422.6963,73.45212,1.5220367,0.13794084,0.2
2004-07-01 07:30:00,424.39093,66.929,2.1149514,0.08510904,0.2
2004-07-01 08:00:00,434.10147,85.975624,3.5681841,0.072312295,0.2
2004-07-01 08:30:00,447.4874,110.02355,4.576705,0.07085307,0.2
2004-07-01 09:00:00,461.82736,136.3164,6.2910404,0.0849122,0.2
2004-07-01 09:30:00,483.42398,178.6336,8.981585,0.08271063,0.2
2004-07-01 10:00:00,520.33417,253.91638,14.680973,0.10087541,0.2
2004-07-01 10:30:00,531.43134,249.3908,16.997528,0.06482124,0.2
2004-07-01 11:00:00,521.46423,224.46257,17.371614,0.10170555,0.2
2004-07-01 11:30:00,538.1444,250.66858,21.050209,0.09314968,0.2
2004-07-01 12:00:00,531.99243,239.17813,21.684168,0.10520001,0.2
2004-07-01 12:30:00,547.324,259.06985,25.703665,0.12781468,0.2
2004-07-01 13:00:00,504.2704,182.92021,16.925198,0.14708357,0.2
2004-07-01 13:30:00,524.4883,210.59898,19.557573,0.10586904,0.2
2004-07-01 14:00:00,518.3132,190.02658,17.9767,0.1002446,0.2
2004-07-01 14:30:00,510.582,177.0714,16.428844,0.10053875,0.2
2004-07-01 15:00:00,507.91568,164.45345,15.578027,0.10096643,0.2
2004-07-01 15:30:00,488.93246,138.317,13.695381,0.13423274,0.2
2004-07-01 16:00:00,479.11758,112.479,12.253452,0.13331752,0.2
2004-07-01 16:30:00,475.19135,106.81551,10.573447,0.111911,0.2
2004-07-01 17:00:00,475.0721,110.78409,10.376959,0.13371994,0.2
2004-07-01 17:30:00,472.74057,104.75627,10.170344,0.13638476,0.2
2004-07-01 18:00:00,464.19467,90.37717,9.307008,0.17172302,0.2
2004-07-01 18:30:00,456.49545,75.16777,8.902925,0.18516079,0.2
2004-07-01 19:00:00,448.27405,64.50164,8.221391,0.21388312,0.2
2004-07-01 19:30:00,441.63864,51.088184,5.957839,0.16823544,0.2
2004-07-01 20:00:00,435.5503,43.342907,4.7939997,0.15902787,0.2
2004-07-01 20:30:00,432.776,40.519302,4.4861507,0.1521257,0.2
2004-07-01 21:00:00,431.18726,37.057472,4.7331285,0.14128618,0.2
2004-07-01 21:30:00,429.77762,38.516304,7.545213,0.16489634,0.2
2004-07-01 22:00:00,427.49753,37.924355,8.075551,0.1703819,0.2
2004-07-01 22:30:00,425.48526,42.39429,7.4440722,0.20343785,0.2
2004-07-01 23:00:00,423.36078,44.951283,6.7289705,0.20362839,0.2
2004-07-01 23:30:00,419.34207,48.37795,6.692899,0.22768743,0.2
2004-07-02 00:00:00,415.00278,49.759796,6.38566,0.26395857,0.2
2004-07-02 00:30:00,406.33215,42.00108,5.4079633,0.2286293,0.2
2004-07-02 01:00:00,403.3626,38.801785,3.894987,0.14756112,0.2
2004-07-02 01:30:00,401.33875,39.192757,3.2878036,0.12704289,0.2
2004-07-02 02:00:00,398.92,40.364204,2.5815647,0.1447153,0.2
2004-07-02 02:30:00,399.47687,38.909885,1.949067,0.10071629,0.2
2004-07-02 03:00:00,396.21283,36.247154,1.1638627,0.11556442,0.2
2004-07-02 03:30:00,390.10587,28.932365,0.55683863,0.09301222,0.2
2004-07-02 04:00:00,388.30756,22.843866,0.090402186,0.058525015,0.2
2004-07-02 04:30:00,386.49423,22.100937,-0.24917656,0.063263245,0.2
2004-07-02 05:00:00,395.02942,38.345913,0.0,0.072821535,0.2
2004-07-02 05:30:00,396.4766,38.37101,-6.3777502e-15,0.07920091,0.2
2004-07-02 06:00:00,405.46835,55.759003,0.0,0.07084053,0.2
2004-07-02 06:30:00,420.3597,78.14624,0.0,0.06962425,0.2
2004-07-02 07:00:00,426.5927,83.55739,1.9145074,0.099896096,0.2
2004-07-02 07:30:00,449.66858,125.41341,2.5601914,0.1057519,0.2
2004-07-02 08:00:00,458.37863,164.21902,6.079747,0.19378106,0.2
2004-07-02 08:30:00,474.0206,177.75604,7.728866,0.12593143,0.2
2004-07-02 09:00:00,482.5472,184.907,9.475684,0.12746191,0.2
2004-07-02 09:30:00,493.54227,199.59521,11.718316,0.1219268,0.2
2004-07-02 10:00:00,487.73132,188.3035,12.976619,0.13848834,0.2
2004-07-02 10:30:00,503.76572,220.18732,17.296522,0.14750947,0.2
2004-07-02 11:00:00,529.86365,270.43234,22.296812,0.14287855,0.2
2004-07-02 11:30:00,523.8122,240.08707,21.993298,0.14294936,0.2
2004-07-02 12:00:00,554.3173,310.97366,28.985704,0.15953694,0.2
2004-07-02 12:30:00,549.98096,285.23282,28.142948,0.14635323,0.2
2004-07-02 13:00:00,574.0422,347.0052,32.895466,0.18825248,0.2
2004-07-02 13:30:00,542.17896,275.95816,27.132767,0.18597837,0.2
2004-07-02 14:00:00,564.8547,331.5969,31.33373,0.22352122,0.2
2004-07-02 14:30:00,546.7124,283.5031,27.270494,0.22243676,0.2
2004-07-02 15:00:00,530.9479,232.72412,23.174582,0.17365837,0.2
2004-07-02 15:30:00,500.89667,184.12244,20.29981,0.23172376,0.2
2004-07-02 16:00:00,512.1892,198.70506,19.760971,0.21060771,0.2
2004-07-02 16:30:00,519.50793,204.90671,19.555222,0.19850953,0.2
2004-07-02 17:00:00,496.03018,148.60179,17.72952,0.18937692,0.2
2004-07-02 17:30:00,482.2426,126.96062,16.141144,0.20104264,0.2
2004-07-02 18:00:00,469.5148,108.49227,14.476145,0.22766933,0.2
2004-07-02 18:30:00,462.16275,87.724785,14.437085,0.231684,0.2
2004-07-02 19:00:00,447.72256,52.29636,11.718646,0.16092768,0.2
2004-07-02 19:30:00,437.2118,33.717728,10.043871,0.11323083,0.2
2004-07-02 20:00:00,428.98358,24.964367,9.016681,0.11620649,0.2
2004-07-02 20:30:00,424.41602,23.447102,7.945428,0.11014986,0.2
2004-07-02 21:00:00,418.91556,24.16429,6.6077237,0.12856045,0.2
2004-07-02 21:30:00,414.4917,27.176523,5.5242863,0.13966586,0.2
2004-07-02 22:00:00,411.72156,27.911196,4.645777,0.1250453,0.2
2004-07-02 22:30:00,407.82126,23.094456,4.0024076,0.09072974,0.2
2004-07-02 23:00:00,404.65527,24.109995,3.9569664,0.10605197,0.2
2004-07-02 23:30:00,403.01733,23.699469,3.7868764,0.07362551,0.2
2004-07-03 00:00:00,402.86627,25.160986,3.889834,0.0759163,0.2
2004-07-03 00:30:00,401.09528,24.666964,3.727922,0.09484181,0.2
2004-07-03 01:00:00,397.54636,18.247934,2.8166716,0.07133721,0.2
2004-07-03 01:30:00,395.75253,17.48716,2.473295,0.076669045,0.2
2004-07-03 02:00:00,394.6918,15.525966,2.0104642,0.05546583,0.2
2004-07-03 02:30:00,392.98068,12.478254,1.5519404,0.03529715,0.2
2004-07-03 03:00:00,391.59598,13.494609,1.088206,0.039938897,0.2
2004-07-03 03:30:00,389.19455,11.399997,0.87609303,0.036016613,0.2
2004-07-03 04:00:00,386.20032,7.9106393,0.5806585,0.029040426,0.2
2004-07-03 04:30:00,384.75262,8.854883,0.31607935,0.03838514,0.2
2004-07-03 05:00:00,387.02646,16.136932,0.3353223,0.0367874,0.2
2004-07-03 05:30:00,393.11734,32.218285,0.53004485,0.057205632,0.2
2004-07-03 06:00:00,404.03882,53.03251,1.109782,0.06124238,0.2
2004-07-03 06:30:00,417.41455,74.36771,1.6866329,0.053491868,0.2
2004-07-03 07:00:00,433.38104,104.25495,3.233341,0.06422926,0.2
2004-07-03 07:30:00,450.03506,133.6545,4.222859,0.07069018,0.2
2004-07-03 08:00:00,468.0062,180.89857,7.1054115,0.11470321,0.2
2004-07-03 08:30:00,486.5681,205.55756,9.807649,0.092444144,0.2
2004-07-03 09:00:00,503.64178,236.17216,12.956071,0.100683,0.2
2004-07-03 09:30:00,525.1769,270.1715,15.952326,0.09710774,0.2
2004-07-03 10:00:00,539.3484,288.8335,17.982752,0.08471359,0.2
2004-07-03 10:30:00,566.4822,331.78833,22.507027,0.08257393,0.2
2004-07-03 11:00:00,554.13837,302.8831,23.464811,0.09932552,0.2
2004-07-03 11:30:00,579.0472,354.41174,29.50467,0.099875435,0.2
2004-07-03 12:00:00,572.5351,350.42148,31.14335,0.1394402,0.2
2004-07-03 12:30:00,590.8954,361.55936,33.84635,0.093697995,0.2
2004-07-03 13:00:00,591.1827,361.63516,34.27199,0.103482455,0.2
2004-07-03 13:30:00,591.36926,354.6632,33.308975,0.10314277,0.2
2004-07-03 14:00:00,585.8907,352.08566,31.718307,0.11809092,0.2
2004-07-03 14:30:00,578.6921,337.53772,29.014936,0.12368995,0.2
2004-07-03 15:00:00,569.42883,318.7542,25.68644,0.114887096,0.2
2004-07-03 15:30:00,558.9052,295.14496,23.478838,0.11928992,0.2
2004-07-03 16:00:00,545.31274,263.96347,21.45023,0.12146353,0.2
2004-07-03 16:30:00,530.0332,238.00346,20.123304,0.13704024,0.2
2004-07-03 17:00:00,515.9782,196.67027,18.947718,0.1153544,0.2
2004-07-03 17:30:00,498.51627,167.21606,17.830801,0.14341848,0.2
2004-07-03 18:00:00,481.58704,128.26822,16.30474,0.12789696,0.2
2004-07-03 18:30:00,465.86053,91.799095,15.069953,0.11382819,0.2
2004-07-03 19:00:00,452.70013,63.34057,13.750868,0.111378714,0.2
2004-07-03 19:30:00,441.90598,43.482338,11.634637,0.09913224,0.2
2004-07-03 20:00:00,433.9382,29.163603,9.740601,0.067050666,0.2
2004-07-03 20:30:00,428.95255,21.634119,8.878573,0.046559036,0.2
2004-07-03 21:00:00,424.41077,13.166576,8.369131,0.03843605,0.2
2004-07-03 21:30:00,420.92383,9.519806,7.8817163,0.030737203,0.2
2004-07-03 22:00:00,417.62305,5.273642,7.049204,0.020969005,0.2
2004-07-03 22:30:00,415.56808,-0.036569625,6.689042,0.013727544,0.2
2004-07-03 23:00:00,411.82187,6.177479,5.9230347,0.018404815,0.2
2004-07-03 23:30:00,409.1848,9.2394,5.137842,0.02330936,0.2
2004-07-04 00:00:00,406.44485,11.346405,4.366928,0.014885601,0.2
2004-06-27 00:30:00,441.30713,22.237139,5.9419637,0.038253333,0.25
2004-06-27 01:00:00,438.49536,23.623192,4.792782,0.050437026,0.25
2004-06-27 01:30:00,435.63565,31.339655,3.0203135,0.1040969,0.25
2004-06-27 02:00:00,431.57327,44.967556,0.97518784,0.1274092,0.25
2004-06-27 02:30:00,428.19495,49.975605,1.017463,0.116195455,0.25
2004-06-27 03:00:00,425.4724,46.442204,0.76636016,0.0993876,0.25
2004-06-27 03:30:00,423.4258,44.66138,0.57272255,0.09758015,0.25
2004-06-27 04:00:00,421.09647,43.88484,0.3958343,0.09195867,0.25
2004-06-27 04:30:00,420.03632,42.534378,0.23957849,0.08231579,0.25
2004-06-27 05:00:00,420.75836,48.66563,0.17802781,0.09623006,0.25
2004-06-27 05:30:00,425.78204,52.352245,0.49397263,0.072681196,0.25
2004-06-27 06:00:00,434.17862,67.007996,1.2508799,0.06875742,0.25
2004-06-27 06:30:00,445.32693,86.62997,2.176927,0.08046201,0.25
2004-06-27 07:00:00,460.38187,105.6563,3.8464565,0.06362985,0.25
2004-06-27 07:30:00,471.79645,126.75431,5.268956,0.08404186,0.25
2004-06-27 08:00:00,498.3194,164.37865,8.292086,0.057708226,0.25
2004-06-27 08:30:00,513.9248,193.10936,10.549981,0.07034514,0.25
2004-06-27 09:00:00,532.55963,218.76862,12.741688,0.06583454,0.25
2004-06-27 09:30:00,551.0921,241.75328,15.216672,0.06436396,0.25
2004-06-27 10:00:00,570.4698,261.59488,18.44971,0.05072982,0.25
2004-06-27 10:30:00,585.89575,287.0069,22.8353,0.060454413,0.25
2004-06-27 11:00:00,603.24713,295.8271,26.855127,0.04517387,0.25
2004-06-27 11:30:00,613.8994,315.0885,30.814693,0.05951221,0.25
2004-06-27 12:00:00,623.4042,326.59314,34.35305,0.07633059,0.25
2004-06-27 12:30:00,627.7724,334.90433,36.61082,0.0946507,0.25
2004-06-27 13:00:00,631.5524,333.4451,36.5246,0.08410844,0.25
2004-06-27 13:30:00,630.1189,332.24567,35.94947,0.10361468,0.25
2004-06-27 14:00:00,628.938,318.65305,33.44402,0.08157491,0.25
2004-06-27 14:30:00,620.20056,309.26184,31.380592,0.104748465,0.25
2004-06-27 15:00:00,611.0801,291.00793,28.320395,0.105321266,0.25
2004-06-27 15:30:00,602.58,258.989,24.842543,0.077051155,0.25
2004-06-27 16:00:00,586.79065,244.28448,22.640316,0.11662491,0.25
2004-06-27 16:30:00,571.3158,217.34134,20.950722,0.13216068,0.25
2004-06-27 17:00:00,552.34357,189.11174,19.121418,0.16206732,0.25
2004-06-27 17:30:00,535.8855,156.86108,17.274612,0.16048071,0.25
2004-06-27 18:00:00,515.9463,123.029526,15.854064,0.18328294,0.25
2004-06-27 18:30:00,507.66513,106.78535,15.532553,0.18140554,0.25
2004-06-27 19:00:00,494.6661,89.92385,14.354999,0.2238387,0.25
2004-06-27 19:30:00,481.87634,67.37711,12.912993,0.20479959,0.25
2004-06-27 20:00:00,472.48953,53.15194,11.507667,0.17086267,0.25
2004-06-27 20:30:00,466.2402,46.204273,10.593082,0.11947061,0.25
2004-06-27 21:00:00,459.9702,44.319256,10.229651,0.14805235,0.25
2004-06-27 21:30:00,455.76813,43.288822,9.31952,0.16344601,0.25
2004-06-27 22:00:00,451.98145,40.873043,7.8204474,0.14057459,0.25
2004-06-27 22:30:00,449.56903,36.369186,6.7763896,0.09259114,0.25
2004-06-27 23:00:00,447.74823,35.71883,6.0821714,0.0812181,0.25
2004-06-27 23:30:00,444.57843,33.69634,5.3595023,0.07306126,0.25
2004-06-28 00:00:00,442.34525,33.873795,4.7206798,0.05824396,0.25
2004-06-28 00:30:00,445.20193,40.416527,4.8651295,0.058829084,0.25
2004-06-28 01:00:00,446.68365,39.551956,4.5799203,0.06662916,0.25
2004-06-28 01:30:00,445.08383,37.630077,4.6002283,0.0805773,0.25
2004-06-28 02:00:00,443.4844,34.725857,4.1943207,0.06622531,0.25
2004-06-28 02:30:00,442.16443,34.11017,3.8014047,0.06706897,0.25
2004-06-28 03:00:00,440.19836,35.58847,3.025451,0.066079944,0.25
2004-06-28 03:30:00,440.8962,35.05852,3.019022,0.052305095,0.25
2004-06-28 04:00:00,440.17242,36.4878,2.8576372,0.06743624,0.25
2004-06-28 04:30:00,438.8188,42.711174,3.5294607,0.103991546,0.25
2004-06-28 05:00:00,438.95822,47.69803,3.9578063,0.10409415,0.25
2004-06-28 05:30:00,437.86407,46.55748,4.058275,0.096839815,0.25
2004-06-28 06:00:00,438.13055,52.69881,4.1185217,0.09108328,0.25
2004-06-28 06:30:00,443.16748,81.52063,3.6740294,0.10414361,0.25
2004-06-28 07:00:00,454.13248,96.271454,5.2015834,0.098868094,0.25
2004-06-28 07:30:00,459.1588,111.78753,6.114692,0.12918298,0.25
2004-06-28 08:00:00,471.73618,127.08614,7.9976735,0.10321507,0.25
2004-06-28 08:30:00,484.92276,153.17892,8.870072,0.1035268,0.25
2004-06-28 09:00:00,505.9965,180.53438,10.377015,0.07739763,0.25
2004-06-28 09:30:00,534.58167,221.16878,13.781461,0.08089177,0.25
2004-06-28 10:00:00,559.1285,267.46777,18.602337,0.10102612,0.25
2004-06-28 10:30:00,580.6093,320.872,24.396748,0.14067757,0.25
2004-06-28 11:00:00,585.2102,320.29553,27.063477,0.14482003,0.25
2004-06-28 11:30:00,601.8105,341.95422,32.371227,0.14374529,0.25
2004-06-28 12:00:00,610.3269,345.9067,35.810997,0.13395658,0.25
2004-06-28 12:30:00,618.631,344.2188,38.006832,0.12153738,0.25
2004-06-28 13:00:00,619.99445,347.48776,38.180183,0.14431511,0.25
2004-06-28 13:30:00,620.20605,339.12424,36.6072,0.13288665,0.25
2004-06-28 14:00:00,602.8335,375.86728,37.493656,0.16108021,0.25
2004-06-28 14:30:00,600.69226,315.53735,30.977913,0.16297214,0.25
2004-06-28 15:00:00,592.997,293.76047,26.980925,0.13288483,0.25
2004-06-28 15:30:00,585.8613,292.46838,25.892065,0.1617024,0.25
2004-06-28 16:00:00,567.6525,273.96442,24.05797,0.21093348,0.25
2004-06-28 16:30:00,555.71814,238.69067,21.878914,0.1855632,0.25
2004-06-28 17:00:00,539.7766,215.25356,21.437689,0.22850938,0.25
2004-06-28 17:30:00,522.22565,182.94508,20.1014,0.23672926,0.25
2004-06-28 18:00:00,501.9847,156.70195,18.885303,0.28318807,0.25
2004-06-28 18:30:00,485.15915,120.74051,17.134565,0.22418681,0.25
2004-06-28 19:00:00,475.22748,104.25708,16.68595,0.21671109,0.25
2004-06-28 19:30:00,464.27744,86.90028,15.615011,0.21312295,0.25
2004-06-28 20:00:00,454.0399,76.467545,14.968009,0.20246404,0.25
2004-06-28 20:30:00,452.9,70.08258,14.08488,0.12254661,0.25
2004-06-28 21:00:00,447.7225,64.06368,13.501053,0.14198236,0.25
2004-06-28 21:30:00,444.31992,53.663307,13.013724,0.10592403,0.25
2004-06-28 22:00:00,441.17618,45.50438,12.896469,0.087179564,0.25
2004-06-28 22:30:00,436.16412,38.66573,11.601484,0.07269735,0.25
2004-06-28 23:00:00,433.52133,39.052696,11.13798,0.07690164,0.25
2004-06-28 23:30:00,432.65002,38.233994,10.381245,0.059762962,0.25
2004-06-29 00:00:00,432.9728,39.18875,10.134729,0.057846185,0.25
2004-06-29 00:30:00,435.83527,39.515327,10.06696,0.06959913,0.25
2004-06-29 01:00:00,434.96982,38.96651,9.329805,0.078716576,0.25
2004-06-29 01:30:00,433.74515,42.916035,8.849193,0.09131871,0.25
2004-06-29 02:00:00,432.67178,44.985695,8.191246,0.102992974,0.25
2004-06-29 02:30:00,430.61908,38.793,7.3225107,0.06848649,0.25
2004-06-29 03:00:00,429.9536,36.193836,6.422351,0.053613313,0.25
2004-06-29 03:30:00,429.89148,35.887264,5.9790244,0.05222827,0.25
2004-06-29 04:00:00,428.75458,37.658916,5.7721367,0.06411052,0.25
2004-06-29 04:30:00,428.52542,37.355007,5.661657,0.05555681,0.25
2004-06-29 05:00:00,429.47366,41.171795,6.1569858,0.07068817,0.25
2004-06-29 05:30:00,431.04468,44.813602,6.323893,0.07650221,0.25
2004-06-29 06:00:00,435.20587,56.83656,6.31572,0.07735507,0.25
2004-06-29 06:30:00,442.10452,71.31922,6.792346,0.08229355,0.25
2004-06-29 07:00:00,453.82077,93.11058,8.359018,0.09053339,0.25
2004-06-29 07:30:00,470.51578,123.255905,8.998572,0.08016907,0.25
2004-06-29 08:00:00,490.08755,158.90717,11.786578,0.09159354,0.25
2004-06-29 08:30:00,509.87607,183.1872,13.336286,0.082096666,0.25
2004-06-29 09:00:00,527.66296,217.72612,16.469543,0.10723556,0.25
2004-06-29 09:30:00,547.92633,239.43504,20.382029,0.0928539,0.25
2004-06-29 10:00:00,567.04803,260.3086,24.811298,0.0757159,0.25
2004-06-29 10:30:00,581.8271,293.04028,29.325996,0.09407856,0.25
2004-06-29 11:00:00,596.1877,315.853,33.23276,0.10427332,0.25
2004-06-29 11:30:00,607.2556,332.83838,36.863457,0.10318126,0.25
2004-06-29 12:00:00,612.71704,355.42917,40.93869,0.13929676,0.25
2004-06-29 12:30:00,621.27203,344.67615,41.490425,0.08570387,0.25
2004-06-29 13:00:00,620.91736,351.49545,43.681717,0.116459675,0.25
2004-06-29 13:30:00,621.8256,336.86258,42.770317,0.097554885,0.25
2004-06-29 14:00:00,619.29126,323.04773,41.397293,0.08741052,0.25
2004-06-29 14:30:00,612.1636,307.52682,39.97917,0.090213835,0.25
2004-06-29 15:00:00,602.247,291.6015,36.61899,0.096122906,0.25
2004-06-29 15:30:00,592.1507,262.8612,33.214035,0.08424054,0.25
2004-06-29 16:00:00,576.3572,246.5176,30.623308,0.110340945,0.25
2004-06-29 16:30:00,563.8736,202.9828,28.036894,0.062247224,0.25
2004-06-29 17:00:00,546.96436,172.1185,28.065676,0.07541843,0.25
2004-06-29 17:30:00,529.69293,140.49547,26.282366,0.062473223,0.25
2004-06-29 18:00:00,511.59662,107.207085,25.19553,0.071880996,0.25
2004-06-29 18:30:00,494.7304,78.06594,23.223171,0.0754118,0.25
2004-06-29 19:00:00,479.02798,54.458702,22.20251,0.09417154,0.25
2004-06-29 19:30:00,466.4062,28.95676,19.924799,0.05872979,0.25
2004-06-29 20:00:00,456.9436,14.747997,17.236097,0.027066117,0.25
2004-06-29 20:30:00,451.10233,8.1815195,16.321594,0.01715666,0.25
2004-06-29 21:00:00,445.5006,1.9477977,15.74981,0.019167082,0.25
2004-06-29 21:30:00,441.1101,0.8030903,15.5942335,0.034788616,0.25
2004-06-29 22:00:00,436.78683,1.7570097,14.426011,0.042484377,0.25
2004-06-29 22:30:00,432.97876,6.9781265,12.846943,0.051060162,0.25
2004-06-29 23:00:00,429.51102,8.388244,10.894002,0.022718195,0.25
2004-06-29 23:30:00,426.56958,7.4231277,10.006958,0.017331554,0.25
2004-06-30 00:00:00,423.3677,11.968716,8.129991,0.013687299,0.25
2004-06-30 00:30:00,418.00894,30.020971,6.9695377,0.03562924,0.25
2004-06-30 01:00:00,414.0553,36.503757,6.1240406,0.062242687,0.25
2004-06-30 01:30:00,412.54254,33.07621,5.4546204,0.04901048,0.25
2004-06-30 02:00:00,410.35843,32.268917,4.780252,0.05093278,0.25
2004-06-30 02:30:00,408.75497,31.872278,3.854379,0.06031416,0.25
2004-06-30 03:00:00,407.00418,26.594921,3.5051188,0.040917568,0.25
2004-06-30 03:30:00,404.9848,26.436378,3.0640213,0.037570912,0.25
2004-06-30 04:00:00,403.63,23.788467,2.3842897,0.034622338,0.25
2004-06-30 04:30:00,402.4099,21.262718,2.9542134,0.021295158,0.25
2004-06-30 05:00:00,404.5926,28.439873,3.8851833,0.026635947,0.25
2004-06-30 05:30:00,411.2577,43.716698,3.8677545,0.031543396,0.25
2004-06-30 06:00:00,423.43463,53.024796,3.932265,0.023112686,0.25
2004-06-30 06:30:00,437.28976,67.314285,4.2475343,0.019843165,0.25
2004-06-30 07:00:00,454.77063,85.85131,5.287428,0.024880392,0.25
2004-06-30 07:30:00,472.58472,106.01965,5.6854773,0.016439486,0.25
2004-06-30 08:00:00,493.88306,131.02003,8.346201,0.017196482,0.25
2004-06-30 08:30:00,514.5986,147.28586,11.359429,0.015887214,0.25
2004-06-30 09:00:00,536.0362,162.6812,13.625618,0.04520575,0.25
2004-06-30 09:30:00,556.8152,184.81927,17.799917,0.054896317,0.25
2004-06-30 10:00:00,575.5483,216.51593,22.91408,0.0748901,0.25
2004-06-30 10:30:00,592.8658,245.17429,28.821657,0.081437595,0.25
2004-06-30 11:00:00,607.3083,267.0675,34.491413,0.08199545,0.25
2004-06-30 11:30:00,620.2399,280.50693,36.779324,0.068788715,0.25
2004-06-30 12:00:00,628.8702,295.4949,39.445786,0.07851641,0.25
2004-06-30 12:30:00,637.0202,294.51865,39.179367,0.05846916,0.25
2004-06-30 13:00:00,636.26074,307.27332,39.94433,0.10100148,0.25
2004-06-30 13:30:00,636.1688,304.50235,39.985962,0.09662515,0.25
2004-06-30 14:00:00,631.6667,300.77576,39.404335,0.11751189,0.25
2004-06-30 14:30:00,624.3402,290.4103,37.656033,0.13226272,0.25
2004-06-30 15:00:00,615.9131,266.16464,34.669666,0.115412965,0.25
2004-06-30 15:30:00,602.4217,252.24098,32.823845,0.15525718,0.25
2004-06-30 16:00:00,585.53217,237.58008,31.28277,0.19413437,0.25
2004-06-30 16:30:00,570.5474,208.20166,28.58723,0.17830715,0.25
2004-06-30 17:00:00,554.5386,176.51419,25.338058,0.17246668,0.25
2004-06-30 17:30:00,536.99475,144.64871,23.106394,0.17767178,0.25
2004-06-30 18:00:00,520.1085,112.234665,19.647589,0.17462166,0.25
2004-06-30 18:30:00,508.56348,93.560265,16.98056,0.1805645,0.25
2004-06-30 19:00:00,492.86688,108.002525,9.906974,0.3015368,0.25
2004-06-30 19:30:00,480.9579,109.14501,8.5859165,0.3330069,0.25
2004-06-30 20:00:00,468.92865,102.59882,9.947299,0.34883842,0.25
2004-06-30 20:30:00,458.78278,80.52638,9.830597,0.24762416,0.25
2004-06-30 21:00:00,452.8295,72.50658,14.989725,0.24907416,0.25
2004-06-30 21:30:00,450.4438,65.37551,13.550191,0.1563016,0.25
2004-06-30 22:00:00,439.46283,65.96096,11.815682,0.22383505,0.25
2004-06-30 22:30:00,434.7705,69.58492,10.184673,0.23219877,0.25
2004-06-30 23:00:00,432.54047,61.88839,8.848638,0.14685142,0.25
2004-06-30 23:30:00,432.77554,67.04789,8.460875,0.17008345,0.25
2004-07-01 00:00:00,428.15564,68.48428,7.959898,0.1888913,0.25
2004-07-01 00:30:00,426.79517,69.115616,6.7948303,0.16289335,0.25
2004-07-01 01:00:00,427.23886,71.39861,5.4786606,0.17587611,0.25
2004-07-01 01:30:00,427.78152,72.94742,4.657557,0.17303675,0.25
2004-07-01 02:00:00,426.71146,71.15463,3.8114264,0.19106461,0.25
2004-07-01 02:30:00,425.43298,69.98631,3.4516206,0.20274796,0.25
2004-07-01 03:00:00,421.9151,72.23478,2.1320505,0.2179344,0.25
2004-07-01 03:30:00,419.40176,69.9473,1.8673934,0.2071926,0.25
2004-07-01 04:00:00,415.7117,60.136917,1.7643389,0.1456861,0.25
2004-07-01 04:30:00,411.0659,50.777245,1.1568713,0.10944164,0.25
2004-07-01 05:00:00,415.5327,60.780506,-6.599865e-15,0.1091497,0.25
2004-07-01 05:30:00,417.43668,60.47573,0.33292443,0.098832965,0.25
2004-07-01 06:00:00,420.84735,68.239716,0.71866584,0.10990429,0.25
2004-07-01 06:30:00,420.75912,69.29066,0.5982881,0.13554013,0.25
2004-07-01 07:00:00,422.4547,72.46788,1.3970555,0.137723,0.25
2004-07-01 07:30:00,424.1739,65.99166,1.9865456,0.08490098,0.25
2004-07-01 08:00:00,433.6697,84.513054,3.2927144,0.07211026,0.25
2004-07-01 08:30:00,447.12128,108.520294,4.2809815,0.07059372,0.25
2004-07-01 09:00:00,461.50177,134.79433,5.9999356,0.08463557,0.25
2004-07-01 09:30:00,483.05997,177.01527,8.672945,0.08247269,0.25
2004-07-01 10:00:00,520.01184,252.34267,14.385621,0.10063651,0.25
2004-07-01 10:30:00,531.07874,247.80045,16.702204,0.06470742,0.25
2004-07-01 11:00:00,521.1349,222.85498,17.032717,0.101548724,0.25
2004-07-01 11:30:00,537.78827,249.06491,20.73379,0.0929978,0.25
2004-07-01 12:00:00,531.6528,237.55972,21.336744,0.1050432,0.25
2004-07-01 12:30:00,546.97644,257.42813,25.343716,0.12761208,0.25
2004-07-01 13:00:00,504.00916,181.36128,16.63801,0.14688532,0.25
2004-07-01 13:30:00,524.1642,209.09978,19.300297,0.105689794,0.25
2004-07-01 14:00:00,517.94604,188.42085,17.685917,0.10007896,0.25
2004-07-01 14:30:00,510.2406,175.46648,16.139624,0.10036284,0.25
2004-07-01 15:00:00,507.5708,162.83899,15.283954,0.10076748,0.25
2004-07-01 15:30:00,488.60156,136.64589,13.401034,0.13398936,0.25
2004-07-01 16:00:00,478.834,110.939674,11.997515,0.13302973,0.25
2004-07-01 16:30:00,474.8795,105.30649,10.317728,0.11164334,0.25
2004-07-01 17:00:00,474.7143,109.135284,10.082388,0.13339658,0.25
2004-07-01 17:30:00,472.40085,103.111435,9.875922,0.13603066,0.25
2004-07-01 18:00:00,463.9164,88.808105,9.04696,0.17130508,0.25
2004-07-01 18:30:00,456.19632,73.58427,8.642394,0.18470699,0.25
2004-07-01 19:00:00,447.98206,62.909767,7.9645324,0.21336116,0.25
2004-07-01 19:30:00,441.3359,49.563915,5.705777,0.16774029,0.25
2004-07-01 20:00:00,435.2498,41.84456,4.545662,0.15850534,0.25
2004-07-01 20:30:00,432.47375,39.039738,4.2394333,0.15156293,0.25
2004-07-01 21:00:00,430.88177,35.599373,4.4887867,0.1406962,0.25
2004-07-01 21:30:00,429.47876,37.02694,7.303699,0.16424371,0.25
2004-07-01 22:00:00,427.25052,36.563255,7.8735237,0.16972487,0.25
2004-07-01 22:30:00,425.22696,40.99385,7.241526,0.20278327,0.25
2004-07-01 23:00:00,423.10394,43.567795,6.5325675,0.20300847,0.25
2004-07-01 23:30:00,419.09402,46.985867,6.500371,0.22708045,0.25
2004-07-02 00:00:00,414.76196,48.351925,6.195239,0.26332974,0.25
2004-07-02 00:30:00,406.08865,40.63352,5.2237186,0.22806938,0.25
2004-07-02 01:00:00,403.20865,37.793682,3.7848969,0.14708881,0.25
2004-07-02 01:30:00,401.15262,38.20863,3.1811674,0.12665658,0.25
2004-07-02 02:00:00,398.74368,39.404243,2.4829907,0.14431642,0.25
2004-07-02 02:30:00,399.29675,38.023415,1.8556416,0.10038824,0.25
2004-07-02 03:00:00,396.09174,35.50093,1.1054143,0.11522287,0.25
2004-07-02 03:30:00,389.96732,28.21988,0.5024095,0.09275207,0.25
2004-07-02 04:00:00,388.1689,22.207582,0.042569544,0.058307204,0.25
2004-07-02 04:30:00,386.3289,21.402872,0.0,0.06302881,0.25
2004-07-02 05:00:00,394.909,37.74367,6.329961e-15,0.07251799,0.25
2004-07-02 05:30:00,396.3451,37.749493,0.0,0.078943305,0.25
2004-07-02 06:00:00,405.2867,55.02786,0.0,0.07060698,0.25
2004-07-02 06:30:00,420.1979,77.42437,0.0,0.069400795,0.25
2004-07-02 07:00:00,426.34665,82.5621,1.7491558,0.099677324,0.25
2004-07-02 07:30:00,449.44925,124.40062,2.385397,0.105466425,0.25
2004-07-02 08:00:00,457.97284,162.5377,5.7522774,0.19350247,0.25
2004-07-02 08:30:00,473.65555,176.11278,7.3960056,0.12567256,0.25
2004-07-02 09:00:00,482.2266,183.29285,9.155651,0.12720007,0.25
2004-07-02 09:30:00,493.1876,197.90887,11.385939,0.12168403,0.25
2004-07-02 10:00:00,487.43283,186.68275,12.678186,0.13824052,0.25
2004-07-02 10:30:00,503.43353,218.53601,16.98287,0.14724591,0.25
2004-07-02 11:00:00,529.51746,268.78137,21.96943,0.14264072,0.25
2004-07-02 11:30:00,523.4759,238.42122,21.672413,0.14273639,0.25
2004-07-02 12:00:00,553.9654,309.29868,28.641678,0.15931109,0.25
2004-07-02 12:30:00,549.6371,283.55908,27.792177,0.1461598,0.25
2004-07-02 13:00:00,573.7527,345.4246,32.57311,0.18803126,0.25
2004-07-02 13:30:00,541.8854,274.36945,26.835733,0.18578894,0.25
2004-07-02 14:00:00,564.50024,329.87704,30.988813,0.22328588,0.25
2004-07-02 14:30:00,546.3897,281.7849,26.93761,0.2222077,0.25
2004-07-02 15:00:00,530.61615,231.04533,22.863298,0.17345059,0.25
2004-07-02 15:30:00,500.58823,182.37868,19.991943,0.23144545,0.25
2004-07-02 16:00:00,511.91437,197.12018,19.485758,0.21028458,0.25
2004-07-02 16:30:00,519.2097,203.33243,19.28037,0.19821186,0.25
2004-07-02 17:00:00,495.6858,146.91606,17.425817,0.18910678,0.25
2004-07-02 17:30:00,481.9237,125.273994,15.839705,0.20070997,0.25
2004-07-02 18:00:00,469.24957,106.90439,14.207892,0.2272603,0.25
2004-07-02 18:30:00,461.87476,86.13797,14.169401,0.23122823,0.25
2004-07-02 19:00:00,447.4227,50.800743,11.462675,0.16052757,0.25
2004-07-02 19:30:00,436.90576,32.300564,9.796927,0.1128482,0.25
2004-07-02 20:00:00,428.68143,23.55489,8.770556,0.11574492,0.25
2004-07-02 20:30:00,424.11124,22.054201,7.7009525,0.10963499,0.25
2004-07-02 21:00:00,418.6163,22.737103,6.362104,0.12799078,0.25
2004-07-02 21:30:00,414.19388,25.72533,5.2789054,0.13906923,0.25
2004-07-02 22:00:00,411.4703,26.607674,4.438195,0.12446692,0.25
2004-07-02 22:30:00,407.5442,21.83727,3.8013127,0.090255834,0.25
2004-07-02 23:00:00,404.3884,22.846104,3.759964,0.105522744,0.25
2004-07-02 23:30:00,402.741,22.492966,3.5963666,0.073193334,0.25
2004-07-03 00:00:00,402.59442,23.96202,3.7011583,0.07544966,0.25
2004-07-03 00:30:00,400.8297,23.440903,3.5383165,0.09431034,0.25
2004-07-03 01:00:00,397.376,17.314983,2.694583,0.07087895,0.25
2004-07-03 01:30:00,395.5503,16.547014,2.3539028,0.076221004,0.25
2004-07-03 02:00:00,394.48898,14.657966,1.9017426,0.05508875,0.25
2004-07-03 02:30:00,392.77838,11.677222,1.449511,0.035007257,0.25
2004-07-03 03:00:00,391.453,12.82182,1.0176984,0.039635025,0.25
2004-07-03 03:30:00,389.03568,10.7412195,0.8095562,0.035763953,0.25
2004-07-03 04:00:00,386.04538,7.2989516,0.52093905,0.028817855,0.25
2004-07-03 04:30:00,384.60538,8.255935,0.25924954,0.03810676,0.25
2004-07-03 05:00:00,386.88147,15.557791,0.28129137,0.03651044,0.25
2004-07-03 05:30:00,392.98135,31.619175,0.4773972,0.05689266,0.25
2004-07-03 06:00:00,403.8555,52.30539,1.0302833,0.06098532,0.25
2004-07-03 06:30:00,417.2511,73.654205,1.6070061,0.05329974,0.25
2004-07-03 07:00:00,433.11826,103.26185,3.0904193,0.06406437,0.25
2004-07-03 07:30:00,449.80905,132.63806,4.071398,0.07051814,0.25
2004-07-03 08:00:00,467.57855,179.2744,6.8071103,0.114511274,0.25
2004-07-03 08:30:00,486.196,203.91232,9.4931,0.09224568,0.25
2004-07-03 09:00:00,503.31067,234.5358,12.647008,0.10048648,0.25
2004-07-03 09:30:00,524.8084,268.4644,15.624735,0.09694058,0.25
2004-07-03 10:00:00,539.02435,287.222,17.678667,0.08458095,0.25
2004-07-03 10:30:00,566.1244,330.15945,22.176962,0.08245695,0.25
2004-07-03 11:00:00,553.7968,301.23053,23.125843,0.09920427,0.25
2004-07-03 11:30:00,578.68585,352.76678,29.146988,0.09975229,0.25
2004-07-03 12:00:00,572.191,348.72757,30.781837,0.13928917,0.25
2004-07-03 12:30:00,590.5248,359.9184,33.481174,0.093588986,0.25
2004-07-03 13:00:00,590.8853,360.09854,33.953415,0.10337041,0.25
2004-07-03 13:30:00,591.0495,353.13333,32.996094,0.10303787,0.25
2004-07-03 14:00:00,585.52075,350.4353,31.370363,0.11797693,0.25
2004-07-03 14:30:00,578.34985,335.8836,28.67422,0.12356249,0.25
2004-07-03 15:00:00,569.0858,317.09573,25.353077,0.11476351,0.25
2004-07-03 15:30:00,558.56445,293.47458,23.150534,0.11915392,0.25
2004-07-03 16:00:00,545.0301,262.40973,21.16733,0.121314675,0.25
2004-07-03 16:30:00,529.7295,236.43013,19.853586,0.1368715,0.25
2004-07-03 17:00:00,515.61444,195.01825,18.647844,0.11519238,0.25
2004-07-03 17:30:00,498.18567,165.54082,17.530376,0.14319652,0.25
2004-07-03 18:00:00,481.30286,126.73284,16.042852,0.12766272,0.25
2004-07-03 18:30:00,465.55273,90.28792,14.811211,0.11358479,0.25
2004-07-03 19:00:00,452.3935,61.85712,13.496989,0.11108653,0.25
2004-07-03 19:30:00,441.59537,42.035744,11.383501,0.09880748,0.25
2004-07-03 20:00:00,433.61566,27.78884,9.495751,0.06674906,0.25
2004-07-03 20:30:00,428.62173,20.32054,8.638135,0.046268646,0.25
2004-07-03 21:00:00,424.0741,11.891371,8.129928,0.038115066,0.25
2004-07-03 21:30:00,420.5794,8.276379,7.643721,0.030407725,0.25
2004-07-03 22:00:00,417.324,4.18886,6.8442097,0.02067262,0.25
2004-07-03 22:30:00,415.2367,-1.0427674,6.4838095,0.013412151,0.25
2004-07-03 23:00:00,411.50638,5.0807567,5.7259226,0.018151347,0.25
2004-07-03 23:30:00,408.87192,8.113184,4.941934,0.023024978,0.25
2004-07-04 00:00:00,406.132,10.219255,4.1763444,0.014700763,0.25
2004-06-27 00:30:00,441.08774,21.772444,5.783007,0.038253333,0.3
2004-06-27 01:00:00,438.4624,23.401642,4.709085,0.05035076,0.3
2004-06-27 01:30:00,435.55823,31.017714,2.9140034,0.10399084,0.3
2004-06-27 02:00:00,431.49255,44.6086,0.8700628,0.12730174,0.3
2004-06-27 02:30:00,428.1119,49.602436,0.91184235,0.116093144,0.3
2004-06-27 03:00:00,425.4366,46.18585,0.70210266,0.099286,0.3
2004-06-27 03:30:00,423.37067,44.39394,0.50817305,0.09749498,0.3
2004-06-27 04:00:00,421.04147,43.625706,0.3355738,0.09187999,0.3
2004-06-27 04:30:00,419.98157,42.283962,0.18087824,0.0822412,0.3
2004-06-27 05:00:00,420.70447,48.413338,0.11965057,0.09614834,0.3
2004-06-27 05:30:00,425.72623,52.109398,0.43673244,0.07260891,0.3
2004-06-27 06:00:00,434.07135,66.643005,1.1554217,0.06869148,0.3
2004-06-27 06:30:00,445.23846,86.258705,2.0783277,0.080375046,0.3
2004-06-27 07:00:00,460.18365,105.02662,3.6654546,0.063558444,0.3
2004-06-27 07:30:00,471.6357,126.08944,5.0775433,0.08393587,0.3
2004-06-27 08:00:00,497.93042,163.19641,7.9282475,0.057628047,0.3
2004-06-27 08:30:00,513.60834,191.84631,10.16035,0.07022578,0.3
2004-06-27 09:00:00,532.2751,217.51108,12.361809,0.06572464,0.3
2004-06-27 09:30:00,550.7711,240.41179,14.817589,0.0642657,0.3
2004-06-27 10:00:00,570.1918,260.3204,18.082083,0.05065057,0.3
2004-06-27 10:30:00,585.5897,285.69492,22.451582,0.060375497,0.3
2004-06-27 11:00:00,602.93225,294.496,26.466154,0.045112528,0.3
2004-06-27 11:30:00,613.5832,313.74655,30.414543,0.059441194,0.3
2004-06-27 12:00:00,623.08826,325.2465,33.911423,0.076247685,0.3
2004-06-27 12:30:00,627.45386,333.53418,36.164978,0.094556585,0.3
2004-06-27 13:00:00,631.2889,332.18683,36.137627,0.08402365,0.3
2004-06-27 13:30:00,629.83777,330.97437,35.567226,0.10352196,0.3
2004-06-27 14:00:00,628.5915,317.29013,33.02359,0.081498206,0.3
2004-06-27 14:30:00,619.8894,307.87674,30.964273,0.10464817,0.3
2004-06-27 15:00:00,610.7629,289.59775,27.932749,0.10521607,0.3
2004-06-27 15:30:00,602.2557,257.59125,24.461748,0.0769615,0.3
2004-06-27 16:00:00,586.53827,242.96057,22.301702,0.11649268,0.3
2004-06-27 16:30:00,571.03925,216.00215,20.608011,0.13200857,0.3
2004-06-27 17:00:00,552.01624,187.63148,18.743477,0.16188116,0.3
2004-06-27 17:30:00,535.57745,155.38972,16.90135,0.1602618,0.3
2004-06-27 18:00:00,515.6978,121.65499,15.526942,0.18301171,0.3
2004-06-27 18:30:00,507.39062,105.41393,15.205159,0.1811049,0.3
2004-06-27 19:00:00,494.40173,88.530136,14.029086,0.22347452,0.3
2004-06-27 19:30:00,481.6065,66.01068,12.593737,0.20442308,0.3
2004-06-27 20:00:00,472.2143,51.828094,11.196278,0.17048007,0.3
2004-06-27 20:30:00,465.955,44.93978,10.291683,0.11912818,0.3
2004-06-27 21:00:00,459.69614,43.022564,9.926603,0.14763276,0.3
2004-06-27 21:30:00,455.49377,41.972763,9.01468,0.1629737,0.3
2004-06-27 22:00:00,451.75287,39.70541,7.5641427,0.14012522,0.3
2004-06-27 22:30:00,449.31146,35.254463,6.528022,0.0922409,0.3
2004-06-27 23:00:00,447.4933,34.632763,5.8405523,0.0808845,0.3
2004-06-27 23:30:00,444.32394,32.62637,5.1213145,0.07274944,0.3
2004-06-28 00:00:00,442.08762,32.82613,4.487034,0.057976708,0.3
2004-06-28 00:30:00,444.94586,39.36885,4.631728,0.058548667,0.3
2004-06-28 01:00:00,446.5364,38.736202,4.4270835,0.06631544,0.3
2004-06-28 01:30:00,444.9025,36.791252,4.4489346,0.08028304,0.3
2004-06-28 02:00:00,443.3046,33.939297,4.0553904,0.06597836,0.3
2004-06-28 02:30:00,441.99124,33.35281,3.6673198,0.06682632,0.3
2004-06-28 03:00:00,440.0821,34.96996,2.9355743,0.06585989,0.3
2004-06-28 03:30:00,440.76224,34.47115,2.9338045,0.0521331,0.3
2004-06-28 04:00:00,440.0478,35.917923,2.778754,0.06724874,0.3
2004-06-28 04:30:00,438.70364,42.13732,3.4535627,0.103776745,0.3
2004-06-28 05:00:00,438.84537,47.146126,3.8857577,0.103896916,0.3
2004-06-28 05:30:00,437.75488,46.030952,3.9898536,0.09666618,0.3
2004-06-28 06:00:00,437.9728,52.066708,4.013912,0.09092724,0.3
2004-06-28 06:30:00,443.03302,80.88798,3.5691729,0.103976764,0.3
2004-06-28 07:00:00,453.89258,95.383705,5.0146656,0.09871306,0.3
2004-06-28 07:30:00,458.96106,110.865,5.920978,0.12898108,0.3
2004-06-28 08:00:00,471.31735,125.64289,7.633658,0.10303307,0.3
2004-06-28 08:30:00,484.5724,151.69263,8.488055,0.10329645,0.3
2004-06-28 09:00:00,505.6732,179.09258,10.00934,0.0772033,0.3
2004-06-28 09:30:00,534.2247,219.64175,13.390662,0.08071168,0.3
2004-06-28 10:00:00,558.8209,265.9867,18.23572,0.10085008,0.3
2004-06-28 10:30:00,580.28345,319.29794,24.010048,0.14048584,0.3
2004-06-28 11:00:00,584.87555,318.73172,26.678154,0.14465117,0.3
2004-06-28 11:30:00,601.4725,340.4074,31.943436,0.1435807,0.3
2004-06-28 12:00:00,609.98285,344.36597,35.3836,0.13381368,0.3
2004-06-28 12:30:00,618.28326,342.69012,37.582363,0.12140918,0.3
2004-06-28 13:00:00,619.7147,346.05298,37.807274,0.14416896,0.3
2004-06-28 13:30:00,619.8996,337.7027,36.24305,0.1327608,0.3
2004-06-28 14:00:00,602.5264,374.1463,37.08675,0.16093414,0.3
2004-06-28 14:30:00,600.3526,313.99033,30.578999,0.16281368,0.3
2004-06-28 15:00:00,592.66595,292.23425,26.590734,0.1327469,0.3
2004-06-28 15:30:00,585.53625,290.89108,25.530308,0.16153082,0.3
2004-06-28 16:00:00,567.3952,272.45627,23.743486,0.21072209,0.3
2004-06-28 16:30:00,555.42944,237.20912,21.563122,0.18536468,0.3
2004-06-28 17:00:00,539.44653,213.62175,21.077496,0.22826612,0.3
2004-06-28 17:30:00,521.91693,181.31314,19.74539,0.23644741,0.3
2004-06-28 18:00:00,501.73807,155.15788,18.57451,0.2828452,0.3
2004-06-28 18:30:00,484.88013,119.24336,16.830595,0.22387838,0.3
2004-06-28 19:00:00,474.95212,102.7868,16.390495,0.21636711,0.3
2004-06-28 19:30:00,464.00354,85.443405,15.323722,0.2127525,0.3
2004-06-28 20:00:00,453.76532,75.024155,14.683125,0.20207903,0.3
2004-06-28 20:30:00,452.6072,68.728,13.810568,0.12223077,0.3
2004-06-28 21:00:00,447.44113,62.688942,13.225975,0.14160791,0.3
2004-06-28 21:30:00,444.02557,52.331207,12.744066,0.105581105,0.3
2004-06-28 22:00:00,440.93185,44.324516,12.669915,0.08684371,0.3
2004-06-28 22:30:00,435.89783,37.500507,11.377568,0.072402395,0.3
2004-06-28 23:00:00,433.2591,37.89211,10.918304,0.07658349,0.3
2004-06-28 23:30:00,432.38245,37.10774,10.165602,0.05948556,0.3
2004-06-29 00:00:00,432.70648,38.07105,9.92072,0.057563923,0.3
2004-06-29 00:30:00,435.57123,38.389793,9.849904,0.06924409,0.3
2004-06-29 01:00:00,434.81427,38.069775,9.185558,0.07835486,0.3
2004-06-29 01:30:00,433.55597,41.994473,8.707588,0.091002144,0.3
2004-06-29 02:00:00,432.4903,44.0911,8.059217,0.102678075,0.3
2004-06-29 02:30:00,430.43552,37.96959,7.1982093,0.06825003,0.3
2004-06-29 03:00:00,429.8258,35.537136,6.3377724,0.053408623,0.3
2004-06-29 03:30:00,429.7495,35.248493,5.898225,0.052046623,0.3
2004-06-29 04:00:00,428.62094,37.038002,5.6976075,0.06392118,0.3
2004-06-29 04:30:00,428.3946,36.769302,5.59132,0.05539205,0.3
2004-06-29 05:00:00,429.34943,40.59584,6.089284,0.070500225,0.3
2004-06-29 05:30:00,430.92416,44.25112,6.2584987,0.07631741,0.3
2004-06-29 06:00:00,435.03687,56.161438,6.2178445,0.07718836,0.3
2004-06-29 06:30:00,441.9569,70.65384,6.693916,0.08211399,0.3
2004-06-29 07:00:00,453.56985,92.17686,8.185363,0.09035551,0.3
2004-06-29 07:30:00,470.29688,122.3239,8.81885,0.079988286,0.3
2004-06-29 08:00:00,489.65518,157.41364,11.444709,0.09142209,0.3
2004-06-29 08:30:00,509.50586,181.65594,12.9726095,0.0819027,0.3
2004-06-29 09:00:00,527.3379,216.17784,16.109367,0.107016146,0.3
2004-06-29 09:30:00,547.558,237.82716,20.007927,0.09268246,0.3
2004-06-29 10:00:00,566.72217,258.80063,24.468424,0.075585954,0.3
2004-06-29 10:30:00,581.47906,291.48438,28.965801,0.09394689,0.3
2004-06-29 11:00:00,595.8379,314.28937,32.833397,0.10413966,0.3
2004-06-29 11:30:00,606.8993,331.2717,36.455856,0.10305971,0.3
2004-06-29 12:00:00,612.3691,353.8241,40.522655,0.13914879,0.3
2004-06-29 12:30:00,620.90424,343.12042,41.081837,0.08560769,0.3
2004-06-29 13:00:00,620.62683,350.02826,43.323265,0.11633946,0.3
2004-06-29 13:30:00,621.50446,335.4167,42.421284,0.097456194,0.3
2004-06-29 14:00:00,618.913,321.5065,41.015194,0.08731987,0.3
2004-06-29 14:30:00,611.81586,305.98175,39.60788,0.09011384,0.3
2004-06-29 15:00:00,601.9022,290.03592,36.253033,0.096014164,0.3
2004-06-29 15:30:00,591.79865,261.2926,32.876053,0.08413527,0.3
2004-06-29 16:00:00,576.0753,245.03673,30.32611,0.110203445,0.3
2004-06-29 16:30:00,563.5534,201.55026,27.746191,0.06215457,0.3
2004-06-29 17:00:00,546.5955,170.57945,27.739643,0.07530206,0.3
2004-06-29 17:30:00,529.3423,138.97757,25.961815,0.062354982,0.3
2004-06-29 18:00:00,511.3051,105.79843,24.911419,0.071726315,0.3
2004-06-29 18:30:00,494.415,76.659004,22.937216,0.07522907,0.3
2004-06-29 19:00:00,478.71826,53.046917,21.918953,0.09391305,0.3
2004-06-29 19:30:00,466.07785,27.625376,19.663248,0.05849667,0.3
2004-06-29 20:00:00,456.6016,13.501376,16.997948,0.026901025,0.3
2004-06-29 20:30:00,450.7543,6.988353,16.084375,0.016993333,0.3
2004-06-29 21:00:00,445.14645,0.78974694,15.508246,0.018939547,0.3
2004-06-29 21:30:00,440.7602,-0.39306638,15.346794,0.034354243,0.3
2004-06-29 22:00:00,436.4921,0.63732415,14.212083,0.041986857,0.3
2004-06-29 22:30:00,432.6697,5.796833,12.63547,0.05058873,0.3
2004-06-29 23:00:00,429.18982,7.280921,10.693905,0.022477021,0.3
2004-06-29 23:30:00,426.25174,6.3507333,9.80957,0.017116109,0.3
2004-06-30 00:00:00,423.05646,10.864295,7.9356475,0.013528439,0.3
2004-06-30 00:30:00,417.71814,28.819279,6.775054,0.03542542,0.3
2004-06-30 01:00:00,413.88177,35.49148,5.995595,0.06194859,0.3
2004-06-30 01:30:00,412.32495,32.09936,5.3305306,0.048776872,0.3
2004-06-30 02:00:00,410.1512,31.337616,4.666777,0.050698664,0.3
2004-06-30 02:30:00,408.5562,30.9647,3.7446911,0.060049653,0.3
2004-06-30 03:00:00,406.85672,25.868488,3.433877,0.040709943,0.3
2004-06-30 03:30:00,404.8251,25.733145,2.9974225,0.037400067,0.3
2004-06-30 04:00:00,403.47562,23.128952,2.324362,0.03445686,0.3
2004-06-30 04:30:00,402.25858,20.649845,2.898888,0.021183707,0.3
2004-06-30 05:00:00,404.44727,27.843391,3.8324907,0.026503239,0.3
2004-06-30 05:30:00,411.11758,43.12255,3.817038,0.031407867,0.3
2004-06-30 06:00:00,423.24118,52.34012,3.8528688,0.0230038,0.3
2004-06-30 06:30:00,437.13742,66.52775,4.1688647,0.019744027,0.3
2004-06-30 07:00:00,454.47513,85.046036,5.1388354,0.024904128,0.3
2004-06-30 07:30:00,472.34567,105.08673,5.5294065,0.016386362,0.3
2004-06-30 08:00:00,493.4355,129.42307,8.04068,0.017237583,0.3
2004-06-30 08:30:00,514.22546,145.6148,11.031244,0.01596136,0.3
2004-06-30 09:00:00,535.68396,161.16551,13.286394,0.045063354,0.3
2004-06-30 09:30:00,556.4282,183.21973,17.441986,0.05474816,0.3
2004-06-30 10:00:00,575.21204,214.96568,22.557808,0.07472212,0.3
2004-06-30 10:30:00,592.4961,243.58319,28.45594,0.08128974,0.3
2004-06-30 11:00:00,606.9331,265.46866,34.122253,0.08186369,0.3
2004-06-30 11:30:00,619.8583,278.91528,36.40305,0.068682976,0.3
2004-06-30 12:00:00,628.49084,293.89124,39.061665,0.07840674,0.3
2004-06-30 12:30:00,636.6353,292.92175,38.793625,0.058383144,0.3
2004-06-30 13:00:00,635.95233,305.76114,39.601814,0.10087679,0.3
2004-06-30 13:30:00,635.8311,302.99976,39.65182,0.09651365,0.3
2004-06-30 14:00:00,631.2786,299.15012,39.030342,0.11738201,0.3
2004-06-30 14:30:00,623.9818,288.77377,37.28844,0.13210876,0.3
2004-06-30 15:00:00,615.5494,264.53824,34.310665,0.11527001,0.3
2004-06-30 15:30:00,602.07227,250.56448,32.46517,0.15506347,0.3
2004-06-30 16:00:00,585.2469,235.98366,30.972391,0.19390061,0.3
2004-06-30 16:30:00,570.2335,206.62813,28.283932,0.17808491,0.3
2004-06-30 17:00:00,554.1715,174.84373,24.997051,0.17223366,0.3
2004-06-30 17:30:00,536.65295,142.98566,22.770817,0.17739615,0.3
2004-06-30 18:00:00,519.81964,110.69969,19.361996,0.17431056,0.3
2004-06-30 18:30:00,508.2559,92.0215,16.692142,0.18022458,0.3
2004-06-30 19:00:00,492.58817,106.364,9.60666,0.3010894,0.3
2004-06-30 19:30:00,480.6795,107.49595,8.278509,0.33253762,0.3
2004-06-30 20:00:00,468.65234,100.95104,9.660936,0.34834826,0.3
2004-06-30 20:30:00,458.4924,78.97549,9.556363,0.2471837,0.3
2004-06-30 21:00:00,452.54608,70.966774,14.726385,0.24858463,0.3
2004-06-30 21:30:00,450.14203,63.929607,13.293062,0.15589994,0.3
2004-06-30 22:00:00,439.2368,64.576485,11.596803,0.22335507,0.3
2004-06-30 22:30:00,434.52234,68.18919,9.964787,0.23172987,0.3
2004-06-30 23:00:00,432.27847,60.59415,8.640835,0.14647596,0.3
2004-06-30 23:30:00,432.52585,65.74685,8.253429,0.16965693,0.3
2004-07-01 00:00:00,427.9103,67.16555,7.754081,0.18846697,0.3
2004-07-01 00:30:00,426.54547,67.828125,6.592396,0.16250168,0.3
2004-07-01 01:00:00,427.09534,70.376396,5.3497353,0.17545517,0.3
2004-07-01 01:30:00,427.60138,71.93191,4.5309653,0.17268196,0.3
2004-07-01 02:00:00,426.53952,70.17265,3.694162,0.19070631,0.3
2004-07-01 02:30:00,425.26663,69.03333,3.3388994,0.20239237,0.3
2004-07-01 03:00:00,421.8036,71.43617,2.0603209,0.21759579,0.3
2004-07-01 03:30:00,419.27487,69.18085,1.8000746,0.20690347,0.3
2004-07-01 04:00:00,415.5852,59.44538,1.7051414,0.14545932,0.3
2004-07-01 04:30:00,410.9426,50.141254,1.1020489,0.10925117,0.3
2004-07-01 05:00:00,415.40707,60.15218,0.0,0.10895499,0.3
2004-07-01 05:30:00,417.32178,59.889385,0.28112152,0.0986525,0.3
2004-07-01 06:00:00,420.68295,67.52753,0.6319578,0.109722026,0.3
2004-07-01 06:30:00,420.61832,68.575066,0.51303613,0.13532257,0.3
2004-07-01 07:00:00,422.21405,71.48358,1.2402279,0.1375013,0.3
2004-07-01 07:30:00,423.95752,65.05586,1.8312212,0.08469027,0.3
2004-07-01 08:00:00,433.2397,83.05374,2.9924526,0.07190604,0.3
2004-07-01 08:30:00,446.75674,107.021996,3.9617116,0.07033205,0.3
2004-07-01 09:00:00,461.17783,133.2784,5.685352,0.08435685,0.3
2004-07-01 09:30:00,482.69797,175.4034,8.341205,0.08223287,0.3
2004-07-01 10:00:00,519.6917,250.77696,14.065807,0.10039676,0.3
2004-07-01 10:30:00,530.72833,246.21806,16.383642,0.064593434,0.3
2004-07-01 11:00:00,520.80414,221.24748,16.69904,0.101391956,0.3
2004-07-01 11:30:00,537.43494,247.46744,20.404644,0.09284512,0.3
2004-07-01 12:00:00,531.31226,235.94121,20.99301,0.1048862,0.3
2004-07-01 12:30:00,546.6293,255.78714,24.987803,0.12740852,0.3
2004-07-01 13:00:00,503.74783,179.80237,16.35233,0.14668642,0.3
2004-07-01 13:30:00,523.84357,207.60826,19.018545,0.10550915,0.3
2004-07-01 14:00:00,517.58093,186.82155,17.372517,0.09991279,0.3
2004-07-01 14:30:00,509.90112,173.86858,15.830795,0.10018639,0.3
2004-07-01 15:00:00,507.22778,161.23172,14.9719,0.10056781,0.3
2004-07-01 15:30:00,488.2724,134.98213,13.089828,0.13374528,0.3
2004-07-01 16:00:00,478.55194,109.408005,11.725774,0.13274086,0.3
2004-07-01 16:30:00,474.56927,103.80482,10.0474825,0.111374505,0.3
2004-07-01 17:00:00,474.35834,107.49408,9.773706,0.13307172,0.3
2004-07-01 17:30:00,472.0628,101.474335,9.567866,0.13567463,0.3
2004-07-01 18:00:00,463.63956,87.24714,8.773186,0.17088482,0.3
2004-07-01 18:30:00,455.89865,72.00874,8.368694,0.18425056,0.3
2004-07-01 19:00:00,447.6915,61.32607,7.694809,0.21283591,0.3
2004-07-01 19:30:00,441.03455,48.047604,5.441794,0.16724128,0.3
2004-07-01 20:00:00,434.9506,40.354233,4.285845,0.15797792,0.3
2004-07-01 20:30:00,432.1728,37.568302,3.9816084,0.15099378,0.3
2004-07-01 21:00:00,430.57745,34.149494,4.233759,0.1400983,0.3
2004-07-01 21:30:00,429.18097,35.545677,7.0517316,0.16358227,0.3
2004-07-01 22:00:00,427.00436,35.210106,7.661304,0.16905905,0.3
2004-07-01 22:30:00,424.96964,39.60086,7.029,0.2021214,0.3
2004-07-01 23:00:00,422.84808,42.19142,6.3265467,0.2023822,0.3
2004-07-01 23:30:00,418.84692,45.600643,6.298433,0.22646818,0.3
2004-07-02 00:00:00,414.52213,46.95082,5.9955397,0.262696,0.3
2004-07-02 00:30:00,405.84613,39.27235,5.0308437,0.22750527,0.3
2004-07-02 01:00:00,403.0553,36.791847,3.666713,0.1466121,0.3
2004-07-02 01:30:00,400.96725,37.23015,3.0669172,0.12626721,0.3
2004-07-02 02:00:00,398.5681,38.449852,2.3768063,0.14391468,0.3
2004-07-02 02:30:00,399.11743,37.142204,1.7550757,0.10005759,0.3
2004-07-02 03:00:00,395.9713,34.759968,1.0397075,0.11487886,0.3
2004-07-02 03:30:00,389.82947,27.512169,0.44111505,0.09249052,0.3
2004-07-02 04:00:00,388.03104,21.575935,-0.011693455,0.058087807,0.3
2004-07-02 04:30:00,386.1921,20.780128,-6.2005967e-15,0.062793285,0.3
2004-07-02 05:00:00,394.77737,37.134853,0.0,0.07223141,0.3
2004-07-02 05:30:00,396.21747,37.14472,0.0,0.07868887,0.3
2004-07-02 06:00:00,405.10593,54.305473,0.0,0.07037638,0.3
2004-07-02 06:30:00,420.03766,76.7116,0.0,0.06917844,0.3
2004-07-02 07:00:00,426.10117,81.57244,1.5916498,0.0994599,0.3
2004-07-02 07:30:00,449.46317,124.00968,0.18217212,0.105181195,0.3
2004-07-02 08:00:00,457.44858,160.76439,5.6052938,0.19335759,0.3
2004-07-02 08:30:00,473.29855,174.52245,7.327338,0.12543172,0.3
2004-07-02 09:00:00,481.89832,181.68224,9.019014,0.12694827,0.3
2004-07-02 09:30:00,492.8277,196.21573,11.226617,0.121444605,0.3
2004-07-02 10:00:00,487.1291,185.04637,12.535396,0.13799298,0.3
2004-07-02 10:30:00,503.0935,216.85715,16.819973,0.1469805,0.3
2004-07-02 11:00:00,529.16223,267.09485,21.790674,0.14239977,0.3
2004-07-02 11:30:00,523.1314,236.71718,21.490593,0.14251956,0.3
2004-07-02 12:00:00,553.6028,307.57767,28.436947,0.1590805,0.3
2004-07-02 12:30:00,549.3021,281.88263,27.427015,0.14595942,0.3
2004-07-02 13:00:00,573.46234,343.83548,32.23659,0.18780702,0.3
2004-07-02 13:30:00,541.5924,272.77704,26.538311,0.18559775,0.3
2004-07-02 14:00:00,564.13916,328.13626,30.699203,0.22304979,0.3
2004-07-02 14:30:00,546.0704,280.06564,26.607801,0.22197525,0.3
2004-07-02 15:00:00,530.2704,229.32782,22.6701,0.17324309,0.3
2004-07-02 15:30:00,500.27307,180.59956,19.8002,0.23116253,0.3
2004-07-02 16:00:00,511.63174,195.49739,19.31229,0.20995468,0.3
2004-07-02 16:30:00,518.9039,201.71944,19.100128,0.19790702,0.3
2004-07-02 17:00:00,495.33466,145.19241,17.2089,0.18882976,0.3
2004-07-02 17:30:00,481.59793,123.54946,15.61976,0.20036879,0.3
2004-07-02 18:00:00,468.97736,105.278496,14.017365,0.22684044,0.3
2004-07-02 18:30:00,461.5799,84.513824,13.975451,0.23075943,0.3
2004-07-02 19:00:00,447.11624,49.2717,11.272898,0.16011538,0.3
2004-07-02 19:30:00,436.59323,30.853592,9.610223,0.112453215,0.3
2004-07-02 20:00:00,428.37268,22.116625,8.582504,0.11526744,0.3
2004-07-02 20:30:00,423.7997,20.633791,7.512331,0.10910098,0.3
2004-07-02 21:00:00,418.3103,21.281557,6.17182,0.12739998,0.3
2004-07-02 21:30:00,413.8894,24.24524,5.088005,0.13845055,0.3
2004-07-02 22:00:00,411.21228,25.276508,4.2825584,0.1238666,0.3
2004-07-02 22:30:00,407.26056,20.554403,3.6489134,0.089763105,0.3
2004-07-02 23:00:00,404.115,21.556032,3.6113083,0.10497246,0.3
2004-07-02 23:30:00,402.45825,21.262463,3.4510794,0.07274328,0.3
2004-07-03 00:00:00,402.3161,22.73936,3.5569086,0.07496314,0.3
2004-07-03 00:30:00,400.5577,22.190237,3.3933792,0.09375655,0.3
2004-07-03 01:00:00,397.19907,16.359587,2.6140566,0.07040072,0.3
2004-07-03 01:30:00,395.34164,15.583625,2.275666,0.0757527,0.3
2004-07-03 02:00:00,394.27975,13.768535,1.832142,0.054693505,0.3
2004-07-03 02:30:00,392.56967,10.856739,1.3840928,0.034702502,0.3
2004-07-03 03:00:00,391.30365,12.129037,0.98384607,0.039315812,0.3
2004-07-03 03:30:00,388.87057,10.062307,0.7788306,0.035498317,0.3
2004-07-03 04:00:00,385.88422,6.6681733,0.49585894,0.02858325,0.3
2004-07-03 04:30:00,384.45187,7.63735,0.23741765,0.037812967,0.3
2004-07-03 05:00:00,386.73026,14.958988,0.26188675,0.036217492,0.3
2004-07-03 05:30:00,392.8393,30.997663,0.46081412,0.05656269,0.3
2004-07-03 06:00:00,403.66617,51.55428,0.9874697,0.06071521,0.3
2004-07-03 06:30:00,417.0817,72.91622,1.5638915,0.053099047,0.3
2004-07-03 07:00:00,432.84964,102.24249,2.9855583,0.063892946,0.3
2004-07-03 07:30:00,449.57712,131.59444,3.959127,0.0703405,0.3
2004-07-03 08:00:00,467.14532,177.61961,6.55213,0.11431342,0.3
2004-07-03 08:30:00,485.81824,202.23726,9.221704,0.092042096,0.3
2004-07-03 09:00:00,502.97375,232.86897,12.381465,0.10028527,0.3
2004-07-03 09:30:00,524.434,266.7261,15.341166,0.09676958,0.3
2004-07-03 10:00:00,538.6941,285.57938,17.418331,0.08444545,0.3
2004-07-03 10:30:00,565.7592,328.49655,21.89806,0.08233747,0.3
2004-07-03 11:00:00,553.45624,299.5604,22.780943,0.09907983,0.3
2004-07-03 11:30:00,578.32153,351.10306,28.783651,0.09962709,0.3
2004-07-03 12:00:00,571.84467,347.0167,30.41925,0.13913578,0.3
2004-07-03 12:30:00,590.1518,358.26202,33.115814,0.09347847,0.3
2004-07-03 13:00:00,590.58563,358.54776,33.636124,0.10325694,0.3
2004-07-03 13:30:00,590.7278,351.5902,32.685577,0.102931686,0.3
2004-07-03 14:00:00,585.1492,348.77225,31.025885,0.1178616,0.3
2004-07-03 14:30:00,578.00604,334.21765,28.337572,0.12343363,0.3
2004-07-03 15:00:00,568.7413,315.42615,25.024141,0.114638634,0.3
2004-07-03 15:30:00,558.2223,291.79364,22.826855,0.119016506,0.3
2004-07-03 16:00:00,544.7458,260.84616,20.88893,0.12116428,0.3
2004-07-03 16:30:00,529.41907,234.83429,19.631653,0.13670152,0.3
2004-07-03 17:00:00,515.2468,193.34581,18.392843,0.11502795,0.3
2004-07-03 17:30:00,497.85095,163.84386,17.270702,0.14297119,0.3
2004-07-03 18:00:00,481.01462,125.17665,15.8176775,0.12742433,0.3
2004-07-03 18:30:00,465.24103,88.75673,14.586039,0.1133367,0.3
2004-07-03 19:00:00,452.08295,60.354492,13.274555,0.110788204,0.3
2004-07-03 19:30:00,441.28076,40.571133,11.161868,0.09847516,0.3
2004-07-03 20:00:00,433.289,26.39815,9.278064,0.06643935,0.3
2004-07-03 20:30:00,428.2867,18.993172,8.423059,0.04596904,0.3
2004-07-03 21:00:00,423.73294,10.604605,7.914892,0.037781943,0.3
2004-07-03 21:30:00,420.2302,7.023872,7.4287486,0.030064458,0.3
2004-07-03 22:00:00,417.0195,3.0986805,6.660559,0.02035975,0.3
2004-07-03 22:30:00,414.8989,-2.0462863,6.298285,0.013070376,0.3
2004-07-03 23:00:00,411.1854,3.9777408,5.5490527,0.017884148,0.3
2004-07-03 23:30:00,408.55353,6.978077,4.7662554,0.022725562,0.3
2004-07-04 00:00:00,405.8137,9.083953,4.005162,0.014507862,0.3
2004-06-27 00:30:00,442.40805,24.584997,6.727135,0.03826188,traffic
2004-06-27 01:00:00,438.6643,24.759968,5.201903,0.0508694,traffic
2004-06-27 01:30:00,436.02808,32.97694,3.5426602,0.104631856,traffic
2004-06-27 02:00:00,431.98187,46.78914,1.4909192,0.12795042,traffic
2004-06-27 02:30:00,428.61502,51.86642,1.5357188,0.116709486,traffic
2004-06-27 03:00:00,425.65524,47.74796,1.0765886,0.09989662,traffic
2004-06-27 03:30:00,423.70566,46.02043,0.8847409,0.09800837,traffic
2004-06-27 04:00:00,421.3753,45.201313,0.6864684,0.09235429,traffic
2004-06-27 04:30:00,420.31403,43.80622,0.5225062,0.08269064,traffic
2004-06-27 05:00:00,421.03162,49.946598,0.45904982,0.096640706,traffic
2004-06-27 05:30:00,426.06488,53.584873,0.7695833,0.073044024,traffic
2004-06-27 06:00:00,434.71933,68.85049,1.7183503,0.069088496,traffic
2004-06-27 06:30:00,445.77316,88.50451,2.6599634,0.080896474,traffic
2004-06-27 07:00:00,461.37878,108.82133,4.744544,0.06398703,traffic
2004-06-27 07:30:00,472.6051,130.09676,6.2197022,0.08456969,traffic
2004-06-27 08:00:00,500.27625,170.30182,10.116169,0.058105703,traffic
2004-06-27 08:30:00,515.51715,199.43864,12.50701,0.070934355,traffic
2004-06-27 09:00:00,533.9902,225.07065,14.646144,0.06637704,traffic
2004-06-27 09:30:00,552.7065,248.4725,17.217005,0.06484978,traffic
2004-06-27 10:00:00,571.86597,267.9817,20.287464,0.05112217,traffic
2004-06-27 10:30:00,587.4335,293.57788,24.75312,0.06084566,traffic
2004-06-27 11:00:00,604.829,302.49435,28.798988,0.04547791,traffic
2004-06-27 11:30:00,615.4737,321.77927,32.922104,0.059865296,traffic
2004-06-27 12:00:00,624.9976,333.3348,36.55908,0.07674001,traffic
2004-06-27 12:30:00,629.3713,341.75742,38.83371,0.09511729,traffic
2004-06-27 13:00:00,632.8739,339.7425,38.455044,0.08452899,traffic
2004-06-27 13:30:00,631.52966,338.60687,37.856945,0.104074694,traffic
2004-06-27 14:00:00,630.67865,325.47083,35.54769,0.08195572,traffic
2004-06-27 14:30:00,621.76306,316.19107,33.46467,0.105245754,traffic
2004-06-27 15:00:00,612.6628,298.04068,30.338005,0.10584339,traffic
2004-06-27 15:30:00,604.2146,265.9852,26.739237,0.07749388,traffic
2004-06-27 16:00:00,588.06116,250.92224,24.273726,0.11727804,traffic
2004-06-27 16:30:00,572.712,224.0671,22.570272,0.13291217,traffic
2004-06-27 17:00:00,553.98663,196.52534,20.985464,0.16299036,traffic
2004-06-27 17:30:00,537.4335,164.23547,19.122902,0.16156237,traffic
2004-06-27 18:00:00,517.1928,129.92294,17.466751,0.18462054,traffic
2004-06-27 18:30:00,509.04306,113.662704,17.1492,0.18288499,traffic
2004-06-27 19:00:00,495.99304,96.914024,15.964214,0.22562873,traffic
2004-06-27 19:30:00,483.2302,74.231575,14.490801,0.20664598,traffic
2004-06-27 20:00:00,473.87018,59.7951,13.048139,0.17273115,traffic
2004-06-27 20:30:00,467.6703,52.552513,12.086093,0.12113521,traffic
2004-06-27 21:00:00,461.3437,50.829834,11.730677,0.15008797,traffic
2004-06-27 21:30:00,457.14252,49.897125,10.829737,0.16573255,traffic
2004-06-27 22:00:00,453.1243,46.741352,9.085656,0.142745,traffic
2004-06-27 22:30:00,450.85797,41.9707,8.004489,0.09427868,traffic
2004-06-27 23:00:00,449.0237,41.17788,7.2771235,0.08282178,traffic
2004-06-27 23:30:00,445.85138,39.074387,6.537882,0.074559316,traffic
2004-06-28 00:00:00,443.63373,39.1391,5.8772645,0.05952539,traffic
2004-06-28 00:30:00,446.4824,45.68211,6.0205765,0.06017136,traffic
2004-06-28 01:00:00,447.41492,43.661278,5.3257337,0.06813071,traffic
2004-06-28 01:30:00,445.98914,41.844475,5.3401546,0.081996754,traffic
2004-06-28 02:00:00,444.38242,38.677647,4.8732276,0.06741752,traffic
2004-06-28 02:30:00,443.02954,37.915127,4.4562187,0.06824137,traffic
2004-06-28 03:00:00,440.7778,38.697765,3.4576213,0.06714636,traffic
2004-06-28 03:30:00,441.56543,38.008904,3.4290924,0.05313951,traffic
2004-06-28 04:00:00,440.7953,39.349907,3.235785,0.06834939,traffic
2004-06-28 04:30:00,439.39462,45.591434,3.8921506,0.10504252,traffic
2004-06-28 05:00:00,439.5228,50.467854,4.3015876,0.105061285,traffic
2004-06-28 05:30:00,438.41068,49.200172,4.384403,0.09769288,traffic
2004-06-28 06:00:00,438.921,55.868813,4.626846,0.091850966,traffic
2004-06-28 06:30:00,443.8413,84.69394,4.183519,0.10496532,traffic
2004-06-28 07:00:00,455.3361,100.719,6.1243443,0.099632405,traffic
2004-06-28 07:30:00,460.1509,116.410904,7.0717683,0.13017741,traffic
2004-06-28 08:00:00,473.84128,134.30827,9.817368,0.10411075,traffic
2004-06-28 08:30:00,486.68338,160.61989,10.783747,0.10465528,traffic
2004-06-28 09:00:00,507.61957,187.75392,12.215736,0.07834573,traffic
2004-06-28 09:30:00,536.3749,228.81155,15.734799,0.08177329,traffic
2004-06-28 10:00:00,560.6716,274.88,20.42787,0.10189069,traffic
2004-06-28 10:30:00,582.2439,328.751,26.32135,0.14162631,traffic
2004-06-28 11:00:00,586.8848,328.10364,29.02824,0.14565429,traffic
2004-06-28 11:30:00,603.50977,349.69156,34.50168,0.14455703,traffic
2004-06-28 12:00:00,612.0534,353.6105,37.93876,0.13466313,traffic
2004-06-28 12:30:00,620.3767,351.8635,40.12259,0.122171596,traffic
2004-06-28 13:00:00,621.39636,354.66537,40.034523,0.14503808,traffic
2004-06-28 13:30:00,621.7435,346.23425,38.419567,0.13350987,traffic
2004-06-28 14:00:00,604.3685,384.49872,39.52338,0.16180393,traffic
2004-06-28 14:30:00,602.40027,323.2725,32.96966,0.16375531,traffic
2004-06-28 15:00:00,594.6585,301.39072,28.931133,0.13356699,traffic
2004-06-28 15:30:00,587.4932,300.35632,27.696077,0.16255248,traffic
2004-06-28 16:00:00,568.94183,281.50848,25.622564,0.2119794,traffic
2004-06-28 16:30:00,557.16614,246.1005,23.453608,0.18654528,traffic
2004-06-28 17:00:00,541.4336,223.4137,23.238422,0.22971201,traffic
2004-06-28 17:30:00,523.7743,191.10765,21.881918,0.23812035,traffic
2004-06-28 18:00:00,503.21957,164.42796,20.436525,0.28487867,traffic
2004-06-28 18:30:00,486.5576,128.23079,18.654535,0.22570585,traffic
2004-06-28 19:00:00,476.60724,111.61501,18.164099,0.21840063,traffic
2004-06-28 19:30:00,465.6495,94.19219,17.072937,0.21493888,traffic
2004-06-28 20:00:00,455.41498,83.69276,16.394669,0.20434773,traffic
2004-06-28 20:30:00,454.3663,76.86625,15.46012,0.12408502,traffic
2004-06-28 21:00:00,449.13098,70.94967,14.879973,0.14380227,traffic
2004-06-28 21:30:00,445.7928,60.33878,14.366458,0.10758371,traffic
2004-06-28 22:00:00,442.3955,51.424156,14.030181,0.08879722,traffic
2004-06-28 22:30:00,437.49445,44.50998,12.72305,0.07411643,traffic
2004-06-28 23:00:00,434.8309,44.874226,12.238264,0.07843019,traffic
2004-06-28 23:30:00,433.98627,43.88406,11.461718,0.061090767,traffic
2004-06-29 00:00:00,434.3023,44.796806,11.207057,0.059194505,traffic
2004-06-29 00:30:00,437.15234,45.166122,11.154177,0.071289174,traffic
2004-06-29 01:00:00,435.73996,43.47209,10.045847,0.08044393,traffic
2004-06-29 01:30:00,434.68707,47.53263,9.554057,0.09284442,traffic
2004-06-29 02:00:00,433.57578,49.464928,8.848174,0.10451483,traffic
2004-06-29 02:30:00,431.5337,42.917053,7.9411945,0.069628865,traffic
2004-06-29 03:00:00,430.58798,39.485844,6.840496,0.054599646,traffic
2004-06-29 03:30:00,430.59814,39.08629,6.378881,0.053105928,traffic
2004-06-29 04:00:00,429.41998,40.76714,6.140589,0.06502925,traffic
2004-06-29 04:30:00,429.1771,40.28673,6.009281,0.05635661,traffic
2004-06-29 05:00:00,430.0926,44.05431,6.4913464,0.071602,traffic
2004-06-29 05:30:00,431.64523,47.62797,6.646726,0.0774025,traffic
2004-06-29 06:00:00,436.05026,60.21268,6.802065,0.078169495,traffic
2004-06-29 06:30:00,442.84146,74.64767,7.281521,0.08317086,traffic
2004-06-29 07:00:00,455.07727,97.77874,9.227514,0.09140442,traffic
2004-06-29 07:30:00,471.61127,127.917274,9.898397,0.08105313,traffic
2004-06-29 08:00:00,492.25854,166.37009,13.508581,0.092437156,traffic
2004-06-29 08:30:00,511.73395,190.8417,15.171562,0.08304437,traffic
2004-06-29 09:00:00,529.292,225.46638,18.282742,0.10831501,traffic
2004-06-29 09:30:00,549.77405,247.46782,22.265816,0.09369423,traffic
2004-06-29 10:00:00,568.68005,267.84424,26.533863,0.07635509,traffic
2004-06-29 10:30:00,583.5714,300.81183,31.135212,0.094727464,traffic
2004-06-29 11:00:00,597.94086,323.66278,35.23598,0.104932465,traffic
2004-06-29 11:30:00,609.0418,340.66296,38.907196,0.10378152,traffic
2004-06-29 12:00:00,614.4615,363.44534,43.023655,0.14002754,traffic
2004-06-29 12:30:00,623.11633,352.4466,43.539314,0.08617978,traffic
2004-06-29 13:00:00,622.37146,358.8251,45.47583,0.11705413,traffic
2004-06-29 13:30:00,623.4349,344.0849,44.518745,0.09804343,traffic
2004-06-29 14:00:00,621.1888,330.74554,43.31594,0.08785939,traffic
2004-06-29 14:30:00,613.9067,315.2448,41.845276,0.09070863,traffic
2004-06-29 15:00:00,603.97577,299.42163,38.45957,0.09666064,traffic
2004-06-29 15:30:00,593.9125,270.6898,34.94185,0.08476105,traffic
2004-06-29 16:00:00,577.7708,253.92126,32.101303,0.111018665,traffic
2004-06-29 16:30:00,565.4827,210.15408,29.44843,0.06270471,traffic
2004-06-29 17:00:00,548.8214,179.82974,29.63056,0.075992174,traffic
2004-06-29 17:30:00,531.4594,148.11316,27.796785,0.0630557,traffic
2004-06-29 18:00:00,513.0651,114.29102,26.502832,0.072640285,traffic
2004-06-29 18:30:00,496.32153,85.150085,24.520758,0.076306134,traffic
2004-06-29 19:00:00,480.59158,61.578648,23.470013,0.09543348,traffic
2004-06-29 19:30:00,468.05316,35.66509,21.15659,0.05985819,traffic
2004-06-29 20:00:00,458.64954,21.036068,18.437595,0.027860517,traffic
2004-06-29 20:30:00,452.8354,14.2373295,17.523,0.017928977,traffic
2004-06-29 21:00:00,447.26047,7.8442893,16.96643,0.020213252,traffic
2004-06-29 21:30:00,442.8463,6.887998,16.836134,0.036745567,traffic
2004-06-29 22:00:00,438.2429,7.451307,15.495472,0.044727735,traffic
2004-06-29 22:30:00,434.5107,12.94535,13.906474,0.05322085,traffic
2004-06-29 23:00:00,431.10226,13.989867,11.896821,0.023823956,traffic
2004-06-29 23:30:00,428.14124,12.867576,10.995023,0.01831535,traffic
2004-06-30 00:00:00,424.9064,17.567232,9.103938,0.014426261,traffic
2004-06-30 00:30:00,419.4538,36.040833,7.944802,0.03659419,traffic
2004-06-30 01:00:00,414.90915,41.565556,6.7615237,0.06364144,traffic
2004-06-30 01:30:00,413.62082,37.96188,6.072735,0.050131798,traffic
2004-06-30 02:00:00,411.3865,36.92487,5.345146,0.05205002,traffic
2004-06-30 02:30:00,409.74155,36.410305,4.4001017,0.061577354,traffic
2004-06-30 03:00:00,407.7325,30.233904,3.856923,0.04191081,traffic
2004-06-30 03:30:00,405.77652,29.95379,3.393254,0.038385138,traffic
2004-06-30 04:00:00,404.39536,27.08862,2.680154,0.035409845,traffic
2004-06-30 04:30:00,403.16006,24.334068,3.2271674,0.021828031,traffic
2004-06-30 05:00:00,405.31335,31.426266,4.144832,0.027268399,traffic
2004-06-30 05:30:00,411.95322,46.686558,4.1174617,0.032191582,traffic
2004-06-30 06:00:00,424.39764,56.451214,4.3261976,0.023636056,traffic
2004-06-30 06:30:00,438.36597,69.21233,4.652932,0.019390639,traffic
2004-06-30 07:00:00,456.33386,89.423035,6.036462,0.024415957,traffic
2004-06-30 07:30:00,473.8454,110.84396,6.4761415,0.016715873,traffic
2004-06-30 08:00:00,496.2646,138.55699,9.903576,0.017590111,traffic
2004-06-30 08:30:00,516.538,155.56523,13.026874,0.01581735,traffic
2004-06-30 09:00:00,537.84625,170.39044,15.341707,0.045903556,traffic
2004-06-30 09:30:00,558.7818,192.91891,19.66699,0.055634387,traffic
2004-06-30 10:00:00,577.26074,224.36595,24.702559,0.07572259,traffic
2004-06-30 10:30:00,594.7382,253.2038,30.654936,0.08217254,traffic
2004-06-30 11:00:00,609.20496,275.12326,36.34318,0.08265055,traffic
2004-06-30 11:30:00,622.1662,288.51733,38.666252,0.06931478,traffic
2004-06-30 12:00:00,630.7822,303.55734,41.37167,0.07906164,traffic
2004-06-30 12:30:00,638.95874,302.54276,41.11365,0.058896914,traffic
2004-06-30 13:00:00,637.8115,314.86987,41.658146,0.10162049,traffic
2004-06-30 13:30:00,637.86743,312.04544,41.659176,0.097179145,traffic
2004-06-30 14:00:00,633.61975,308.92923,41.280735,0.11815659,traffic
2004-06-30 14:30:00,626.1422,298.61688,39.50142,0.1330257,traffic
2004-06-30 15:00:00,617.7418,274.31802,36.473488,0.116121,traffic
2004-06-30 15:30:00,604.1777,260.64435,34.626305,0.15621816,traffic
2004-06-30 16:00:00,586.9636,245.58333,32.840103,0.1952914,traffic
2004-06-30 16:30:00,572.1284,216.09818,30.113842,0.17940691,traffic
2004-06-30 17:00:00,556.3777,184.8746,27.05082,0.17361943,traffic
2004-06-30 17:30:00,538.7124,152.98293,24.82314,0.17903033,traffic
2004-06-30 18:00:00,521.55066,119.91782,21.095982,0.17615099,traffic
2004-06-30 18:30:00,510.1064,101.270744,18.428406,0.18223059,traffic
2004-06-30 19:00:00,494.2637,116.21004,11.41339,0.30373472,traffic
2004-06-30 19:30:00,482.35315,117.40382,10.127375,0.33531308,traffic
2004-06-30 20:00:00,470.31305,110.849785,11.386691,0.35124663,traffic
2004-06-30 20:30:00,460.2379,88.29429,11.210746,0.2497814,traffic
2004-06-30 21:00:00,454.2491,80.22065,16.315928,0.25146478,traffic
2004-06-30 21:30:00,451.95523,72.62138,14.84637,0.15825526,traffic
2004-06-30 22:00:00,440.59207,72.89969,12.916792,0.22617465,traffic
2004-06-30 22:30:00,436.01202,76.57558,11.292054,0.23448674,traffic
2004-06-30 23:00:00,433.85126,68.37287,9.895928,0.14867754,traffic
2004-06-30 23:30:00,434.02438,73.56697,9.506135,0.17215598,traffic
2004-07-01 00:00:00,429.38272,75.08893,8.997065,0.190958,traffic
2004-07-01 00:30:00,428.0443,75.563354,7.8152466,0.16479924,traffic
2004-07-01 01:00:00,427.95218,76.523605,6.1253386,0.17792323,traffic
2004-07-01 01:30:00,428.6809,78.03212,5.2946024,0.17476879,traffic
2004-07-01 02:00:00,427.56992,76.0708,4.401787,0.19281551,traffic
2004-07-01 02:30:00,426.26385,74.75656,4.0192223,0.2044873,traffic
2004-07-01 03:00:00,422.47034,76.23266,2.4930964,0.21959434,traffic
2004-07-01 03:30:00,420.03503,73.782234,2.2070322,0.20861296,traffic
2004-07-01 04:00:00,416.3433,63.597603,2.0632918,0.14679989,traffic
2004-07-01 04:30:00,411.68152,53.96081,1.4338441,0.11037644,traffic
2004-07-01 05:00:00,416.0849,63.729633,0.6539238,0.11011057,traffic
2004-07-01 05:30:00,418.04626,63.439537,0.5576785,0.099676624,traffic
2004-07-01 06:00:00,421.6665,71.78421,1.0876652,0.11079008,traffic
2004-07-01 06:30:00,421.4645,72.86711,0.98417914,0.13660079,traffic
2004-07-01 07:00:00,423.66095,77.38917,2.1457314,0.13880765,traffic
2004-07-01 07:30:00,425.2573,70.67701,2.735314,0.08592775,traffic
2004-07-01 08:00:00,435.83002,91.81501,4.77853,0.07310403,traffic
2004-07-01 08:30:00,448.95074,116.02851,5.8681226,0.071866855,traffic
2004-07-01 09:00:00,463.12598,142.39001,7.560658,0.08599379,traffic
2004-07-01 09:30:00,484.87704,185.08194,10.320584,0.08363739,traffic
2004-07-01 10:00:00,521.6165,260.17886,15.966538,0.10181047,traffic
2004-07-01 10:30:00,532.83655,255.71838,18.279497,0.06526892,traffic
2004-07-01 11:00:00,522.7907,230.88518,18.717808,0.10232051,traffic
2004-07-01 11:30:00,539.55347,257.03305,22.443537,0.09374907,traffic
2004-07-01 12:00:00,533.3622,245.64558,23.068089,0.10581461,traffic
2004-07-01 12:30:00,548.7156,265.6237,27.133137,0.12861152,traffic
2004-07-01 13:00:00,505.3207,189.15916,18.078003,0.1478671,traffic
2004-07-01 13:30:00,525.7718,216.56029,20.687426,0.10657679,traffic
2004-07-01 14:00:00,519.77637,196.4123,19.259863,0.10089586,traffic
2004-07-01 14:30:00,511.94516,183.45982,17.672052,0.101228826,traffic
2004-07-01 15:00:00,509.29126,170.8789,16.833807,0.101745546,traffic
2004-07-01 15:30:00,490.2524,144.96744,14.949662,0.13518684,traffic
2004-07-01 16:00:00,480.2455,118.606636,13.347123,0.13444313,traffic
2004-07-01 16:30:00,476.4334,112.82227,11.662971,0.11295549,traffic
2004-07-01 17:00:00,476.49945,117.34839,11.623856,0.13498092,traffic
2004-07-01 17:30:00,474.09457,111.306564,11.414755,0.13776329,traffic
2004-07-01 18:00:00,465.3004,96.624596,10.410516,0.17335019,traffic
2004-07-01 18:30:00,457.6856,81.47223,10.007529,0.18692522,traffic
2004-07-01 19:00:00,449.4354,70.84019,9.310278,0.21590973,traffic
2004-07-01 19:30:00,442.84286,57.160748,7.024386,0.170151,traffic
2004-07-01 20:00:00,436.74527,49.31484,5.8440475,0.16104254,traffic
2004-07-01 20:30:00,433.9773,46.419235,5.5284367,0.15428627,traffic
2004-07-01 21:00:00,432.40112,42.875137,5.764425,0.14354087,traffic
2004-07-01 21:30:00,430.96506,44.457638,8.564163,0.16739023,traffic
2004-07-01 22:00:00,428.47903,43.361588,8.934498,0.17289397,traffic
2004-07-01 22:30:00,426.50873,47.972485,8.302788,0.20595376,traffic
2004-07-01 23:00:00,424.38028,50.46152,7.562075,0.2060138,traffic
2004-07-01 23:30:00,420.3269,53.91935,7.5095453,0.23003078,traffic
2004-07-02 00:00:00,415.95895,55.36203,7.193425,0.26639083,traffic
2004-07-02 00:30:00,407.29947,47.443703,6.1886277,0.23079649,traffic
2004-07-02 01:00:00,403.9688,42.81509,4.3714256,0.14938189,traffic
2004-07-02 01:30:00,402.07568,43.10707,3.7499437,0.12853447,traffic
2004-07-02 02:00:00,399.618,44.18066,3.0113637,0.14625703,traffic
2004-07-02 02:30:00,400.19,42.43516,2.356339,0.101981446,traffic
2004-07-02 03:00:00,396.6891,39.21095,1.4300072,0.11688353,traffic
2004-07-02 03:30:00,390.65308,31.760311,0.8058425,0.09401893,traffic
2004-07-02 04:00:00,388.85474,25.371553,0.31115323,0.059363503,traffic
2004-07-02 04:30:00,387.01355,24.535067,-0.040764075,0.0641679,traffic
2004-07-02 05:00:00,395.56158,40.791794,0.0,0.07389261,traffic
2004-07-02 05:30:00,396.9807,40.77784,6.3793884e-15,0.080170654,traffic
2004-07-02 06:00:00,406.18896,58.641727,0.0,0.07172015,traffic
2004-07-02 06:30:00,420.8548,80.633064,1.2304925,0.07048519,traffic
2004-07-02 07:00:00,427.64255,87.56183,2.4687088,0.100662366,traffic
2004-07-02 07:30:00,450.53384,129.39743,3.1097114,0.10683451,traffic
2004-07-02 08:00:00,460.00726,170.90128,7.2887025,0.19485697,traffic
2004-07-02 08:30:00,475.48257,184.29758,8.974351,0.12693901,traffic
2004-07-02 09:00:00,483.83026,191.3419,10.679071,0.12848587,traffic
2004-07-02 09:30:00,494.9638,206.32507,12.977929,0.12287994,traffic
2004-07-02 10:00:00,488.9259,194.77556,14.103314,0.1394635,traffic
2004-07-02 10:30:00,505.0975,226.78484,18.48713,0.1485448,traffic
2004-07-02 11:00:00,531.2522,277.03268,23.542843,0.14381653,traffic
2004-07-02 11:30:00,525.14703,246.71307,23.33354,0.14379284,traffic
2004-07-02 12:00:00,555.7228,317.643,30.409864,0.1604276,traffic
2004-07-02 12:30:00,551.35846,291.90457,29.546782,0.14711377,traffic
2004-07-02 13:00:00,575.19775,353.30487,34.182236,0.18912525,traffic
2004-07-02 13:30:00,543.35223,282.28998,28.319725,0.18672754,traffic
2004-07-02 14:00:00,566.27356,338.4535,32.715557,0.22445048,traffic
2004-07-02 14:30:00,548.00336,290.35376,28.604609,0.22334182,traffic
2004-07-02 15:00:00,532.27545,239.41904,24.423037,0.17447826,traffic
2004-07-02 15:30:00,502.13797,191.09793,21.473022,0.23282056,traffic
2004-07-02 16:00:00,513.2907,205.04779,20.804052,0.2118806,traffic
2004-07-02 16:30:00,520.70435,211.20805,20.605064,0.19968349,traffic
2004-07-02 17:00:00,497.41302,155.34787,18.902826,0.19044363,traffic
2004-07-02 17:30:00,483.5273,133.72618,17.313005,0.20235321,traffic
2004-07-02 18:00:00,470.57513,114.852974,15.511608,0.22927974,traffic
2004-07-02 18:30:00,463.3172,94.083984,15.474437,0.23347297,traffic
2004-07-02 19:00:00,448.9243,58.291706,12.713775,0.16249286,traffic
2004-07-02 19:30:00,438.43732,39.402855,11.006604,0.11471832,traffic
2004-07-02 20:00:00,430.19257,30.623161,9.977578,0.11798928,traffic
2004-07-02 20:30:00,425.6374,29.05013,8.902962,0.11212509,traffic
2004-07-02 21:00:00,420.1108,29.8967,7.5686116,0.13074775,traffic
2004-07-02 21:30:00,415.68216,33.004055,6.4851875,0.14195588,traffic
2004-07-02 22:00:00,412.72357,33.149384,5.4542737,0.12726006,traffic
2004-07-02 22:30:00,408.92737,28.145472,4.7874846,0.092540845,traffic
2004-07-02 23:00:00,405.72034,29.18749,4.7257895,0.10807367,traffic
2004-07-02 23:30:00,404.11996,28.548008,4.5316296,0.07527143,traffic
2004-07-03 00:00:00,403.95065,29.980858,4.6276846,0.07768745,traffic
2004-07-03 00:30:00,402.15448,29.593634,4.4694433,0.09686127,traffic
2004-07-03 01:00:00,398.22086,22.005281,3.285244,0.07307326,traffic
2004-07-03 01:30:00,396.557,21.26645,2.9326012,0.07836999,traffic
2004-07-03 02:00:00,395.4984,19.01817,2.4281194,0.05689178,traffic
2004-07-03 02:30:00,393.78485,15.704585,1.9455553,0.036387414,traffic
2004-07-03 03:00:00,392.16187,16.205523,1.3528867,0.04108447,traffic
2004-07-03 03:30:00,389.8253,14.049283,1.1258153,0.036973316,traffic
2004-07-03 04:00:00,386.8153,10.372348,0.8037309,0.029880738,traffic
2004-07-03 04:30:00,385.33704,11.265656,0.5274766,0.03943613,traffic
2004-07-03 05:00:00,387.60208,18.467232,0.5357442,0.037830774,traffic
2004-07-03 05:30:00,393.65802,34.62192,0.7242834,0.058396555,traffic
2004-07-03 06:00:00,404.77048,55.943314,1.411872,0.062231693,traffic
2004-07-03 06:30:00,418.06686,77.22276,1.9894323,0.054237586,traffic
2004-07-03 07:00:00,434.43314,108.22663,3.7906826,0.06487606,traffic
2004-07-03 07:30:00,450.93967,137.721,4.814558,0.07136717,traffic
2004-07-03 08:00:00,469.7236,187.39058,8.290239,0.11545934,traffic
2004-07-03 08:30:00,488.06183,212.13675,11.060604,0.093223624,traffic
2004-07-03 09:00:00,504.96973,242.71616,14.184664,0.10145547,traffic
2004-07-03 09:30:00,526.6556,276.9969,17.255505,0.09776632,traffic
2004-07-03 10:00:00,540.6472,295.2782,19.188643,0.08523757,traffic
2004-07-03 10:30:00,567.90875,338.282,23.886045,0.08303727,traffic
2004-07-03 11:00:00,555.5092,309.48376,24.833826,0.09980446,traffic
2004-07-03 11:30:00,580.4944,360.9792,30.945133,0.100362614,traffic
2004-07-03 12:00:00,573.91364,357.18408,32.59954,0.14003745,traffic
2004-07-03 12:30:00,592.3801,368.11133,35.3171,0.09412965,traffic
2004-07-03 13:00:00,592.37195,367.77106,35.553204,0.10392621,traffic
2004-07-03 13:30:00,592.64935,360.77136,34.56751,0.10355843,traffic
2004-07-03 14:00:00,587.3737,358.67426,33.1195,0.11854257,traffic
2004-07-03 14:30:00,580.0631,344.1419,30.387522,0.12419465,traffic
2004-07-03 15:00:00,570.8033,325.3761,27.030024,0.1153764,traffic
2004-07-03 15:30:00,560.2703,301.81473,24.802504,0.11982798,traffic
2004-07-03 16:00:00,546.4495,270.18222,22.593958,0.1220519,traffic
2004-07-03 16:30:00,531.2453,244.2837,21.219,0.13770801,traffic
2004-07-03 17:00:00,517.44025,203.27736,20.13182,0.11599338,traffic
2004-07-03 17:30:00,499.84512,173.92422,19.001566,0.14429556,traffic
2004-07-03 18:00:00,482.72754,134.42082,17.308025,0.12881938,traffic
2004-07-03 18:30:00,467.09738,97.85972,16.052118,0.11478475,traffic
2004-07-03 19:00:00,453.93246,69.29759,14.705511,0.11252307,traffic
2004-07-03 19:30:00,443.15442,49.298954,12.572035,0.10039835,traffic
2004-07-03 20:00:00,435.2342,34.699577,10.650813,0.06821738,traffic
2004-07-03 20:30:00,430.28015,26.937717,9.770027,0.047678802,traffic
2004-07-03 21:00:00,425.7604,18.32902,9.2536,0.03965509,traffic
2004-07-03 21:30:00,422.30222,14.570434,8.75961,0.031969413,traffic
2004-07-03 22:00:00,418.8146,9.710143,7.79156,0.022050206,traffic
2004-07-03 22:30:00,416.88992,4.14884,7.43289,0.014826037,traffic
2004-07-03 23:00:00,413.0765,10.653533,6.631376,0.019336127,traffic
2004-07-03 23:30:00,410.4326,13.820577,5.839491,0.0243548,traffic
2004-07-04 00:00:00,407.69165,15.936952,5.0484066,0.0155782765,traffic
